CNPJ_CIA;DT_REFER;VERSAO;DENOM_CIA;CD_CVM;GRUPO_DFP;MOEDA;ESCALA_MOEDA;ORDEM_EXERC;DT_INI_EXERC;DT_FIM_EXERC;CD_CONTA;DS_CONTA;VL_CONTA;ST_CONTA_FIXA
02.635.522/0001-95;2025-03-31;1;JALLES MACHADO S.A.;025496;DF Individual - Demonstração do Resultado;REAL;MIL;PENÚLTIMO;2023-04-01;2024-03-31;3.01;Receita de Venda de Bens e/ou Serviços;1407912.0000000000;S
02.635.522/0001-95;2025-03-31;1;JALLES MACHADO S.A.;025496;DF Individual - Demonstração do Resultado;REAL;MIL;ÚLTIMO;2024-04-01;2025-03-31;3.01;Receita de Venda de Bens e/ou Serviços;1709298.0000000000;S
02.635.522/0001-95;2025-03-31;1;JALLES MACHADO S.A.;025496;DF Individual - Demonstração do Resultado;REAL;MIL;PENÚLTIMO;2023-04-01;2024-03-31;3.02;Custo dos Bens e/ou Serviços Vendidos;-1064813.0000000000;S
02.635.522/0001-95;2025-03-31;1;JALLES MACHADO S.A.;025496;DF Individual - Demonstração do Resultado;REAL;MIL;ÚLTIMO;2024-04-01;2025-03-31;3.02;Custo dos Bens e/ou Serviços Vendidos;-1153061.0000000000;S
02.635.522/0001-95;2025-03-31;1;JALLES MACHADO S.A.;025496;DF Individual - Demonstração do Resultado;REAL;MIL;PENÚLTIMO;2023-04-01;2024-03-31;3.02.01;Custo das vendas e serviços;-1001857.0000000000;N
02.635.522/0001-95;2025-03-31;1;JALLES MACHADO S.A.;025496;DF Individual - Demonstração do Resultado;REAL;MIL;ÚLTIMO;2024-04-01;2025-03-31;3.02.01;Custo das vendas e serviços;-1189729.0000000000;N
02.635.522/0001-95;2025-03-31;1;JALLES MACHADO S.A.;025496;DF Individual - Demonstração do Resultado;REAL;MIL;PENÚLTIMO;2023-04-01;2024-03-31;3.02.02;Variação do valor justo do ativo biológico;-62956.0000000000;N
02.635.522/0001-95;2025-03-31;1;JALLES MACHADO S.A.;025496;DF Individual - Demonstração do Resultado;REAL;MIL;ÚLTIMO;2024-04-01;2025-03-31;3.02.02;Variação do valor justo do ativo biológico;36668.0000000000;N
02.635.522/0001-95;2025-03-31;1;JALLES MACHADO S.A.;025496;DF Individual - Demonstração do Resultado;REAL;MIL;PENÚLTIMO;2023-04-01;2024-03-31;3.03;Resultado Bruto;343099.0000000000;S
02.635.522/0001-95;2025-03-31;1;JALLES MACHADO S.A.;025496;DF Individual - Demonstração do Resultado;REAL;MIL;ÚLTIMO;2024-04-01;2025-03-31;3.03;Resultado Bruto;556237.0000000000;S
02.635.522/0001-95;2025-03-31;1;JALLES MACHADO S.A.;025496;DF Individual - Demonstração do Resultado;REAL;MIL;PENÚLTIMO;2023-04-01;2024-03-31;3.04;Despesas/Receitas Operacionais;-30522.0000000000;S
02.635.522/0001-95;2025-03-31;1;JALLES MACHADO S.A.;025496;DF Individual - Demonstração do Resultado;REAL;MIL;ÚLTIMO;2024-04-01;2025-03-31;3.04;Despesas/Receitas Operacionais;-148019.0000000000;S
02.635.522/0001-95;2025-03-31;1;JALLES MACHADO S.A.;025496;DF Individual - Demonstração do Resultado;REAL;MIL;PENÚLTIMO;2023-04-01;2024-03-31;3.04.01;Despesas com Vendas;-133804.0000000000;S
02.635.522/0001-95;2025-03-31;1;JALLES MACHADO S.A.;025496;DF Individual - Demonstração do Resultado;REAL;MIL;ÚLTIMO;2024-04-01;2025-03-31;3.04.01;Despesas com Vendas;-177089.0000000000;S
02.635.522/0001-95;2025-03-31;1;JALLES MACHADO S.A.;025496;DF Individual - Demonstração do Resultado;REAL;MIL;PENÚLTIMO;2023-04-01;2024-03-31;3.04.02;Despesas Gerais e Administrativas;-116878.0000000000;S
02.635.522/0001-95;2025-03-31;1;JALLES MACHADO S.A.;025496;DF Individual - Demonstração do Resultado;REAL;MIL;ÚLTIMO;2024-04-01;2025-03-31;3.04.02;Despesas Gerais e Administrativas;-106733.0000000000;S
02.635.522/0001-95;2025-03-31;1;JALLES MACHADO S.A.;025496;DF Individual - Demonstração do Resultado;REAL;MIL;PENÚLTIMO;2023-04-01;2024-03-31;3.04.03;Perdas pela Não Recuperabilidade de Ativos;-2002.0000000000;S
02.635.522/0001-95;2025-03-31;1;JALLES MACHADO S.A.;025496;DF Individual - Demonstração do Resultado;REAL;MIL;ÚLTIMO;2024-04-01;2025-03-31;3.04.03;Perdas pela Não Recuperabilidade de Ativos;-28.0000000000;S
02.635.522/0001-95;2025-03-31;1;JALLES MACHADO S.A.;025496;DF Individual - Demonstração do Resultado;REAL;MIL;PENÚLTIMO;2023-04-01;2024-03-31;3.04.04;Outras Receitas Operacionais;136506.0000000000;S
02.635.522/0001-95;2025-03-31;1;JALLES MACHADO S.A.;025496;DF Individual - Demonstração do Resultado;REAL;MIL;ÚLTIMO;2024-04-01;2025-03-31;3.04.04;Outras Receitas Operacionais;162297.0000000000;S
02.635.522/0001-95;2025-03-31;1;JALLES MACHADO S.A.;025496;DF Individual - Demonstração do Resultado;REAL;MIL;PENÚLTIMO;2023-04-01;2024-03-31;3.04.05;Outras Despesas Operacionais;-10608.0000000000;S
02.635.522/0001-95;2025-03-31;1;JALLES MACHADO S.A.;025496;DF Individual - Demonstração do Resultado;REAL;MIL;ÚLTIMO;2024-04-01;2025-03-31;3.04.05;Outras Despesas Operacionais;-24193.0000000000;S
02.635.522/0001-95;2025-03-31;1;JALLES MACHADO S.A.;025496;DF Individual - Demonstração do Resultado;REAL;MIL;PENÚLTIMO;2023-04-01;2024-03-31;3.04.06;Resultado de Equivalência Patrimonial;96264.0000000000;S
02.635.522/0001-95;2025-03-31;1;JALLES MACHADO S.A.;025496;DF Individual - Demonstração do Resultado;REAL;MIL;ÚLTIMO;2024-04-01;2025-03-31;3.04.06;Resultado de Equivalência Patrimonial;-2273.0000000000;S
02.635.522/0001-95;2025-03-31;1;JALLES MACHADO S.A.;025496;DF Individual - Demonstração do Resultado;REAL;MIL;PENÚLTIMO;2023-04-01;2024-03-31;3.05;Resultado Antes do Resultado Financeiro e dos Tributos;312577.0000000000;S
02.635.522/0001-95;2025-03-31;1;JALLES MACHADO S.A.;025496;DF Individual - Demonstração do Resultado;REAL;MIL;ÚLTIMO;2024-04-01;2025-03-31;3.05;Resultado Antes do Resultado Financeiro e dos Tributos;408218.0000000000;S
02.635.522/0001-95;2025-03-31;1;JALLES MACHADO S.A.;025496;DF Individual - Demonstração do Resultado;REAL;MIL;PENÚLTIMO;2023-04-01;2024-03-31;3.06;Resultado Financeiro;-302139.0000000000;S
02.635.522/0001-95;2025-03-31;1;JALLES MACHADO S.A.;025496;DF Individual - Demonstração do Resultado;REAL;MIL;ÚLTIMO;2024-04-01;2025-03-31;3.06;Resultado Financeiro;-574278.0000000000;S
02.635.522/0001-95;2025-03-31;1;JALLES MACHADO S.A.;025496;DF Individual - Demonstração do Resultado;REAL;MIL;PENÚLTIMO;2023-04-01;2024-03-31;3.06.01;Receitas Financeiras;135448.0000000000;S
02.635.522/0001-95;2025-03-31;1;JALLES MACHADO S.A.;025496;DF Individual - Demonstração do Resultado;REAL;MIL;ÚLTIMO;2024-04-01;2025-03-31;3.06.01;Receitas Financeiras;146036.0000000000;S
02.635.522/0001-95;2025-03-31;1;JALLES MACHADO S.A.;025496;DF Individual - Demonstração do Resultado;REAL;MIL;PENÚLTIMO;2023-04-01;2024-03-31;3.06.01.01;Receitas Financeiras;132217.0000000000;N
02.635.522/0001-95;2025-03-31;1;JALLES MACHADO S.A.;025496;DF Individual - Demonstração do Resultado;REAL;MIL;ÚLTIMO;2024-04-01;2025-03-31;3.06.01.01;Receitas Financeiras;146036.0000000000;N
02.635.522/0001-95;2025-03-31;1;JALLES MACHADO S.A.;025496;DF Individual - Demonstração do Resultado;REAL;MIL;PENÚLTIMO;2023-04-01;2024-03-31;3.06.01.02;Variações monetárias e cambiais líquidas;3231.0000000000;N
02.635.522/0001-95;2025-03-31;1;JALLES MACHADO S.A.;025496;DF Individual - Demonstração do Resultado;REAL;MIL;ÚLTIMO;2024-04-01;2025-03-31;3.06.01.02;Variações monetárias e cambiais líquidas;0.0000000000;N
02.635.522/0001-95;2025-03-31;1;JALLES MACHADO S.A.;025496;DF Individual - Demonstração do Resultado;REAL;MIL;PENÚLTIMO;2023-04-01;2024-03-31;3.06.02;Despesas Financeiras;-437587.0000000000;S
02.635.522/0001-95;2025-03-31;1;JALLES MACHADO S.A.;025496;DF Individual - Demonstração do Resultado;REAL;MIL;ÚLTIMO;2024-04-01;2025-03-31;3.06.02;Despesas Financeiras;-720314.0000000000;S
02.635.522/0001-95;2025-03-31;1;JALLES MACHADO S.A.;025496;DF Individual - Demonstração do Resultado;REAL;MIL;PENÚLTIMO;2023-04-01;2024-03-31;3.06.02.01;Despesas Financeiras;-333604.0000000000;N
02.635.522/0001-95;2025-03-31;1;JALLES MACHADO S.A.;025496;DF Individual - Demonstração do Resultado;REAL;MIL;ÚLTIMO;2024-04-01;2025-03-31;3.06.02.01;Despesas Financeiras;-468235.0000000000;N
02.635.522/0001-95;2025-03-31;1;JALLES MACHADO S.A.;025496;DF Individual - Demonstração do Resultado;REAL;MIL;PENÚLTIMO;2023-04-01;2024-03-31;3.06.02.02;Variações monetárias e cambiais líquidas;0.0000000000;N
02.635.522/0001-95;2025-03-31;1;JALLES MACHADO S.A.;025496;DF Individual - Demonstração do Resultado;REAL;MIL;ÚLTIMO;2024-04-01;2025-03-31;3.06.02.02;Variações monetárias e cambiais líquidas;-11120.0000000000;N
02.635.522/0001-95;2025-03-31;1;JALLES MACHADO S.A.;025496;DF Individual - Demonstração do Resultado;REAL;MIL;PENÚLTIMO;2023-04-01;2024-03-31;3.06.02.03;Instrumentos derivativos líquidos;-103983.0000000000;N
02.635.522/0001-95;2025-03-31;1;JALLES MACHADO S.A.;025496;DF Individual - Demonstração do Resultado;REAL;MIL;ÚLTIMO;2024-04-01;2025-03-31;3.06.02.03;Instrumentos derivativos líquidos;-240959.0000000000;N
02.635.522/0001-95;2025-03-31;1;JALLES MACHADO S.A.;025496;DF Individual - Demonstração do Resultado;REAL;MIL;PENÚLTIMO;2023-04-01;2024-03-31;3.07;Resultado Antes dos Tributos sobre o Lucro;10438.0000000000;S
02.635.522/0001-95;2025-03-31;1;JALLES MACHADO S.A.;025496;DF Individual - Demonstração do Resultado;REAL;MIL;ÚLTIMO;2024-04-01;2025-03-31;3.07;Resultado Antes dos Tributos sobre o Lucro;-166060.0000000000;S
02.635.522/0001-95;2025-03-31;1;JALLES MACHADO S.A.;025496;DF Individual - Demonstração do Resultado;REAL;MIL;PENÚLTIMO;2023-04-01;2024-03-31;3.08;Imposto de Renda e Contribuição Social sobre o Lucro;74680.0000000000;S
02.635.522/0001-95;2025-03-31;1;JALLES MACHADO S.A.;025496;DF Individual - Demonstração do Resultado;REAL;MIL;ÚLTIMO;2024-04-01;2025-03-31;3.08;Imposto de Renda e Contribuição Social sobre o Lucro;110110.0000000000;S
02.635.522/0001-95;2025-03-31;1;JALLES MACHADO S.A.;025496;DF Individual - Demonstração do Resultado;REAL;MIL;PENÚLTIMO;2023-04-01;2024-03-31;3.08.01;Corrente;0.0000000000;S
02.635.522/0001-95;2025-03-31;1;JALLES MACHADO S.A.;025496;DF Individual - Demonstração do Resultado;REAL;MIL;ÚLTIMO;2024-04-01;2025-03-31;3.08.01;Corrente;-39615.0000000000;S
02.635.522/0001-95;2025-03-31;1;JALLES MACHADO S.A.;025496;DF Individual - Demonstração do Resultado;REAL;MIL;PENÚLTIMO;2023-04-01;2024-03-31;3.08.02;Diferido;74680.0000000000;S
02.635.522/0001-95;2025-03-31;1;JALLES MACHADO S.A.;025496;DF Individual - Demonstração do Resultado;REAL;MIL;ÚLTIMO;2024-04-01;2025-03-31;3.08.02;Diferido;149725.0000000000;S
02.635.522/0001-95;2025-03-31;1;JALLES MACHADO S.A.;025496;DF Individual - Demonstração do Resultado;REAL;MIL;PENÚLTIMO;2023-04-01;2024-03-31;3.09;Resultado Líquido das Operações Continuadas;85118.0000000000;S
02.635.522/0001-95;2025-03-31;1;JALLES MACHADO S.A.;025496;DF Individual - Demonstração do Resultado;REAL;MIL;ÚLTIMO;2024-04-01;2025-03-31;3.09;Resultado Líquido das Operações Continuadas;-55950.0000000000;S
02.635.522/0001-95;2025-03-31;1;JALLES MACHADO S.A.;025496;DF Individual - Demonstração do Resultado;REAL;MIL;PENÚLTIMO;2023-04-01;2024-03-31;3.10;Resultado Líquido de Operações Descontinuadas;0.0000000000;S
02.635.522/0001-95;2025-03-31;1;JALLES MACHADO S.A.;025496;DF Individual - Demonstração do Resultado;REAL;MIL;ÚLTIMO;2024-04-01;2025-03-31;3.10;Resultado Líquido de Operações Descontinuadas;0.0000000000;S
02.635.522/0001-95;2025-03-31;1;JALLES MACHADO S.A.;025496;DF Individual - Demonstração do Resultado;REAL;MIL;PENÚLTIMO;2023-04-01;2024-03-31;3.10.01;Lucro/Prejuízo Líquido das Operações Descontinuadas;0.0000000000;S
02.635.522/0001-95;2025-03-31;1;JALLES MACHADO S.A.;025496;DF Individual - Demonstração do Resultado;REAL;MIL;ÚLTIMO;2024-04-01;2025-03-31;3.10.01;Lucro/Prejuízo Líquido das Operações Descontinuadas;0.0000000000;S
02.635.522/0001-95;2025-03-31;1;JALLES MACHADO S.A.;025496;DF Individual - Demonstração do Resultado;REAL;MIL;PENÚLTIMO;2023-04-01;2024-03-31;3.10.02;Ganhos/Perdas Líquidas sobre Ativos de Operações Descontinuadas;0.0000000000;S
02.635.522/0001-95;2025-03-31;1;JALLES MACHADO S.A.;025496;DF Individual - Demonstração do Resultado;REAL;MIL;ÚLTIMO;2024-04-01;2025-03-31;3.10.02;Ganhos/Perdas Líquidas sobre Ativos de Operações Descontinuadas;0.0000000000;S
02.635.522/0001-95;2025-03-31;1;JALLES MACHADO S.A.;025496;DF Individual - Demonstração do Resultado;REAL;MIL;PENÚLTIMO;2023-04-01;2024-03-31;3.11;Lucro/Prejuízo do Período;85118.0000000000;S
02.635.522/0001-95;2025-03-31;1;JALLES MACHADO S.A.;025496;DF Individual - Demonstração do Resultado;REAL;MIL;ÚLTIMO;2024-04-01;2025-03-31;3.11;Lucro/Prejuízo do Período;-55950.0000000000;S
02.635.522/0001-95;2025-03-31;1;JALLES MACHADO S.A.;025496;DF Individual - Demonstração do Resultado;REAL;MIL;PENÚLTIMO;2023-04-01;2024-03-31;3.99;Lucro por Ação - (Reais / Ação);0.0000000000;N
02.635.522/0001-95;2025-03-31;1;JALLES MACHADO S.A.;025496;DF Individual - Demonstração do Resultado;REAL;MIL;ÚLTIMO;2024-04-01;2025-03-31;3.99;Lucro por Ação - (Reais / Ação);0.0000000000;N
02.635.522/0001-95;2025-03-31;1;JALLES MACHADO S.A.;025496;DF Individual - Demonstração do Resultado;REAL;MIL;PENÚLTIMO;2023-04-01;2024-03-31;3.99.01;Lucro Básico por Ação;0.0000000000;N
02.635.522/0001-95;2025-03-31;1;JALLES MACHADO S.A.;025496;DF Individual - Demonstração do Resultado;REAL;MIL;ÚLTIMO;2024-04-01;2025-03-31;3.99.01;Lucro Básico por Ação;0.0000000000;N
02.635.522/0001-95;2025-03-31;1;JALLES MACHADO S.A.;025496;DF Individual - Demonstração do Resultado;REAL;MIL;PENÚLTIMO;2023-04-01;2024-03-31;3.99.02;Lucro Diluído por Ação;0.0000000000;N
02.635.522/0001-95;2025-03-31;1;JALLES MACHADO S.A.;025496;DF Individual - Demonstração do Resultado;REAL;MIL;ÚLTIMO;2024-04-01;2025-03-31;3.99.02;Lucro Diluído por Ação;0.0000000000;N
06.981.381/0001-13;2025-03-31;1;CTC - CENTRO DE TECNOLOGIA CANAVIEIRA S.A.;023981;DF Individual - Demonstração do Resultado;REAL;MIL;PENÚLTIMO;2023-04-01;2024-03-31;3.01;Receita de Venda de Bens e/ou Serviços;382068.0000000000;S
06.981.381/0001-13;2025-03-31;1;CTC - CENTRO DE TECNOLOGIA CANAVIEIRA S.A.;023981;DF Individual - Demonstração do Resultado;REAL;MIL;ÚLTIMO;2024-04-01;2025-03-31;3.01;Receita de Venda de Bens e/ou Serviços;422648.0000000000;S
06.981.381/0001-13;2025-03-31;1;CTC - CENTRO DE TECNOLOGIA CANAVIEIRA S.A.;023981;DF Individual - Demonstração do Resultado;REAL;MIL;PENÚLTIMO;2023-04-01;2024-03-31;3.02;Custo dos Bens e/ou Serviços Vendidos;-121645.0000000000;S
06.981.381/0001-13;2025-03-31;1;CTC - CENTRO DE TECNOLOGIA CANAVIEIRA S.A.;023981;DF Individual - Demonstração do Resultado;REAL;MIL;ÚLTIMO;2024-04-01;2025-03-31;3.02;Custo dos Bens e/ou Serviços Vendidos;-135641.0000000000;S
06.981.381/0001-13;2025-03-31;1;CTC - CENTRO DE TECNOLOGIA CANAVIEIRA S.A.;023981;DF Individual - Demonstração do Resultado;REAL;MIL;PENÚLTIMO;2023-04-01;2024-03-31;3.03;Resultado Bruto;260423.0000000000;S
06.981.381/0001-13;2025-03-31;1;CTC - CENTRO DE TECNOLOGIA CANAVIEIRA S.A.;023981;DF Individual - Demonstração do Resultado;REAL;MIL;ÚLTIMO;2024-04-01;2025-03-31;3.03;Resultado Bruto;287007.0000000000;S
06.981.381/0001-13;2025-03-31;1;CTC - CENTRO DE TECNOLOGIA CANAVIEIRA S.A.;023981;DF Individual - Demonstração do Resultado;REAL;MIL;PENÚLTIMO;2023-04-01;2024-03-31;3.04;Despesas/Receitas Operacionais;-109738.0000000000;S
06.981.381/0001-13;2025-03-31;1;CTC - CENTRO DE TECNOLOGIA CANAVIEIRA S.A.;023981;DF Individual - Demonstração do Resultado;REAL;MIL;ÚLTIMO;2024-04-01;2025-03-31;3.04;Despesas/Receitas Operacionais;-154507.0000000000;S
06.981.381/0001-13;2025-03-31;1;CTC - CENTRO DE TECNOLOGIA CANAVIEIRA S.A.;023981;DF Individual - Demonstração do Resultado;REAL;MIL;PENÚLTIMO;2023-04-01;2024-03-31;3.04.01;Despesas com Vendas;0.0000000000;S
06.981.381/0001-13;2025-03-31;1;CTC - CENTRO DE TECNOLOGIA CANAVIEIRA S.A.;023981;DF Individual - Demonstração do Resultado;REAL;MIL;ÚLTIMO;2024-04-01;2025-03-31;3.04.01;Despesas com Vendas;0.0000000000;S
06.981.381/0001-13;2025-03-31;1;CTC - CENTRO DE TECNOLOGIA CANAVIEIRA S.A.;023981;DF Individual - Demonstração do Resultado;REAL;MIL;PENÚLTIMO;2023-04-01;2024-03-31;3.04.02;Despesas Gerais e Administrativas;-109935.0000000000;S
06.981.381/0001-13;2025-03-31;1;CTC - CENTRO DE TECNOLOGIA CANAVIEIRA S.A.;023981;DF Individual - Demonstração do Resultado;REAL;MIL;ÚLTIMO;2024-04-01;2025-03-31;3.04.02;Despesas Gerais e Administrativas;-126874.0000000000;S
06.981.381/0001-13;2025-03-31;1;CTC - CENTRO DE TECNOLOGIA CANAVIEIRA S.A.;023981;DF Individual - Demonstração do Resultado;REAL;MIL;PENÚLTIMO;2023-04-01;2024-03-31;3.04.03;Perdas pela Não Recuperabilidade de Ativos;0.0000000000;S
06.981.381/0001-13;2025-03-31;1;CTC - CENTRO DE TECNOLOGIA CANAVIEIRA S.A.;023981;DF Individual - Demonstração do Resultado;REAL;MIL;ÚLTIMO;2024-04-01;2025-03-31;3.04.03;Perdas pela Não Recuperabilidade de Ativos;0.0000000000;S
06.981.381/0001-13;2025-03-31;1;CTC - CENTRO DE TECNOLOGIA CANAVIEIRA S.A.;023981;DF Individual - Demonstração do Resultado;REAL;MIL;PENÚLTIMO;2023-04-01;2024-03-31;3.04.04;Outras Receitas Operacionais;0.0000000000;S
06.981.381/0001-13;2025-03-31;1;CTC - CENTRO DE TECNOLOGIA CANAVIEIRA S.A.;023981;DF Individual - Demonstração do Resultado;REAL;MIL;ÚLTIMO;2024-04-01;2025-03-31;3.04.04;Outras Receitas Operacionais;0.0000000000;S
06.981.381/0001-13;2025-03-31;1;CTC - CENTRO DE TECNOLOGIA CANAVIEIRA S.A.;023981;DF Individual - Demonstração do Resultado;REAL;MIL;PENÚLTIMO;2023-04-01;2024-03-31;3.04.05;Outras Despesas Operacionais;5642.0000000000;S
06.981.381/0001-13;2025-03-31;1;CTC - CENTRO DE TECNOLOGIA CANAVIEIRA S.A.;023981;DF Individual - Demonstração do Resultado;REAL;MIL;ÚLTIMO;2024-04-01;2025-03-31;3.04.05;Outras Despesas Operacionais;-21787.0000000000;S
06.981.381/0001-13;2025-03-31;1;CTC - CENTRO DE TECNOLOGIA CANAVIEIRA S.A.;023981;DF Individual - Demonstração do Resultado;REAL;MIL;PENÚLTIMO;2023-04-01;2024-03-31;3.04.06;Resultado de Equivalência Patrimonial;-5445.0000000000;S
06.981.381/0001-13;2025-03-31;1;CTC - CENTRO DE TECNOLOGIA CANAVIEIRA S.A.;023981;DF Individual - Demonstração do Resultado;REAL;MIL;ÚLTIMO;2024-04-01;2025-03-31;3.04.06;Resultado de Equivalência Patrimonial;-5846.0000000000;S
06.981.381/0001-13;2025-03-31;1;CTC - CENTRO DE TECNOLOGIA CANAVIEIRA S.A.;023981;DF Individual - Demonstração do Resultado;REAL;MIL;PENÚLTIMO;2023-04-01;2024-03-31;3.05;Resultado Antes do Resultado Financeiro e dos Tributos;150685.0000000000;S
06.981.381/0001-13;2025-03-31;1;CTC - CENTRO DE TECNOLOGIA CANAVIEIRA S.A.;023981;DF Individual - Demonstração do Resultado;REAL;MIL;ÚLTIMO;2024-04-01;2025-03-31;3.05;Resultado Antes do Resultado Financeiro e dos Tributos;132500.0000000000;S
06.981.381/0001-13;2025-03-31;1;CTC - CENTRO DE TECNOLOGIA CANAVIEIRA S.A.;023981;DF Individual - Demonstração do Resultado;REAL;MIL;PENÚLTIMO;2023-04-01;2024-03-31;3.06;Resultado Financeiro;49217.0000000000;S
06.981.381/0001-13;2025-03-31;1;CTC - CENTRO DE TECNOLOGIA CANAVIEIRA S.A.;023981;DF Individual - Demonstração do Resultado;REAL;MIL;ÚLTIMO;2024-04-01;2025-03-31;3.06;Resultado Financeiro;53884.0000000000;S
06.981.381/0001-13;2025-03-31;1;CTC - CENTRO DE TECNOLOGIA CANAVIEIRA S.A.;023981;DF Individual - Demonstração do Resultado;REAL;MIL;PENÚLTIMO;2023-04-01;2024-03-31;3.06.01;Receitas Financeiras;53422.0000000000;S
06.981.381/0001-13;2025-03-31;1;CTC - CENTRO DE TECNOLOGIA CANAVIEIRA S.A.;023981;DF Individual - Demonstração do Resultado;REAL;MIL;ÚLTIMO;2024-04-01;2025-03-31;3.06.01;Receitas Financeiras;65782.0000000000;S
06.981.381/0001-13;2025-03-31;1;CTC - CENTRO DE TECNOLOGIA CANAVIEIRA S.A.;023981;DF Individual - Demonstração do Resultado;REAL;MIL;PENÚLTIMO;2023-04-01;2024-03-31;3.06.02;Despesas Financeiras;-4205.0000000000;S
06.981.381/0001-13;2025-03-31;1;CTC - CENTRO DE TECNOLOGIA CANAVIEIRA S.A.;023981;DF Individual - Demonstração do Resultado;REAL;MIL;ÚLTIMO;2024-04-01;2025-03-31;3.06.02;Despesas Financeiras;-11898.0000000000;S
06.981.381/0001-13;2025-03-31;1;CTC - CENTRO DE TECNOLOGIA CANAVIEIRA S.A.;023981;DF Individual - Demonstração do Resultado;REAL;MIL;PENÚLTIMO;2023-04-01;2024-03-31;3.06.02.01;Variação cambial líquida;-47.0000000000;N
06.981.381/0001-13;2025-03-31;1;CTC - CENTRO DE TECNOLOGIA CANAVIEIRA S.A.;023981;DF Individual - Demonstração do Resultado;REAL;MIL;ÚLTIMO;2024-04-01;2025-03-31;3.06.02.01;Variação cambial líquida;-124.0000000000;N
06.981.381/0001-13;2025-03-31;1;CTC - CENTRO DE TECNOLOGIA CANAVIEIRA S.A.;023981;DF Individual - Demonstração do Resultado;REAL;MIL;PENÚLTIMO;2023-04-01;2024-03-31;3.06.02.02;Despesas financeiras;-4158.0000000000;N
06.981.381/0001-13;2025-03-31;1;CTC - CENTRO DE TECNOLOGIA CANAVIEIRA S.A.;023981;DF Individual - Demonstração do Resultado;REAL;MIL;ÚLTIMO;2024-04-01;2025-03-31;3.06.02.02;Despesas financeiras;-11774.0000000000;N
06.981.381/0001-13;2025-03-31;1;CTC - CENTRO DE TECNOLOGIA CANAVIEIRA S.A.;023981;DF Individual - Demonstração do Resultado;REAL;MIL;PENÚLTIMO;2023-04-01;2024-03-31;3.07;Resultado Antes dos Tributos sobre o Lucro;199902.0000000000;S
06.981.381/0001-13;2025-03-31;1;CTC - CENTRO DE TECNOLOGIA CANAVIEIRA S.A.;023981;DF Individual - Demonstração do Resultado;REAL;MIL;ÚLTIMO;2024-04-01;2025-03-31;3.07;Resultado Antes dos Tributos sobre o Lucro;186384.0000000000;S
06.981.381/0001-13;2025-03-31;1;CTC - CENTRO DE TECNOLOGIA CANAVIEIRA S.A.;023981;DF Individual - Demonstração do Resultado;REAL;MIL;PENÚLTIMO;2023-04-01;2024-03-31;3.08;Imposto de Renda e Contribuição Social sobre o Lucro;-47595.0000000000;S
06.981.381/0001-13;2025-03-31;1;CTC - CENTRO DE TECNOLOGIA CANAVIEIRA S.A.;023981;DF Individual - Demonstração do Resultado;REAL;MIL;ÚLTIMO;2024-04-01;2025-03-31;3.08;Imposto de Renda e Contribuição Social sobre o Lucro;-10707.0000000000;S
06.981.381/0001-13;2025-03-31;1;CTC - CENTRO DE TECNOLOGIA CANAVIEIRA S.A.;023981;DF Individual - Demonstração do Resultado;REAL;MIL;PENÚLTIMO;2023-04-01;2024-03-31;3.08.01;Corrente;-44786.0000000000;S
06.981.381/0001-13;2025-03-31;1;CTC - CENTRO DE TECNOLOGIA CANAVIEIRA S.A.;023981;DF Individual - Demonstração do Resultado;REAL;MIL;ÚLTIMO;2024-04-01;2025-03-31;3.08.01;Corrente;-10274.0000000000;S
06.981.381/0001-13;2025-03-31;1;CTC - CENTRO DE TECNOLOGIA CANAVIEIRA S.A.;023981;DF Individual - Demonstração do Resultado;REAL;MIL;PENÚLTIMO;2023-04-01;2024-03-31;3.08.02;Diferido;-2809.0000000000;S
06.981.381/0001-13;2025-03-31;1;CTC - CENTRO DE TECNOLOGIA CANAVIEIRA S.A.;023981;DF Individual - Demonstração do Resultado;REAL;MIL;ÚLTIMO;2024-04-01;2025-03-31;3.08.02;Diferido;-433.0000000000;S
06.981.381/0001-13;2025-03-31;1;CTC - CENTRO DE TECNOLOGIA CANAVIEIRA S.A.;023981;DF Individual - Demonstração do Resultado;REAL;MIL;PENÚLTIMO;2023-04-01;2024-03-31;3.09;Resultado Líquido das Operações Continuadas;152307.0000000000;S
06.981.381/0001-13;2025-03-31;1;CTC - CENTRO DE TECNOLOGIA CANAVIEIRA S.A.;023981;DF Individual - Demonstração do Resultado;REAL;MIL;ÚLTIMO;2024-04-01;2025-03-31;3.09;Resultado Líquido das Operações Continuadas;175677.0000000000;S
06.981.381/0001-13;2025-03-31;1;CTC - CENTRO DE TECNOLOGIA CANAVIEIRA S.A.;023981;DF Individual - Demonstração do Resultado;REAL;MIL;PENÚLTIMO;2023-04-01;2024-03-31;3.10;Resultado Líquido de Operações Descontinuadas;0.0000000000;S
06.981.381/0001-13;2025-03-31;1;CTC - CENTRO DE TECNOLOGIA CANAVIEIRA S.A.;023981;DF Individual - Demonstração do Resultado;REAL;MIL;ÚLTIMO;2024-04-01;2025-03-31;3.10;Resultado Líquido de Operações Descontinuadas;0.0000000000;S
06.981.381/0001-13;2025-03-31;1;CTC - CENTRO DE TECNOLOGIA CANAVIEIRA S.A.;023981;DF Individual - Demonstração do Resultado;REAL;MIL;PENÚLTIMO;2023-04-01;2024-03-31;3.10.01;Lucro/Prejuízo Líquido das Operações Descontinuadas;0.0000000000;S
06.981.381/0001-13;2025-03-31;1;CTC - CENTRO DE TECNOLOGIA CANAVIEIRA S.A.;023981;DF Individual - Demonstração do Resultado;REAL;MIL;ÚLTIMO;2024-04-01;2025-03-31;3.10.01;Lucro/Prejuízo Líquido das Operações Descontinuadas;0.0000000000;S
06.981.381/0001-13;2025-03-31;1;CTC - CENTRO DE TECNOLOGIA CANAVIEIRA S.A.;023981;DF Individual - Demonstração do Resultado;REAL;MIL;PENÚLTIMO;2023-04-01;2024-03-31;3.10.02;Ganhos/Perdas Líquidas sobre Ativos de Operações Descontinuadas;0.0000000000;S
06.981.381/0001-13;2025-03-31;1;CTC - CENTRO DE TECNOLOGIA CANAVIEIRA S.A.;023981;DF Individual - Demonstração do Resultado;REAL;MIL;ÚLTIMO;2024-04-01;2025-03-31;3.10.02;Ganhos/Perdas Líquidas sobre Ativos de Operações Descontinuadas;0.0000000000;S
06.981.381/0001-13;2025-03-31;1;CTC - CENTRO DE TECNOLOGIA CANAVIEIRA S.A.;023981;DF Individual - Demonstração do Resultado;REAL;MIL;PENÚLTIMO;2023-04-01;2024-03-31;3.11;Lucro/Prejuízo do Período;152307.0000000000;S
06.981.381/0001-13;2025-03-31;1;CTC - CENTRO DE TECNOLOGIA CANAVIEIRA S.A.;023981;DF Individual - Demonstração do Resultado;REAL;MIL;ÚLTIMO;2024-04-01;2025-03-31;3.11;Lucro/Prejuízo do Período;175677.0000000000;S
06.981.381/0001-13;2025-03-31;1;CTC - CENTRO DE TECNOLOGIA CANAVIEIRA S.A.;023981;DF Individual - Demonstração do Resultado;REAL;MIL;PENÚLTIMO;2023-04-01;2024-03-31;3.99;Lucro por Ação - (Reais / Ação);0.0000000000;N
06.981.381/0001-13;2025-03-31;1;CTC - CENTRO DE TECNOLOGIA CANAVIEIRA S.A.;023981;DF Individual - Demonstração do Resultado;REAL;MIL;ÚLTIMO;2024-04-01;2025-03-31;3.99;Lucro por Ação - (Reais / Ação);0.0000000000;N
06.981.381/0001-13;2025-03-31;1;CTC - CENTRO DE TECNOLOGIA CANAVIEIRA S.A.;023981;DF Individual - Demonstração do Resultado;REAL;MIL;PENÚLTIMO;2023-04-01;2024-03-31;3.99.01;Lucro Básico por Ação;0.0000000000;N
06.981.381/0001-13;2025-03-31;1;CTC - CENTRO DE TECNOLOGIA CANAVIEIRA S.A.;023981;DF Individual - Demonstração do Resultado;REAL;MIL;ÚLTIMO;2024-04-01;2025-03-31;3.99.01;Lucro Básico por Ação;0.0000000000;N
06.981.381/0001-13;2025-03-31;1;CTC - CENTRO DE TECNOLOGIA CANAVIEIRA S.A.;023981;DF Individual - Demonstração do Resultado;REAL;MIL;PENÚLTIMO;2023-04-01;2024-03-31;3.99.01.01;ON;0.4748000000;N
06.981.381/0001-13;2025-03-31;1;CTC - CENTRO DE TECNOLOGIA CANAVIEIRA S.A.;023981;DF Individual - Demonstração do Resultado;REAL;MIL;ÚLTIMO;2024-04-01;2025-03-31;3.99.01.01;ON;0.5477000000;N
06.981.381/0001-13;2025-03-31;1;CTC - CENTRO DE TECNOLOGIA CANAVIEIRA S.A.;023981;DF Individual - Demonstração do Resultado;REAL;MIL;PENÚLTIMO;2023-04-01;2024-03-31;3.99.02;Lucro Diluído por Ação;0.0000000000;N
06.981.381/0001-13;2025-03-31;1;CTC - CENTRO DE TECNOLOGIA CANAVIEIRA S.A.;023981;DF Individual - Demonstração do Resultado;REAL;MIL;ÚLTIMO;2024-04-01;2025-03-31;3.99.02;Lucro Diluído por Ação;0.0000000000;N
07.628.528/0001-59;2025-06-30;1;BRASILAGRO - CIA BRAS DE PROP AGRICOLAS;020036;DF Individual - Demonstração do Resultado;REAL;MIL;PENÚLTIMO;2023-07-01;2024-06-30;3.01;Receita de Venda de Bens e/ou Serviços;547968.0000000000;S
07.628.528/0001-59;2025-06-30;1;BRASILAGRO - CIA BRAS DE PROP AGRICOLAS;020036;DF Individual - Demonstração do Resultado;REAL;MIL;ÚLTIMO;2024-07-01;2025-06-30;3.01;Receita de Venda de Bens e/ou Serviços;590032.0000000000;S
07.628.528/0001-59;2025-06-30;1;BRASILAGRO - CIA BRAS DE PROP AGRICOLAS;020036;DF Individual - Demonstração do Resultado;REAL;MIL;PENÚLTIMO;2023-07-01;2024-06-30;3.01.01;Receita Líquida;493736.0000000000;N
07.628.528/0001-59;2025-06-30;1;BRASILAGRO - CIA BRAS DE PROP AGRICOLAS;020036;DF Individual - Demonstração do Resultado;REAL;MIL;ÚLTIMO;2024-07-01;2025-06-30;3.01.01;Receita Líquida;526144.0000000000;N
07.628.528/0001-59;2025-06-30;1;BRASILAGRO - CIA BRAS DE PROP AGRICOLAS;020036;DF Individual - Demonstração do Resultado;REAL;MIL;PENÚLTIMO;2023-07-01;2024-06-30;3.01.02;Movimentação de valor justo de ativos biológicos e produtos agrícolas;54930.0000000000;N
07.628.528/0001-59;2025-06-30;1;BRASILAGRO - CIA BRAS DE PROP AGRICOLAS;020036;DF Individual - Demonstração do Resultado;REAL;MIL;ÚLTIMO;2024-07-01;2025-06-30;3.01.02;Movimentação de valor justo de ativos biológicos e produtos agrícolas;71124.0000000000;N
07.628.528/0001-59;2025-06-30;1;BRASILAGRO - CIA BRAS DE PROP AGRICOLAS;020036;DF Individual - Demonstração do Resultado;REAL;MIL;PENÚLTIMO;2023-07-01;2024-06-30;3.01.03;Constituição (reversão) de provisão do valor recuperável de produtos agrícolas, líquida;-698.0000000000;N
07.628.528/0001-59;2025-06-30;1;BRASILAGRO - CIA BRAS DE PROP AGRICOLAS;020036;DF Individual - Demonstração do Resultado;REAL;MIL;ÚLTIMO;2024-07-01;2025-06-30;3.01.03;Constituição (reversão) de provisão do valor recuperável de produtos agrícolas, líquida;-7236.0000000000;N
07.628.528/0001-59;2025-06-30;1;BRASILAGRO - CIA BRAS DE PROP AGRICOLAS;020036;DF Individual - Demonstração do Resultado;REAL;MIL;PENÚLTIMO;2023-07-01;2024-06-30;3.02;Custo dos Bens e/ou Serviços Vendidos;-503846.0000000000;S
07.628.528/0001-59;2025-06-30;1;BRASILAGRO - CIA BRAS DE PROP AGRICOLAS;020036;DF Individual - Demonstração do Resultado;REAL;MIL;ÚLTIMO;2024-07-01;2025-06-30;3.02;Custo dos Bens e/ou Serviços Vendidos;-530752.0000000000;S
07.628.528/0001-59;2025-06-30;1;BRASILAGRO - CIA BRAS DE PROP AGRICOLAS;020036;DF Individual - Demonstração do Resultado;REAL;MIL;PENÚLTIMO;2023-07-01;2024-06-30;3.03;Resultado Bruto;44122.0000000000;S
07.628.528/0001-59;2025-06-30;1;BRASILAGRO - CIA BRAS DE PROP AGRICOLAS;020036;DF Individual - Demonstração do Resultado;REAL;MIL;ÚLTIMO;2024-07-01;2025-06-30;3.03;Resultado Bruto;59280.0000000000;S
07.628.528/0001-59;2025-06-30;1;BRASILAGRO - CIA BRAS DE PROP AGRICOLAS;020036;DF Individual - Demonstração do Resultado;REAL;MIL;PENÚLTIMO;2023-07-01;2024-06-30;3.04;Despesas/Receitas Operacionais;255456.0000000000;S
07.628.528/0001-59;2025-06-30;1;BRASILAGRO - CIA BRAS DE PROP AGRICOLAS;020036;DF Individual - Demonstração do Resultado;REAL;MIL;ÚLTIMO;2024-07-01;2025-06-30;3.04;Despesas/Receitas Operacionais;132690.0000000000;S
07.628.528/0001-59;2025-06-30;1;BRASILAGRO - CIA BRAS DE PROP AGRICOLAS;020036;DF Individual - Demonstração do Resultado;REAL;MIL;PENÚLTIMO;2023-07-01;2024-06-30;3.04.01;Despesas com Vendas;-41559.0000000000;S
07.628.528/0001-59;2025-06-30;1;BRASILAGRO - CIA BRAS DE PROP AGRICOLAS;020036;DF Individual - Demonstração do Resultado;REAL;MIL;ÚLTIMO;2024-07-01;2025-06-30;3.04.01;Despesas com Vendas;-43671.0000000000;S
07.628.528/0001-59;2025-06-30;1;BRASILAGRO - CIA BRAS DE PROP AGRICOLAS;020036;DF Individual - Demonstração do Resultado;REAL;MIL;PENÚLTIMO;2023-07-01;2024-06-30;3.04.02;Despesas Gerais e Administrativas;-51990.0000000000;S
07.628.528/0001-59;2025-06-30;1;BRASILAGRO - CIA BRAS DE PROP AGRICOLAS;020036;DF Individual - Demonstração do Resultado;REAL;MIL;ÚLTIMO;2024-07-01;2025-06-30;3.04.02;Despesas Gerais e Administrativas;-54260.0000000000;S
07.628.528/0001-59;2025-06-30;1;BRASILAGRO - CIA BRAS DE PROP AGRICOLAS;020036;DF Individual - Demonstração do Resultado;REAL;MIL;PENÚLTIMO;2023-07-01;2024-06-30;3.04.03;Perdas pela Não Recuperabilidade de Ativos;0.0000000000;S
07.628.528/0001-59;2025-06-30;1;BRASILAGRO - CIA BRAS DE PROP AGRICOLAS;020036;DF Individual - Demonstração do Resultado;REAL;MIL;ÚLTIMO;2024-07-01;2025-06-30;3.04.03;Perdas pela Não Recuperabilidade de Ativos;0.0000000000;S
07.628.528/0001-59;2025-06-30;1;BRASILAGRO - CIA BRAS DE PROP AGRICOLAS;020036;DF Individual - Demonstração do Resultado;REAL;MIL;PENÚLTIMO;2023-07-01;2024-06-30;3.04.04;Outras Receitas Operacionais;0.0000000000;S
07.628.528/0001-59;2025-06-30;1;BRASILAGRO - CIA BRAS DE PROP AGRICOLAS;020036;DF Individual - Demonstração do Resultado;REAL;MIL;ÚLTIMO;2024-07-01;2025-06-30;3.04.04;Outras Receitas Operacionais;0.0000000000;S
07.628.528/0001-59;2025-06-30;1;BRASILAGRO - CIA BRAS DE PROP AGRICOLAS;020036;DF Individual - Demonstração do Resultado;REAL;MIL;PENÚLTIMO;2023-07-01;2024-06-30;3.04.05;Outras Despesas Operacionais;-7823.0000000000;S
07.628.528/0001-59;2025-06-30;1;BRASILAGRO - CIA BRAS DE PROP AGRICOLAS;020036;DF Individual - Demonstração do Resultado;REAL;MIL;ÚLTIMO;2024-07-01;2025-06-30;3.04.05;Outras Despesas Operacionais;-7259.0000000000;S
07.628.528/0001-59;2025-06-30;1;BRASILAGRO - CIA BRAS DE PROP AGRICOLAS;020036;DF Individual - Demonstração do Resultado;REAL;MIL;PENÚLTIMO;2023-07-01;2024-06-30;3.04.06;Resultado de Equivalência Patrimonial;356828.0000000000;S
07.628.528/0001-59;2025-06-30;1;BRASILAGRO - CIA BRAS DE PROP AGRICOLAS;020036;DF Individual - Demonstração do Resultado;REAL;MIL;ÚLTIMO;2024-07-01;2025-06-30;3.04.06;Resultado de Equivalência Patrimonial;237880.0000000000;S
07.628.528/0001-59;2025-06-30;1;BRASILAGRO - CIA BRAS DE PROP AGRICOLAS;020036;DF Individual - Demonstração do Resultado;REAL;MIL;PENÚLTIMO;2023-07-01;2024-06-30;3.05;Resultado Antes do Resultado Financeiro e dos Tributos;299578.0000000000;S
07.628.528/0001-59;2025-06-30;1;BRASILAGRO - CIA BRAS DE PROP AGRICOLAS;020036;DF Individual - Demonstração do Resultado;REAL;MIL;ÚLTIMO;2024-07-01;2025-06-30;3.05;Resultado Antes do Resultado Financeiro e dos Tributos;191970.0000000000;S
07.628.528/0001-59;2025-06-30;1;BRASILAGRO - CIA BRAS DE PROP AGRICOLAS;020036;DF Individual - Demonstração do Resultado;REAL;MIL;PENÚLTIMO;2023-07-01;2024-06-30;3.06;Resultado Financeiro;-134879.0000000000;S
07.628.528/0001-59;2025-06-30;1;BRASILAGRO - CIA BRAS DE PROP AGRICOLAS;020036;DF Individual - Demonstração do Resultado;REAL;MIL;ÚLTIMO;2024-07-01;2025-06-30;3.06;Resultado Financeiro;-99049.0000000000;S
07.628.528/0001-59;2025-06-30;1;BRASILAGRO - CIA BRAS DE PROP AGRICOLAS;020036;DF Individual - Demonstração do Resultado;REAL;MIL;PENÚLTIMO;2023-07-01;2024-06-30;3.06.01;Receitas Financeiras;177319.0000000000;S
07.628.528/0001-59;2025-06-30;1;BRASILAGRO - CIA BRAS DE PROP AGRICOLAS;020036;DF Individual - Demonstração do Resultado;REAL;MIL;ÚLTIMO;2024-07-01;2025-06-30;3.06.01;Receitas Financeiras;209874.0000000000;S
07.628.528/0001-59;2025-06-30;1;BRASILAGRO - CIA BRAS DE PROP AGRICOLAS;020036;DF Individual - Demonstração do Resultado;REAL;MIL;PENÚLTIMO;2023-07-01;2024-06-30;3.06.02;Despesas Financeiras;-312198.0000000000;S
07.628.528/0001-59;2025-06-30;1;BRASILAGRO - CIA BRAS DE PROP AGRICOLAS;020036;DF Individual - Demonstração do Resultado;REAL;MIL;ÚLTIMO;2024-07-01;2025-06-30;3.06.02;Despesas Financeiras;-308923.0000000000;S
07.628.528/0001-59;2025-06-30;1;BRASILAGRO - CIA BRAS DE PROP AGRICOLAS;020036;DF Individual - Demonstração do Resultado;REAL;MIL;PENÚLTIMO;2023-07-01;2024-06-30;3.07;Resultado Antes dos Tributos sobre o Lucro;164699.0000000000;S
07.628.528/0001-59;2025-06-30;1;BRASILAGRO - CIA BRAS DE PROP AGRICOLAS;020036;DF Individual - Demonstração do Resultado;REAL;MIL;ÚLTIMO;2024-07-01;2025-06-30;3.07;Resultado Antes dos Tributos sobre o Lucro;92921.0000000000;S
07.628.528/0001-59;2025-06-30;1;BRASILAGRO - CIA BRAS DE PROP AGRICOLAS;020036;DF Individual - Demonstração do Resultado;REAL;MIL;PENÚLTIMO;2023-07-01;2024-06-30;3.08;Imposto de Renda e Contribuição Social sobre o Lucro;62168.0000000000;S
07.628.528/0001-59;2025-06-30;1;BRASILAGRO - CIA BRAS DE PROP AGRICOLAS;020036;DF Individual - Demonstração do Resultado;REAL;MIL;ÚLTIMO;2024-07-01;2025-06-30;3.08;Imposto de Renda e Contribuição Social sobre o Lucro;45098.0000000000;S
07.628.528/0001-59;2025-06-30;1;BRASILAGRO - CIA BRAS DE PROP AGRICOLAS;020036;DF Individual - Demonstração do Resultado;REAL;MIL;PENÚLTIMO;2023-07-01;2024-06-30;3.08.01;Corrente;62168.0000000000;S
07.628.528/0001-59;2025-06-30;1;BRASILAGRO - CIA BRAS DE PROP AGRICOLAS;020036;DF Individual - Demonstração do Resultado;REAL;MIL;ÚLTIMO;2024-07-01;2025-06-30;3.08.01;Corrente;45098.0000000000;S
07.628.528/0001-59;2025-06-30;1;BRASILAGRO - CIA BRAS DE PROP AGRICOLAS;020036;DF Individual - Demonstração do Resultado;REAL;MIL;PENÚLTIMO;2023-07-01;2024-06-30;3.08.02;Diferido;0.0000000000;S
07.628.528/0001-59;2025-06-30;1;BRASILAGRO - CIA BRAS DE PROP AGRICOLAS;020036;DF Individual - Demonstração do Resultado;REAL;MIL;ÚLTIMO;2024-07-01;2025-06-30;3.08.02;Diferido;0.0000000000;S
07.628.528/0001-59;2025-06-30;1;BRASILAGRO - CIA BRAS DE PROP AGRICOLAS;020036;DF Individual - Demonstração do Resultado;REAL;MIL;PENÚLTIMO;2023-07-01;2024-06-30;3.09;Resultado Líquido das Operações Continuadas;226867.0000000000;S
07.628.528/0001-59;2025-06-30;1;BRASILAGRO - CIA BRAS DE PROP AGRICOLAS;020036;DF Individual - Demonstração do Resultado;REAL;MIL;ÚLTIMO;2024-07-01;2025-06-30;3.09;Resultado Líquido das Operações Continuadas;138019.0000000000;S
07.628.528/0001-59;2025-06-30;1;BRASILAGRO - CIA BRAS DE PROP AGRICOLAS;020036;DF Individual - Demonstração do Resultado;REAL;MIL;PENÚLTIMO;2023-07-01;2024-06-30;3.10;Resultado Líquido de Operações Descontinuadas;0.0000000000;S
07.628.528/0001-59;2025-06-30;1;BRASILAGRO - CIA BRAS DE PROP AGRICOLAS;020036;DF Individual - Demonstração do Resultado;REAL;MIL;ÚLTIMO;2024-07-01;2025-06-30;3.10;Resultado Líquido de Operações Descontinuadas;0.0000000000;S
07.628.528/0001-59;2025-06-30;1;BRASILAGRO - CIA BRAS DE PROP AGRICOLAS;020036;DF Individual - Demonstração do Resultado;REAL;MIL;PENÚLTIMO;2023-07-01;2024-06-30;3.10.01;Lucro/Prejuízo Líquido das Operações Descontinuadas;0.0000000000;S
07.628.528/0001-59;2025-06-30;1;BRASILAGRO - CIA BRAS DE PROP AGRICOLAS;020036;DF Individual - Demonstração do Resultado;REAL;MIL;ÚLTIMO;2024-07-01;2025-06-30;3.10.01;Lucro/Prejuízo Líquido das Operações Descontinuadas;0.0000000000;S
07.628.528/0001-59;2025-06-30;1;BRASILAGRO - CIA BRAS DE PROP AGRICOLAS;020036;DF Individual - Demonstração do Resultado;REAL;MIL;PENÚLTIMO;2023-07-01;2024-06-30;3.10.02;Ganhos/Perdas Líquidas sobre Ativos de Operações Descontinuadas;0.0000000000;S
07.628.528/0001-59;2025-06-30;1;BRASILAGRO - CIA BRAS DE PROP AGRICOLAS;020036;DF Individual - Demonstração do Resultado;REAL;MIL;ÚLTIMO;2024-07-01;2025-06-30;3.10.02;Ganhos/Perdas Líquidas sobre Ativos de Operações Descontinuadas;0.0000000000;S
07.628.528/0001-59;2025-06-30;1;BRASILAGRO - CIA BRAS DE PROP AGRICOLAS;020036;DF Individual - Demonstração do Resultado;REAL;MIL;PENÚLTIMO;2023-07-01;2024-06-30;3.11;Lucro/Prejuízo do Período;226867.0000000000;S
07.628.528/0001-59;2025-06-30;1;BRASILAGRO - CIA BRAS DE PROP AGRICOLAS;020036;DF Individual - Demonstração do Resultado;REAL;MIL;ÚLTIMO;2024-07-01;2025-06-30;3.11;Lucro/Prejuízo do Período;138019.0000000000;S
07.628.528/0001-59;2025-06-30;1;BRASILAGRO - CIA BRAS DE PROP AGRICOLAS;020036;DF Individual - Demonstração do Resultado;REAL;MIL;PENÚLTIMO;2023-07-01;2024-06-30;3.99;Lucro por Ação - (Reais / Ação);0.0000000000;N
07.628.528/0001-59;2025-06-30;1;BRASILAGRO - CIA BRAS DE PROP AGRICOLAS;020036;DF Individual - Demonstração do Resultado;REAL;MIL;ÚLTIMO;2024-07-01;2025-06-30;3.99;Lucro por Ação - (Reais / Ação);0.0000000000;N
07.628.528/0001-59;2025-06-30;1;BRASILAGRO - CIA BRAS DE PROP AGRICOLAS;020036;DF Individual - Demonstração do Resultado;REAL;MIL;PENÚLTIMO;2023-07-01;2024-06-30;3.99.01;Lucro Básico por Ação;0.0000000000;N
07.628.528/0001-59;2025-06-30;1;BRASILAGRO - CIA BRAS DE PROP AGRICOLAS;020036;DF Individual - Demonstração do Resultado;REAL;MIL;ÚLTIMO;2024-07-01;2025-06-30;3.99.01;Lucro Básico por Ação;0.0000000000;N
07.628.528/0001-59;2025-06-30;1;BRASILAGRO - CIA BRAS DE PROP AGRICOLAS;020036;DF Individual - Demonstração do Resultado;REAL;MIL;PENÚLTIMO;2023-07-01;2024-06-30;3.99.01.01;ON;2.2774000000;N
07.628.528/0001-59;2025-06-30;1;BRASILAGRO - CIA BRAS DE PROP AGRICOLAS;020036;DF Individual - Demonstração do Resultado;REAL;MIL;ÚLTIMO;2024-07-01;2025-06-30;3.99.01.01;ON;1.3855000000;N
07.628.528/0001-59;2025-06-30;1;BRASILAGRO - CIA BRAS DE PROP AGRICOLAS;020036;DF Individual - Demonstração do Resultado;REAL;MIL;PENÚLTIMO;2023-07-01;2024-06-30;3.99.02;Lucro Diluído por Ação;0.0000000000;N
07.628.528/0001-59;2025-06-30;1;BRASILAGRO - CIA BRAS DE PROP AGRICOLAS;020036;DF Individual - Demonstração do Resultado;REAL;MIL;ÚLTIMO;2024-07-01;2025-06-30;3.99.02;Lucro Diluído por Ação;0.0000000000;N
07.628.528/0001-59;2025-06-30;1;BRASILAGRO - CIA BRAS DE PROP AGRICOLAS;020036;DF Individual - Demonstração do Resultado;REAL;MIL;PENÚLTIMO;2023-07-01;2024-06-30;3.99.02.01;ON;2.2670000000;N
07.628.528/0001-59;2025-06-30;1;BRASILAGRO - CIA BRAS DE PROP AGRICOLAS;020036;DF Individual - Demonstração do Resultado;REAL;MIL;ÚLTIMO;2024-07-01;2025-06-30;3.99.02.01;ON;1.3780000000;N
08.070.508/0001-78;2025-03-31;1;RAIZEN ENERGIA S.A.;023230;DF Individual - Demonstração do Resultado;REAL;MIL;PENÚLTIMO;2023-04-01;2024-03-31;3.01;Receita de Venda de Bens e/ou Serviços;14569233.0000000000;S
08.070.508/0001-78;2025-03-31;1;RAIZEN ENERGIA S.A.;023230;DF Individual - Demonstração do Resultado;REAL;MIL;ÚLTIMO;2024-04-01;2025-03-31;3.01;Receita de Venda de Bens e/ou Serviços;15654077.0000000000;S
08.070.508/0001-78;2025-03-31;1;RAIZEN ENERGIA S.A.;023230;DF Individual - Demonstração do Resultado;REAL;MIL;PENÚLTIMO;2023-04-01;2024-03-31;3.02;Custo dos Bens e/ou Serviços Vendidos;-12741095.0000000000;S
08.070.508/0001-78;2025-03-31;1;RAIZEN ENERGIA S.A.;023230;DF Individual - Demonstração do Resultado;REAL;MIL;ÚLTIMO;2024-04-01;2025-03-31;3.02;Custo dos Bens e/ou Serviços Vendidos;-13384702.0000000000;S
08.070.508/0001-78;2025-03-31;1;RAIZEN ENERGIA S.A.;023230;DF Individual - Demonstração do Resultado;REAL;MIL;PENÚLTIMO;2023-04-01;2024-03-31;3.03;Resultado Bruto;1828138.0000000000;S
08.070.508/0001-78;2025-03-31;1;RAIZEN ENERGIA S.A.;023230;DF Individual - Demonstração do Resultado;REAL;MIL;ÚLTIMO;2024-04-01;2025-03-31;3.03;Resultado Bruto;2269375.0000000000;S
08.070.508/0001-78;2025-03-31;1;RAIZEN ENERGIA S.A.;023230;DF Individual - Demonstração do Resultado;REAL;MIL;PENÚLTIMO;2023-04-01;2024-03-31;3.04;Despesas/Receitas Operacionais;-1223511.0000000000;S
08.070.508/0001-78;2025-03-31;1;RAIZEN ENERGIA S.A.;023230;DF Individual - Demonstração do Resultado;REAL;MIL;ÚLTIMO;2024-04-01;2025-03-31;3.04;Despesas/Receitas Operacionais;-4610681.0000000000;S
08.070.508/0001-78;2025-03-31;1;RAIZEN ENERGIA S.A.;023230;DF Individual - Demonstração do Resultado;REAL;MIL;PENÚLTIMO;2023-04-01;2024-03-31;3.04.01;Despesas com Vendas;-1568031.0000000000;S
08.070.508/0001-78;2025-03-31;1;RAIZEN ENERGIA S.A.;023230;DF Individual - Demonstração do Resultado;REAL;MIL;ÚLTIMO;2024-04-01;2025-03-31;3.04.01;Despesas com Vendas;-1500006.0000000000;S
08.070.508/0001-78;2025-03-31;1;RAIZEN ENERGIA S.A.;023230;DF Individual - Demonstração do Resultado;REAL;MIL;PENÚLTIMO;2023-04-01;2024-03-31;3.04.02;Despesas Gerais e Administrativas;-1075802.0000000000;S
08.070.508/0001-78;2025-03-31;1;RAIZEN ENERGIA S.A.;023230;DF Individual - Demonstração do Resultado;REAL;MIL;ÚLTIMO;2024-04-01;2025-03-31;3.04.02;Despesas Gerais e Administrativas;-523760.0000000000;S
08.070.508/0001-78;2025-03-31;1;RAIZEN ENERGIA S.A.;023230;DF Individual - Demonstração do Resultado;REAL;MIL;PENÚLTIMO;2023-04-01;2024-03-31;3.04.03;Perdas pela Não Recuperabilidade de Ativos;0.0000000000;S
08.070.508/0001-78;2025-03-31;1;RAIZEN ENERGIA S.A.;023230;DF Individual - Demonstração do Resultado;REAL;MIL;ÚLTIMO;2024-04-01;2025-03-31;3.04.03;Perdas pela Não Recuperabilidade de Ativos;0.0000000000;S
08.070.508/0001-78;2025-03-31;1;RAIZEN ENERGIA S.A.;023230;DF Individual - Demonstração do Resultado;REAL;MIL;PENÚLTIMO;2023-04-01;2024-03-31;3.04.04;Outras Receitas Operacionais;55088.0000000000;S
08.070.508/0001-78;2025-03-31;1;RAIZEN ENERGIA S.A.;023230;DF Individual - Demonstração do Resultado;REAL;MIL;ÚLTIMO;2024-04-01;2025-03-31;3.04.04;Outras Receitas Operacionais;393419.0000000000;S
08.070.508/0001-78;2025-03-31;1;RAIZEN ENERGIA S.A.;023230;DF Individual - Demonstração do Resultado;REAL;MIL;PENÚLTIMO;2023-04-01;2024-03-31;3.04.05;Outras Despesas Operacionais;0.0000000000;S
08.070.508/0001-78;2025-03-31;1;RAIZEN ENERGIA S.A.;023230;DF Individual - Demonstração do Resultado;REAL;MIL;ÚLTIMO;2024-04-01;2025-03-31;3.04.05;Outras Despesas Operacionais;0.0000000000;S
08.070.508/0001-78;2025-03-31;1;RAIZEN ENERGIA S.A.;023230;DF Individual - Demonstração do Resultado;REAL;MIL;PENÚLTIMO;2023-04-01;2024-03-31;3.04.06;Resultado de Equivalência Patrimonial;1365234.0000000000;S
08.070.508/0001-78;2025-03-31;1;RAIZEN ENERGIA S.A.;023230;DF Individual - Demonstração do Resultado;REAL;MIL;ÚLTIMO;2024-04-01;2025-03-31;3.04.06;Resultado de Equivalência Patrimonial;-2980334.0000000000;S
08.070.508/0001-78;2025-03-31;1;RAIZEN ENERGIA S.A.;023230;DF Individual - Demonstração do Resultado;REAL;MIL;PENÚLTIMO;2023-04-01;2024-03-31;3.05;Resultado Antes do Resultado Financeiro e dos Tributos;604627.0000000000;S
08.070.508/0001-78;2025-03-31;1;RAIZEN ENERGIA S.A.;023230;DF Individual - Demonstração do Resultado;REAL;MIL;ÚLTIMO;2024-04-01;2025-03-31;3.05;Resultado Antes do Resultado Financeiro e dos Tributos;-2341306.0000000000;S
08.070.508/0001-78;2025-03-31;1;RAIZEN ENERGIA S.A.;023230;DF Individual - Demonstração do Resultado;REAL;MIL;PENÚLTIMO;2023-04-01;2024-03-31;3.06;Resultado Financeiro;-2323354.0000000000;S
08.070.508/0001-78;2025-03-31;1;RAIZEN ENERGIA S.A.;023230;DF Individual - Demonstração do Resultado;REAL;MIL;ÚLTIMO;2024-04-01;2025-03-31;3.06;Resultado Financeiro;-2844016.0000000000;S
08.070.508/0001-78;2025-03-31;1;RAIZEN ENERGIA S.A.;023230;DF Individual - Demonstração do Resultado;REAL;MIL;PENÚLTIMO;2023-04-01;2024-03-31;3.06.01;Receitas Financeiras;2079947.0000000000;S
08.070.508/0001-78;2025-03-31;1;RAIZEN ENERGIA S.A.;023230;DF Individual - Demonstração do Resultado;REAL;MIL;ÚLTIMO;2024-04-01;2025-03-31;3.06.01;Receitas Financeiras;2085299.0000000000;S
08.070.508/0001-78;2025-03-31;1;RAIZEN ENERGIA S.A.;023230;DF Individual - Demonstração do Resultado;REAL;MIL;PENÚLTIMO;2023-04-01;2024-03-31;3.06.01.01;Receitas financeiras;2027001.0000000000;N
08.070.508/0001-78;2025-03-31;1;RAIZEN ENERGIA S.A.;023230;DF Individual - Demonstração do Resultado;REAL;MIL;ÚLTIMO;2024-04-01;2025-03-31;3.06.01.01;Receitas financeiras;2085299.0000000000;N
08.070.508/0001-78;2025-03-31;1;RAIZEN ENERGIA S.A.;023230;DF Individual - Demonstração do Resultado;REAL;MIL;PENÚLTIMO;2023-04-01;2024-03-31;3.06.01.02;Efeito líquido dos derivativos;0.0000000000;N
08.070.508/0001-78;2025-03-31;1;RAIZEN ENERGIA S.A.;023230;DF Individual - Demonstração do Resultado;REAL;MIL;ÚLTIMO;2024-04-01;2025-03-31;3.06.01.02;Efeito líquido dos derivativos;0.0000000000;N
08.070.508/0001-78;2025-03-31;1;RAIZEN ENERGIA S.A.;023230;DF Individual - Demonstração do Resultado;REAL;MIL;PENÚLTIMO;2023-04-01;2024-03-31;3.06.01.03;Variações cambiais, líquidas;52946.0000000000;N
08.070.508/0001-78;2025-03-31;1;RAIZEN ENERGIA S.A.;023230;DF Individual - Demonstração do Resultado;REAL;MIL;ÚLTIMO;2024-04-01;2025-03-31;3.06.01.03;Variações cambiais, líquidas;0.0000000000;N
08.070.508/0001-78;2025-03-31;1;RAIZEN ENERGIA S.A.;023230;DF Individual - Demonstração do Resultado;REAL;MIL;PENÚLTIMO;2023-04-01;2024-03-31;3.06.02;Despesas Financeiras;-4403301.0000000000;S
08.070.508/0001-78;2025-03-31;1;RAIZEN ENERGIA S.A.;023230;DF Individual - Demonstração do Resultado;REAL;MIL;ÚLTIMO;2024-04-01;2025-03-31;3.06.02;Despesas Financeiras;-4929315.0000000000;S
08.070.508/0001-78;2025-03-31;1;RAIZEN ENERGIA S.A.;023230;DF Individual - Demonstração do Resultado;REAL;MIL;PENÚLTIMO;2023-04-01;2024-03-31;3.06.02.01;Despesas financeiras;-3546575.0000000000;N
08.070.508/0001-78;2025-03-31;1;RAIZEN ENERGIA S.A.;023230;DF Individual - Demonstração do Resultado;REAL;MIL;ÚLTIMO;2024-04-01;2025-03-31;3.06.02.01;Despesas financeiras;-3159165.0000000000;N
08.070.508/0001-78;2025-03-31;1;RAIZEN ENERGIA S.A.;023230;DF Individual - Demonstração do Resultado;REAL;MIL;PENÚLTIMO;2023-04-01;2024-03-31;3.06.02.02;Variações cambiais, líquidas;0.0000000000;N
08.070.508/0001-78;2025-03-31;1;RAIZEN ENERGIA S.A.;023230;DF Individual - Demonstração do Resultado;REAL;MIL;ÚLTIMO;2024-04-01;2025-03-31;3.06.02.02;Variações cambiais, líquidas;-924561.0000000000;N
08.070.508/0001-78;2025-03-31;1;RAIZEN ENERGIA S.A.;023230;DF Individual - Demonstração do Resultado;REAL;MIL;PENÚLTIMO;2023-04-01;2024-03-31;3.06.02.03;Efeito líquido dos derivativos;-856726.0000000000;N
08.070.508/0001-78;2025-03-31;1;RAIZEN ENERGIA S.A.;023230;DF Individual - Demonstração do Resultado;REAL;MIL;ÚLTIMO;2024-04-01;2025-03-31;3.06.02.03;Efeito líquido dos derivativos;-845589.0000000000;N
08.070.508/0001-78;2025-03-31;1;RAIZEN ENERGIA S.A.;023230;DF Individual - Demonstração do Resultado;REAL;MIL;PENÚLTIMO;2023-04-01;2024-03-31;3.07;Resultado Antes dos Tributos sobre o Lucro;-1718727.0000000000;S
08.070.508/0001-78;2025-03-31;1;RAIZEN ENERGIA S.A.;023230;DF Individual - Demonstração do Resultado;REAL;MIL;ÚLTIMO;2024-04-01;2025-03-31;3.07;Resultado Antes dos Tributos sobre o Lucro;-5185322.0000000000;S
08.070.508/0001-78;2025-03-31;1;RAIZEN ENERGIA S.A.;023230;DF Individual - Demonstração do Resultado;REAL;MIL;PENÚLTIMO;2023-04-01;2024-03-31;3.08;Imposto de Renda e Contribuição Social sobre o Lucro;446039.0000000000;S
08.070.508/0001-78;2025-03-31;1;RAIZEN ENERGIA S.A.;023230;DF Individual - Demonstração do Resultado;REAL;MIL;ÚLTIMO;2024-04-01;2025-03-31;3.08;Imposto de Renda e Contribuição Social sobre o Lucro;-899732.0000000000;S
08.070.508/0001-78;2025-03-31;1;RAIZEN ENERGIA S.A.;023230;DF Individual - Demonstração do Resultado;REAL;MIL;PENÚLTIMO;2023-04-01;2024-03-31;3.08.01;Corrente;-13.0000000000;S
08.070.508/0001-78;2025-03-31;1;RAIZEN ENERGIA S.A.;023230;DF Individual - Demonstração do Resultado;REAL;MIL;ÚLTIMO;2024-04-01;2025-03-31;3.08.01;Corrente;0.0000000000;S
08.070.508/0001-78;2025-03-31;1;RAIZEN ENERGIA S.A.;023230;DF Individual - Demonstração do Resultado;REAL;MIL;PENÚLTIMO;2023-04-01;2024-03-31;3.08.02;Diferido;446052.0000000000;S
08.070.508/0001-78;2025-03-31;1;RAIZEN ENERGIA S.A.;023230;DF Individual - Demonstração do Resultado;REAL;MIL;ÚLTIMO;2024-04-01;2025-03-31;3.08.02;Diferido;-899732.0000000000;S
08.070.508/0001-78;2025-03-31;1;RAIZEN ENERGIA S.A.;023230;DF Individual - Demonstração do Resultado;REAL;MIL;PENÚLTIMO;2023-04-01;2024-03-31;3.09;Resultado Líquido das Operações Continuadas;-1272688.0000000000;S
08.070.508/0001-78;2025-03-31;1;RAIZEN ENERGIA S.A.;023230;DF Individual - Demonstração do Resultado;REAL;MIL;ÚLTIMO;2024-04-01;2025-03-31;3.09;Resultado Líquido das Operações Continuadas;-6085054.0000000000;S
08.070.508/0001-78;2025-03-31;1;RAIZEN ENERGIA S.A.;023230;DF Individual - Demonstração do Resultado;REAL;MIL;PENÚLTIMO;2023-04-01;2024-03-31;3.10;Resultado Líquido de Operações Descontinuadas;0.0000000000;S
08.070.508/0001-78;2025-03-31;1;RAIZEN ENERGIA S.A.;023230;DF Individual - Demonstração do Resultado;REAL;MIL;ÚLTIMO;2024-04-01;2025-03-31;3.10;Resultado Líquido de Operações Descontinuadas;0.0000000000;S
08.070.508/0001-78;2025-03-31;1;RAIZEN ENERGIA S.A.;023230;DF Individual - Demonstração do Resultado;REAL;MIL;PENÚLTIMO;2023-04-01;2024-03-31;3.10.01;Lucro/Prejuízo Líquido das Operações Descontinuadas;0.0000000000;S
08.070.508/0001-78;2025-03-31;1;RAIZEN ENERGIA S.A.;023230;DF Individual - Demonstração do Resultado;REAL;MIL;ÚLTIMO;2024-04-01;2025-03-31;3.10.01;Lucro/Prejuízo Líquido das Operações Descontinuadas;0.0000000000;S
08.070.508/0001-78;2025-03-31;1;RAIZEN ENERGIA S.A.;023230;DF Individual - Demonstração do Resultado;REAL;MIL;PENÚLTIMO;2023-04-01;2024-03-31;3.10.02;Ganhos/Perdas Líquidas sobre Ativos de Operações Descontinuadas;0.0000000000;S
08.070.508/0001-78;2025-03-31;1;RAIZEN ENERGIA S.A.;023230;DF Individual - Demonstração do Resultado;REAL;MIL;ÚLTIMO;2024-04-01;2025-03-31;3.10.02;Ganhos/Perdas Líquidas sobre Ativos de Operações Descontinuadas;0.0000000000;S
08.070.508/0001-78;2025-03-31;1;RAIZEN ENERGIA S.A.;023230;DF Individual - Demonstração do Resultado;REAL;MIL;PENÚLTIMO;2023-04-01;2024-03-31;3.11;Lucro/Prejuízo do Período;-1272688.0000000000;S
08.070.508/0001-78;2025-03-31;1;RAIZEN ENERGIA S.A.;023230;DF Individual - Demonstração do Resultado;REAL;MIL;ÚLTIMO;2024-04-01;2025-03-31;3.11;Lucro/Prejuízo do Período;-6085054.0000000000;S
08.070.508/0001-78;2025-03-31;1;RAIZEN ENERGIA S.A.;023230;DF Individual - Demonstração do Resultado;REAL;MIL;PENÚLTIMO;2023-04-01;2024-03-31;3.99;Lucro por Ação - (Reais / Ação);0.0000000000;N
08.070.508/0001-78;2025-03-31;1;RAIZEN ENERGIA S.A.;023230;DF Individual - Demonstração do Resultado;REAL;MIL;ÚLTIMO;2024-04-01;2025-03-31;3.99;Lucro por Ação - (Reais / Ação);0.0000000000;N
08.070.508/0001-78;2025-03-31;1;RAIZEN ENERGIA S.A.;023230;DF Individual - Demonstração do Resultado;REAL;MIL;PENÚLTIMO;2023-04-01;2024-03-31;3.99.01;Lucro Básico por Ação;0.0000000000;N
08.070.508/0001-78;2025-03-31;1;RAIZEN ENERGIA S.A.;023230;DF Individual - Demonstração do Resultado;REAL;MIL;ÚLTIMO;2024-04-01;2025-03-31;3.99.01;Lucro Básico por Ação;0.0000000000;N
08.070.508/0001-78;2025-03-31;1;RAIZEN ENERGIA S.A.;023230;DF Individual - Demonstração do Resultado;REAL;MIL;PENÚLTIMO;2023-04-01;2024-03-31;3.99.02;Lucro Diluído por Ação;0.0000000000;N
08.070.508/0001-78;2025-03-31;1;RAIZEN ENERGIA S.A.;023230;DF Individual - Demonstração do Resultado;REAL;MIL;ÚLTIMO;2024-04-01;2025-03-31;3.99.02;Lucro Diluído por Ação;0.0000000000;N
08.322.396/0001-03;2025-03-31;1;CERRADINHO BIOENERGIA S.A.;026522;DF Individual - Demonstração do Resultado;REAL;MIL;PENÚLTIMO;2023-04-01;2024-03-31;3.01;Receita de Venda de Bens e/ou Serviços;1384338.0000000000;S
08.322.396/0001-03;2025-03-31;1;CERRADINHO BIOENERGIA S.A.;026522;DF Individual - Demonstração do Resultado;REAL;MIL;ÚLTIMO;2024-04-01;2025-03-31;3.01;Receita de Venda de Bens e/ou Serviços;1397439.0000000000;S
08.322.396/0001-03;2025-03-31;1;CERRADINHO BIOENERGIA S.A.;026522;DF Individual - Demonstração do Resultado;REAL;MIL;PENÚLTIMO;2023-04-01;2024-03-31;3.02;Custo dos Bens e/ou Serviços Vendidos;-1224643.0000000000;S
08.322.396/0001-03;2025-03-31;1;CERRADINHO BIOENERGIA S.A.;026522;DF Individual - Demonstração do Resultado;REAL;MIL;ÚLTIMO;2024-04-01;2025-03-31;3.02;Custo dos Bens e/ou Serviços Vendidos;-1149498.0000000000;S
08.322.396/0001-03;2025-03-31;1;CERRADINHO BIOENERGIA S.A.;026522;DF Individual - Demonstração do Resultado;REAL;MIL;PENÚLTIMO;2023-04-01;2024-03-31;3.02.01;Custo dos Bens e/ou Serviços Vendidos;-1211484.0000000000;N
08.322.396/0001-03;2025-03-31;1;CERRADINHO BIOENERGIA S.A.;026522;DF Individual - Demonstração do Resultado;REAL;MIL;ÚLTIMO;2024-04-01;2025-03-31;3.02.01;Custo dos Bens e/ou Serviços Vendidos;-1133190.0000000000;N
08.322.396/0001-03;2025-03-31;1;CERRADINHO BIOENERGIA S.A.;026522;DF Individual - Demonstração do Resultado;REAL;MIL;PENÚLTIMO;2023-04-01;2024-03-31;3.02.02;Variação no valor justo de ativo biológico;-13159.0000000000;N
08.322.396/0001-03;2025-03-31;1;CERRADINHO BIOENERGIA S.A.;026522;DF Individual - Demonstração do Resultado;REAL;MIL;ÚLTIMO;2024-04-01;2025-03-31;3.02.02;Variação no valor justo de ativo biológico;-16308.0000000000;N
08.322.396/0001-03;2025-03-31;1;CERRADINHO BIOENERGIA S.A.;026522;DF Individual - Demonstração do Resultado;REAL;MIL;PENÚLTIMO;2023-04-01;2024-03-31;3.03;Resultado Bruto;159695.0000000000;S
08.322.396/0001-03;2025-03-31;1;CERRADINHO BIOENERGIA S.A.;026522;DF Individual - Demonstração do Resultado;REAL;MIL;ÚLTIMO;2024-04-01;2025-03-31;3.03;Resultado Bruto;247941.0000000000;S
08.322.396/0001-03;2025-03-31;1;CERRADINHO BIOENERGIA S.A.;026522;DF Individual - Demonstração do Resultado;REAL;MIL;PENÚLTIMO;2023-04-01;2024-03-31;3.04;Despesas/Receitas Operacionais;-32523.0000000000;S
08.322.396/0001-03;2025-03-31;1;CERRADINHO BIOENERGIA S.A.;026522;DF Individual - Demonstração do Resultado;REAL;MIL;ÚLTIMO;2024-04-01;2025-03-31;3.04;Despesas/Receitas Operacionais;158762.0000000000;S
08.322.396/0001-03;2025-03-31;1;CERRADINHO BIOENERGIA S.A.;026522;DF Individual - Demonstração do Resultado;REAL;MIL;PENÚLTIMO;2023-04-01;2024-03-31;3.04.01;Despesas com Vendas;-87000.0000000000;S
08.322.396/0001-03;2025-03-31;1;CERRADINHO BIOENERGIA S.A.;026522;DF Individual - Demonstração do Resultado;REAL;MIL;ÚLTIMO;2024-04-01;2025-03-31;3.04.01;Despesas com Vendas;-102386.0000000000;S
08.322.396/0001-03;2025-03-31;1;CERRADINHO BIOENERGIA S.A.;026522;DF Individual - Demonstração do Resultado;REAL;MIL;PENÚLTIMO;2023-04-01;2024-03-31;3.04.02;Despesas Gerais e Administrativas;-61221.0000000000;S
08.322.396/0001-03;2025-03-31;1;CERRADINHO BIOENERGIA S.A.;026522;DF Individual - Demonstração do Resultado;REAL;MIL;ÚLTIMO;2024-04-01;2025-03-31;3.04.02;Despesas Gerais e Administrativas;-86552.0000000000;S
08.322.396/0001-03;2025-03-31;1;CERRADINHO BIOENERGIA S.A.;026522;DF Individual - Demonstração do Resultado;REAL;MIL;PENÚLTIMO;2023-04-01;2024-03-31;3.04.03;Perdas pela Não Recuperabilidade de Ativos;0.0000000000;S
08.322.396/0001-03;2025-03-31;1;CERRADINHO BIOENERGIA S.A.;026522;DF Individual - Demonstração do Resultado;REAL;MIL;ÚLTIMO;2024-04-01;2025-03-31;3.04.03;Perdas pela Não Recuperabilidade de Ativos;0.0000000000;S
08.322.396/0001-03;2025-03-31;1;CERRADINHO BIOENERGIA S.A.;026522;DF Individual - Demonstração do Resultado;REAL;MIL;PENÚLTIMO;2023-04-01;2024-03-31;3.04.04;Outras Receitas Operacionais;78745.0000000000;S
08.322.396/0001-03;2025-03-31;1;CERRADINHO BIOENERGIA S.A.;026522;DF Individual - Demonstração do Resultado;REAL;MIL;ÚLTIMO;2024-04-01;2025-03-31;3.04.04;Outras Receitas Operacionais;38474.0000000000;S
08.322.396/0001-03;2025-03-31;1;CERRADINHO BIOENERGIA S.A.;026522;DF Individual - Demonstração do Resultado;REAL;MIL;PENÚLTIMO;2023-04-01;2024-03-31;3.04.05;Outras Despesas Operacionais;-8939.0000000000;S
08.322.396/0001-03;2025-03-31;1;CERRADINHO BIOENERGIA S.A.;026522;DF Individual - Demonstração do Resultado;REAL;MIL;ÚLTIMO;2024-04-01;2025-03-31;3.04.05;Outras Despesas Operacionais;-2604.0000000000;S
08.322.396/0001-03;2025-03-31;1;CERRADINHO BIOENERGIA S.A.;026522;DF Individual - Demonstração do Resultado;REAL;MIL;PENÚLTIMO;2023-04-01;2024-03-31;3.04.06;Resultado de Equivalência Patrimonial;45892.0000000000;S
08.322.396/0001-03;2025-03-31;1;CERRADINHO BIOENERGIA S.A.;026522;DF Individual - Demonstração do Resultado;REAL;MIL;ÚLTIMO;2024-04-01;2025-03-31;3.04.06;Resultado de Equivalência Patrimonial;311830.0000000000;S
08.322.396/0001-03;2025-03-31;1;CERRADINHO BIOENERGIA S.A.;026522;DF Individual - Demonstração do Resultado;REAL;MIL;PENÚLTIMO;2023-04-01;2024-03-31;3.05;Resultado Antes do Resultado Financeiro e dos Tributos;127172.0000000000;S
08.322.396/0001-03;2025-03-31;1;CERRADINHO BIOENERGIA S.A.;026522;DF Individual - Demonstração do Resultado;REAL;MIL;ÚLTIMO;2024-04-01;2025-03-31;3.05;Resultado Antes do Resultado Financeiro e dos Tributos;406703.0000000000;S
08.322.396/0001-03;2025-03-31;1;CERRADINHO BIOENERGIA S.A.;026522;DF Individual - Demonstração do Resultado;REAL;MIL;PENÚLTIMO;2023-04-01;2024-03-31;3.06;Resultado Financeiro;-171593.0000000000;S
08.322.396/0001-03;2025-03-31;1;CERRADINHO BIOENERGIA S.A.;026522;DF Individual - Demonstração do Resultado;REAL;MIL;ÚLTIMO;2024-04-01;2025-03-31;3.06;Resultado Financeiro;-251144.0000000000;S
08.322.396/0001-03;2025-03-31;1;CERRADINHO BIOENERGIA S.A.;026522;DF Individual - Demonstração do Resultado;REAL;MIL;PENÚLTIMO;2023-04-01;2024-03-31;3.06.01;Receitas Financeiras;157409.0000000000;S
08.322.396/0001-03;2025-03-31;1;CERRADINHO BIOENERGIA S.A.;026522;DF Individual - Demonstração do Resultado;REAL;MIL;ÚLTIMO;2024-04-01;2025-03-31;3.06.01;Receitas Financeiras;219610.0000000000;S
08.322.396/0001-03;2025-03-31;1;CERRADINHO BIOENERGIA S.A.;026522;DF Individual - Demonstração do Resultado;REAL;MIL;PENÚLTIMO;2023-04-01;2024-03-31;3.06.02;Despesas Financeiras;-329002.0000000000;S
08.322.396/0001-03;2025-03-31;1;CERRADINHO BIOENERGIA S.A.;026522;DF Individual - Demonstração do Resultado;REAL;MIL;ÚLTIMO;2024-04-01;2025-03-31;3.06.02;Despesas Financeiras;-470754.0000000000;S
08.322.396/0001-03;2025-03-31;1;CERRADINHO BIOENERGIA S.A.;026522;DF Individual - Demonstração do Resultado;REAL;MIL;PENÚLTIMO;2023-04-01;2024-03-31;3.07;Resultado Antes dos Tributos sobre o Lucro;-44421.0000000000;S
08.322.396/0001-03;2025-03-31;1;CERRADINHO BIOENERGIA S.A.;026522;DF Individual - Demonstração do Resultado;REAL;MIL;ÚLTIMO;2024-04-01;2025-03-31;3.07;Resultado Antes dos Tributos sobre o Lucro;155559.0000000000;S
08.322.396/0001-03;2025-03-31;1;CERRADINHO BIOENERGIA S.A.;026522;DF Individual - Demonstração do Resultado;REAL;MIL;PENÚLTIMO;2023-04-01;2024-03-31;3.08;Imposto de Renda e Contribuição Social sobre o Lucro;84716.0000000000;S
08.322.396/0001-03;2025-03-31;1;CERRADINHO BIOENERGIA S.A.;026522;DF Individual - Demonstração do Resultado;REAL;MIL;ÚLTIMO;2024-04-01;2025-03-31;3.08;Imposto de Renda e Contribuição Social sobre o Lucro;40969.0000000000;S
08.322.396/0001-03;2025-03-31;1;CERRADINHO BIOENERGIA S.A.;026522;DF Individual - Demonstração do Resultado;REAL;MIL;PENÚLTIMO;2023-04-01;2024-03-31;3.08.01;Corrente;0.0000000000;S
08.322.396/0001-03;2025-03-31;1;CERRADINHO BIOENERGIA S.A.;026522;DF Individual - Demonstração do Resultado;REAL;MIL;ÚLTIMO;2024-04-01;2025-03-31;3.08.01;Corrente;0.0000000000;S
08.322.396/0001-03;2025-03-31;1;CERRADINHO BIOENERGIA S.A.;026522;DF Individual - Demonstração do Resultado;REAL;MIL;PENÚLTIMO;2023-04-01;2024-03-31;3.08.02;Diferido;84716.0000000000;S
08.322.396/0001-03;2025-03-31;1;CERRADINHO BIOENERGIA S.A.;026522;DF Individual - Demonstração do Resultado;REAL;MIL;ÚLTIMO;2024-04-01;2025-03-31;3.08.02;Diferido;40969.0000000000;S
08.322.396/0001-03;2025-03-31;1;CERRADINHO BIOENERGIA S.A.;026522;DF Individual - Demonstração do Resultado;REAL;MIL;PENÚLTIMO;2023-04-01;2024-03-31;3.09;Resultado Líquido das Operações Continuadas;40295.0000000000;S
08.322.396/0001-03;2025-03-31;1;CERRADINHO BIOENERGIA S.A.;026522;DF Individual - Demonstração do Resultado;REAL;MIL;ÚLTIMO;2024-04-01;2025-03-31;3.09;Resultado Líquido das Operações Continuadas;196528.0000000000;S
08.322.396/0001-03;2025-03-31;1;CERRADINHO BIOENERGIA S.A.;026522;DF Individual - Demonstração do Resultado;REAL;MIL;PENÚLTIMO;2023-04-01;2024-03-31;3.10;Resultado Líquido de Operações Descontinuadas;0.0000000000;S
08.322.396/0001-03;2025-03-31;1;CERRADINHO BIOENERGIA S.A.;026522;DF Individual - Demonstração do Resultado;REAL;MIL;ÚLTIMO;2024-04-01;2025-03-31;3.10;Resultado Líquido de Operações Descontinuadas;0.0000000000;S
08.322.396/0001-03;2025-03-31;1;CERRADINHO BIOENERGIA S.A.;026522;DF Individual - Demonstração do Resultado;REAL;MIL;PENÚLTIMO;2023-04-01;2024-03-31;3.10.01;Lucro/Prejuízo Líquido das Operações Descontinuadas;0.0000000000;S
08.322.396/0001-03;2025-03-31;1;CERRADINHO BIOENERGIA S.A.;026522;DF Individual - Demonstração do Resultado;REAL;MIL;ÚLTIMO;2024-04-01;2025-03-31;3.10.01;Lucro/Prejuízo Líquido das Operações Descontinuadas;0.0000000000;S
08.322.396/0001-03;2025-03-31;1;CERRADINHO BIOENERGIA S.A.;026522;DF Individual - Demonstração do Resultado;REAL;MIL;PENÚLTIMO;2023-04-01;2024-03-31;3.10.02;Ganhos/Perdas Líquidas sobre Ativos de Operações Descontinuadas;0.0000000000;S
08.322.396/0001-03;2025-03-31;1;CERRADINHO BIOENERGIA S.A.;026522;DF Individual - Demonstração do Resultado;REAL;MIL;ÚLTIMO;2024-04-01;2025-03-31;3.10.02;Ganhos/Perdas Líquidas sobre Ativos de Operações Descontinuadas;0.0000000000;S
08.322.396/0001-03;2025-03-31;1;CERRADINHO BIOENERGIA S.A.;026522;DF Individual - Demonstração do Resultado;REAL;MIL;PENÚLTIMO;2023-04-01;2024-03-31;3.11;Lucro/Prejuízo do Período;40295.0000000000;S
08.322.396/0001-03;2025-03-31;1;CERRADINHO BIOENERGIA S.A.;026522;DF Individual - Demonstração do Resultado;REAL;MIL;ÚLTIMO;2024-04-01;2025-03-31;3.11;Lucro/Prejuízo do Período;196528.0000000000;S
08.322.396/0001-03;2025-03-31;1;CERRADINHO BIOENERGIA S.A.;026522;DF Individual - Demonstração do Resultado;REAL;MIL;PENÚLTIMO;2023-04-01;2024-03-31;3.99;Lucro por Ação - (Reais / Ação);0.0000000000;N
08.322.396/0001-03;2025-03-31;1;CERRADINHO BIOENERGIA S.A.;026522;DF Individual - Demonstração do Resultado;REAL;MIL;ÚLTIMO;2024-04-01;2025-03-31;3.99;Lucro por Ação - (Reais / Ação);0.0000000000;N
08.322.396/0001-03;2025-03-31;1;CERRADINHO BIOENERGIA S.A.;026522;DF Individual - Demonstração do Resultado;REAL;MIL;PENÚLTIMO;2023-04-01;2024-03-31;3.99.01;Lucro Básico por Ação;0.0000000000;N
08.322.396/0001-03;2025-03-31;1;CERRADINHO BIOENERGIA S.A.;026522;DF Individual - Demonstração do Resultado;REAL;MIL;ÚLTIMO;2024-04-01;2025-03-31;3.99.01;Lucro Básico por Ação;0.0000000000;N
08.322.396/0001-03;2025-03-31;1;CERRADINHO BIOENERGIA S.A.;026522;DF Individual - Demonstração do Resultado;REAL;MIL;PENÚLTIMO;2023-04-01;2024-03-31;3.99.02;Lucro Diluído por Ação;0.0000000000;N
08.322.396/0001-03;2025-03-31;1;CERRADINHO BIOENERGIA S.A.;026522;DF Individual - Demonstração do Resultado;REAL;MIL;ÚLTIMO;2024-04-01;2025-03-31;3.99.02;Lucro Diluído por Ação;0.0000000000;N
33.453.598/0001-23;2025-03-31;1;RAÍZEN S.A.;025917;DF Individual - Demonstração do Resultado;REAL;MIL;PENÚLTIMO;2023-04-01;2024-03-31;3.01;Receita de Venda de Bens e/ou Serviços;125778966.0000000000;S
33.453.598/0001-23;2025-03-31;1;RAÍZEN S.A.;025917;DF Individual - Demonstração do Resultado;REAL;MIL;ÚLTIMO;2024-04-01;2025-03-31;3.01;Receita de Venda de Bens e/ou Serviços;132070772.0000000000;S
33.453.598/0001-23;2025-03-31;1;RAÍZEN S.A.;025917;DF Individual - Demonstração do Resultado;REAL;MIL;PENÚLTIMO;2023-04-01;2024-03-31;3.02;Custo dos Bens e/ou Serviços Vendidos;-120894265.0000000000;S
33.453.598/0001-23;2025-03-31;1;RAÍZEN S.A.;025917;DF Individual - Demonstração do Resultado;REAL;MIL;ÚLTIMO;2024-04-01;2025-03-31;3.02;Custo dos Bens e/ou Serviços Vendidos;-127201703.0000000000;S
33.453.598/0001-23;2025-03-31;1;RAÍZEN S.A.;025917;DF Individual - Demonstração do Resultado;REAL;MIL;PENÚLTIMO;2023-04-01;2024-03-31;3.03;Resultado Bruto;4884701.0000000000;S
33.453.598/0001-23;2025-03-31;1;RAÍZEN S.A.;025917;DF Individual - Demonstração do Resultado;REAL;MIL;ÚLTIMO;2024-04-01;2025-03-31;3.03;Resultado Bruto;4869069.0000000000;S
33.453.598/0001-23;2025-03-31;1;RAÍZEN S.A.;025917;DF Individual - Demonstração do Resultado;REAL;MIL;PENÚLTIMO;2023-04-01;2024-03-31;3.04;Despesas/Receitas Operacionais;-2579885.0000000000;S
33.453.598/0001-23;2025-03-31;1;RAÍZEN S.A.;025917;DF Individual - Demonstração do Resultado;REAL;MIL;ÚLTIMO;2024-04-01;2025-03-31;3.04;Despesas/Receitas Operacionais;-6944349.0000000000;S
33.453.598/0001-23;2025-03-31;1;RAÍZEN S.A.;025917;DF Individual - Demonstração do Resultado;REAL;MIL;PENÚLTIMO;2023-04-01;2024-03-31;3.04.01;Despesas com Vendas;-2068101.0000000000;S
33.453.598/0001-23;2025-03-31;1;RAÍZEN S.A.;025917;DF Individual - Demonstração do Resultado;REAL;MIL;ÚLTIMO;2024-04-01;2025-03-31;3.04.01;Despesas com Vendas;-2199277.0000000000;S
33.453.598/0001-23;2025-03-31;1;RAÍZEN S.A.;025917;DF Individual - Demonstração do Resultado;REAL;MIL;PENÚLTIMO;2023-04-01;2024-03-31;3.04.02;Despesas Gerais e Administrativas;-569074.0000000000;S
33.453.598/0001-23;2025-03-31;1;RAÍZEN S.A.;025917;DF Individual - Demonstração do Resultado;REAL;MIL;ÚLTIMO;2024-04-01;2025-03-31;3.04.02;Despesas Gerais e Administrativas;-576771.0000000000;S
33.453.598/0001-23;2025-03-31;1;RAÍZEN S.A.;025917;DF Individual - Demonstração do Resultado;REAL;MIL;PENÚLTIMO;2023-04-01;2024-03-31;3.04.03;Perdas pela Não Recuperabilidade de Ativos;0.0000000000;S
33.453.598/0001-23;2025-03-31;1;RAÍZEN S.A.;025917;DF Individual - Demonstração do Resultado;REAL;MIL;ÚLTIMO;2024-04-01;2025-03-31;3.04.03;Perdas pela Não Recuperabilidade de Ativos;0.0000000000;S
33.453.598/0001-23;2025-03-31;1;RAÍZEN S.A.;025917;DF Individual - Demonstração do Resultado;REAL;MIL;PENÚLTIMO;2023-04-01;2024-03-31;3.04.04;Outras Receitas Operacionais;759576.0000000000;S
33.453.598/0001-23;2025-03-31;1;RAÍZEN S.A.;025917;DF Individual - Demonstração do Resultado;REAL;MIL;ÚLTIMO;2024-04-01;2025-03-31;3.04.04;Outras Receitas Operacionais;0.0000000000;S
33.453.598/0001-23;2025-03-31;1;RAÍZEN S.A.;025917;DF Individual - Demonstração do Resultado;REAL;MIL;PENÚLTIMO;2023-04-01;2024-03-31;3.04.05;Outras Despesas Operacionais;-508884.0000000000;S
33.453.598/0001-23;2025-03-31;1;RAÍZEN S.A.;025917;DF Individual - Demonstração do Resultado;REAL;MIL;ÚLTIMO;2024-04-01;2025-03-31;3.04.05;Outras Despesas Operacionais;-399277.0000000000;S
33.453.598/0001-23;2025-03-31;1;RAÍZEN S.A.;025917;DF Individual - Demonstração do Resultado;REAL;MIL;PENÚLTIMO;2023-04-01;2024-03-31;3.04.06;Resultado de Equivalência Patrimonial;-193402.0000000000;S
33.453.598/0001-23;2025-03-31;1;RAÍZEN S.A.;025917;DF Individual - Demonstração do Resultado;REAL;MIL;ÚLTIMO;2024-04-01;2025-03-31;3.04.06;Resultado de Equivalência Patrimonial;-3769024.0000000000;S
33.453.598/0001-23;2025-03-31;1;RAÍZEN S.A.;025917;DF Individual - Demonstração do Resultado;REAL;MIL;PENÚLTIMO;2023-04-01;2024-03-31;3.05;Resultado Antes do Resultado Financeiro e dos Tributos;2304816.0000000000;S
33.453.598/0001-23;2025-03-31;1;RAÍZEN S.A.;025917;DF Individual - Demonstração do Resultado;REAL;MIL;ÚLTIMO;2024-04-01;2025-03-31;3.05;Resultado Antes do Resultado Financeiro e dos Tributos;-2075280.0000000000;S
33.453.598/0001-23;2025-03-31;1;RAÍZEN S.A.;025917;DF Individual - Demonstração do Resultado;REAL;MIL;PENÚLTIMO;2023-04-01;2024-03-31;3.06;Resultado Financeiro;-2139776.0000000000;S
33.453.598/0001-23;2025-03-31;1;RAÍZEN S.A.;025917;DF Individual - Demonstração do Resultado;REAL;MIL;ÚLTIMO;2024-04-01;2025-03-31;3.06;Resultado Financeiro;-2463332.0000000000;S
33.453.598/0001-23;2025-03-31;1;RAÍZEN S.A.;025917;DF Individual - Demonstração do Resultado;REAL;MIL;PENÚLTIMO;2023-04-01;2024-03-31;3.06.01;Receitas Financeiras;986294.0000000000;S
33.453.598/0001-23;2025-03-31;1;RAÍZEN S.A.;025917;DF Individual - Demonstração do Resultado;REAL;MIL;ÚLTIMO;2024-04-01;2025-03-31;3.06.01;Receitas Financeiras;3665380.0000000000;S
33.453.598/0001-23;2025-03-31;1;RAÍZEN S.A.;025917;DF Individual - Demonstração do Resultado;REAL;MIL;PENÚLTIMO;2023-04-01;2024-03-31;3.06.01.01;Receitas financeiras;132061.0000000000;N
33.453.598/0001-23;2025-03-31;1;RAÍZEN S.A.;025917;DF Individual - Demonstração do Resultado;REAL;MIL;ÚLTIMO;2024-04-01;2025-03-31;3.06.01.01;Receitas financeiras;329524.0000000000;N
33.453.598/0001-23;2025-03-31;1;RAÍZEN S.A.;025917;DF Individual - Demonstração do Resultado;REAL;MIL;PENÚLTIMO;2023-04-01;2024-03-31;3.06.01.02;Variações cambiais, líquidas;582258.0000000000;N
33.453.598/0001-23;2025-03-31;1;RAÍZEN S.A.;025917;DF Individual - Demonstração do Resultado;REAL;MIL;ÚLTIMO;2024-04-01;2025-03-31;3.06.01.02;Variações cambiais, líquidas;1271735.0000000000;N
33.453.598/0001-23;2025-03-31;1;RAÍZEN S.A.;025917;DF Individual - Demonstração do Resultado;REAL;MIL;PENÚLTIMO;2023-04-01;2024-03-31;3.06.01.03;Efeito líquido dos derivativos;271975.0000000000;N
33.453.598/0001-23;2025-03-31;1;RAÍZEN S.A.;025917;DF Individual - Demonstração do Resultado;REAL;MIL;ÚLTIMO;2024-04-01;2025-03-31;3.06.01.03;Efeito líquido dos derivativos;2064121.0000000000;N
33.453.598/0001-23;2025-03-31;1;RAÍZEN S.A.;025917;DF Individual - Demonstração do Resultado;REAL;MIL;PENÚLTIMO;2023-04-01;2024-03-31;3.06.02;Despesas Financeiras;-3126070.0000000000;S
33.453.598/0001-23;2025-03-31;1;RAÍZEN S.A.;025917;DF Individual - Demonstração do Resultado;REAL;MIL;ÚLTIMO;2024-04-01;2025-03-31;3.06.02;Despesas Financeiras;-6128712.0000000000;S
33.453.598/0001-23;2025-03-31;1;RAÍZEN S.A.;025917;DF Individual - Demonstração do Resultado;REAL;MIL;PENÚLTIMO;2023-04-01;2024-03-31;3.06.02.01;Despesas Financeiras;-1884549.0000000000;N
33.453.598/0001-23;2025-03-31;1;RAÍZEN S.A.;025917;DF Individual - Demonstração do Resultado;REAL;MIL;ÚLTIMO;2024-04-01;2025-03-31;3.06.02.01;Despesas Financeiras;-2114124.0000000000;N
33.453.598/0001-23;2025-03-31;1;RAÍZEN S.A.;025917;DF Individual - Demonstração do Resultado;REAL;MIL;PENÚLTIMO;2023-04-01;2024-03-31;3.06.02.02;Variações cambiais, líquidas;-550691.0000000000;N
33.453.598/0001-23;2025-03-31;1;RAÍZEN S.A.;025917;DF Individual - Demonstração do Resultado;REAL;MIL;ÚLTIMO;2024-04-01;2025-03-31;3.06.02.02;Variações cambiais, líquidas;-2752900.0000000000;N
33.453.598/0001-23;2025-03-31;1;RAÍZEN S.A.;025917;DF Individual - Demonstração do Resultado;REAL;MIL;PENÚLTIMO;2023-04-01;2024-03-31;3.06.02.03;Efeito líquido dos derivativos;-690830.0000000000;N
33.453.598/0001-23;2025-03-31;1;RAÍZEN S.A.;025917;DF Individual - Demonstração do Resultado;REAL;MIL;ÚLTIMO;2024-04-01;2025-03-31;3.06.02.03;Efeito líquido dos derivativos;-1261688.0000000000;N
33.453.598/0001-23;2025-03-31;1;RAÍZEN S.A.;025917;DF Individual - Demonstração do Resultado;REAL;MIL;PENÚLTIMO;2023-04-01;2024-03-31;3.07;Resultado Antes dos Tributos sobre o Lucro;165040.0000000000;S
33.453.598/0001-23;2025-03-31;1;RAÍZEN S.A.;025917;DF Individual - Demonstração do Resultado;REAL;MIL;ÚLTIMO;2024-04-01;2025-03-31;3.07;Resultado Antes dos Tributos sobre o Lucro;-4538612.0000000000;S
33.453.598/0001-23;2025-03-31;1;RAÍZEN S.A.;025917;DF Individual - Demonstração do Resultado;REAL;MIL;PENÚLTIMO;2023-04-01;2024-03-31;3.08;Imposto de Renda e Contribuição Social sobre o Lucro;355675.0000000000;S
33.453.598/0001-23;2025-03-31;1;RAÍZEN S.A.;025917;DF Individual - Demonstração do Resultado;REAL;MIL;ÚLTIMO;2024-04-01;2025-03-31;3.08;Imposto de Renda e Contribuição Social sobre o Lucro;282084.0000000000;S
33.453.598/0001-23;2025-03-31;1;RAÍZEN S.A.;025917;DF Individual - Demonstração do Resultado;REAL;MIL;PENÚLTIMO;2023-04-01;2024-03-31;3.08.01;Corrente;-198291.0000000000;S
33.453.598/0001-23;2025-03-31;1;RAÍZEN S.A.;025917;DF Individual - Demonstração do Resultado;REAL;MIL;ÚLTIMO;2024-04-01;2025-03-31;3.08.01;Corrente;-271483.0000000000;S
33.453.598/0001-23;2025-03-31;1;RAÍZEN S.A.;025917;DF Individual - Demonstração do Resultado;REAL;MIL;PENÚLTIMO;2023-04-01;2024-03-31;3.08.02;Diferido;553966.0000000000;S
33.453.598/0001-23;2025-03-31;1;RAÍZEN S.A.;025917;DF Individual - Demonstração do Resultado;REAL;MIL;ÚLTIMO;2024-04-01;2025-03-31;3.08.02;Diferido;553567.0000000000;S
33.453.598/0001-23;2025-03-31;1;RAÍZEN S.A.;025917;DF Individual - Demonstração do Resultado;REAL;MIL;PENÚLTIMO;2023-04-01;2024-03-31;3.09;Resultado Líquido das Operações Continuadas;520715.0000000000;S
33.453.598/0001-23;2025-03-31;1;RAÍZEN S.A.;025917;DF Individual - Demonstração do Resultado;REAL;MIL;ÚLTIMO;2024-04-01;2025-03-31;3.09;Resultado Líquido das Operações Continuadas;-4256528.0000000000;S
33.453.598/0001-23;2025-03-31;1;RAÍZEN S.A.;025917;DF Individual - Demonstração do Resultado;REAL;MIL;PENÚLTIMO;2023-04-01;2024-03-31;3.10;Resultado Líquido de Operações Descontinuadas;0.0000000000;S
33.453.598/0001-23;2025-03-31;1;RAÍZEN S.A.;025917;DF Individual - Demonstração do Resultado;REAL;MIL;ÚLTIMO;2024-04-01;2025-03-31;3.10;Resultado Líquido de Operações Descontinuadas;0.0000000000;S
33.453.598/0001-23;2025-03-31;1;RAÍZEN S.A.;025917;DF Individual - Demonstração do Resultado;REAL;MIL;PENÚLTIMO;2023-04-01;2024-03-31;3.10.01;Lucro/Prejuízo Líquido das Operações Descontinuadas;0.0000000000;S
33.453.598/0001-23;2025-03-31;1;RAÍZEN S.A.;025917;DF Individual - Demonstração do Resultado;REAL;MIL;ÚLTIMO;2024-04-01;2025-03-31;3.10.01;Lucro/Prejuízo Líquido das Operações Descontinuadas;0.0000000000;S
33.453.598/0001-23;2025-03-31;1;RAÍZEN S.A.;025917;DF Individual - Demonstração do Resultado;REAL;MIL;PENÚLTIMO;2023-04-01;2024-03-31;3.10.02;Ganhos/Perdas Líquidas sobre Ativos de Operações Descontinuadas;0.0000000000;S
33.453.598/0001-23;2025-03-31;1;RAÍZEN S.A.;025917;DF Individual - Demonstração do Resultado;REAL;MIL;ÚLTIMO;2024-04-01;2025-03-31;3.10.02;Ganhos/Perdas Líquidas sobre Ativos de Operações Descontinuadas;0.0000000000;S
33.453.598/0001-23;2025-03-31;1;RAÍZEN S.A.;025917;DF Individual - Demonstração do Resultado;REAL;MIL;PENÚLTIMO;2023-04-01;2024-03-31;3.11;Lucro/Prejuízo do Período;520715.0000000000;S
33.453.598/0001-23;2025-03-31;1;RAÍZEN S.A.;025917;DF Individual - Demonstração do Resultado;REAL;MIL;ÚLTIMO;2024-04-01;2025-03-31;3.11;Lucro/Prejuízo do Período;-4256528.0000000000;S
33.453.598/0001-23;2025-03-31;1;RAÍZEN S.A.;025917;DF Individual - Demonstração do Resultado;REAL;MIL;PENÚLTIMO;2023-04-01;2024-03-31;3.99;Lucro por Ação - (Reais / Ação);0.0000000000;N
33.453.598/0001-23;2025-03-31;1;RAÍZEN S.A.;025917;DF Individual - Demonstração do Resultado;REAL;MIL;ÚLTIMO;2024-04-01;2025-03-31;3.99;Lucro por Ação - (Reais / Ação);0.0000000000;N
33.453.598/0001-23;2025-03-31;1;RAÍZEN S.A.;025917;DF Individual - Demonstração do Resultado;REAL;MIL;PENÚLTIMO;2023-04-01;2024-03-31;3.99.01;Lucro Básico por Ação;0.0000000000;N
33.453.598/0001-23;2025-03-31;1;RAÍZEN S.A.;025917;DF Individual - Demonstração do Resultado;REAL;MIL;ÚLTIMO;2024-04-01;2025-03-31;3.99.01;Lucro Básico por Ação;0.0000000000;N
33.453.598/0001-23;2025-03-31;1;RAÍZEN S.A.;025917;DF Individual - Demonstração do Resultado;REAL;MIL;PENÚLTIMO;2023-04-01;2024-03-31;3.99.01.01;ON;0.0000000000;N
33.453.598/0001-23;2025-03-31;1;RAÍZEN S.A.;025917;DF Individual - Demonstração do Resultado;REAL;MIL;ÚLTIMO;2024-04-01;2025-03-31;3.99.01.01;ON;0.0000000000;N
33.453.598/0001-23;2025-03-31;1;RAÍZEN S.A.;025917;DF Individual - Demonstração do Resultado;REAL;MIL;PENÚLTIMO;2023-04-01;2024-03-31;3.99.01.02;PN;0.0000000000;N
33.453.598/0001-23;2025-03-31;1;RAÍZEN S.A.;025917;DF Individual - Demonstração do Resultado;REAL;MIL;ÚLTIMO;2024-04-01;2025-03-31;3.99.01.02;PN;0.0000000000;N
33.453.598/0001-23;2025-03-31;1;RAÍZEN S.A.;025917;DF Individual - Demonstração do Resultado;REAL;MIL;PENÚLTIMO;2023-04-01;2024-03-31;3.99.02;Lucro Diluído por Ação;0.0000000000;N
33.453.598/0001-23;2025-03-31;1;RAÍZEN S.A.;025917;DF Individual - Demonstração do Resultado;REAL;MIL;ÚLTIMO;2024-04-01;2025-03-31;3.99.02;Lucro Diluído por Ação;0.0000000000;N
33.453.598/0001-23;2025-03-31;1;RAÍZEN S.A.;025917;DF Individual - Demonstração do Resultado;REAL;MIL;PENÚLTIMO;2023-04-01;2024-03-31;3.99.02.01;ON;0.0000000000;N
33.453.598/0001-23;2025-03-31;1;RAÍZEN S.A.;025917;DF Individual - Demonstração do Resultado;REAL;MIL;ÚLTIMO;2024-04-01;2025-03-31;3.99.02.01;ON;0.0000000000;N
33.453.598/0001-23;2025-03-31;1;RAÍZEN S.A.;025917;DF Individual - Demonstração do Resultado;REAL;MIL;PENÚLTIMO;2023-04-01;2024-03-31;3.99.02.02;PN;0.0000000000;N
33.453.598/0001-23;2025-03-31;1;RAÍZEN S.A.;025917;DF Individual - Demonstração do Resultado;REAL;MIL;ÚLTIMO;2024-04-01;2025-03-31;3.99.02.02;PN;0.0000000000;N
51.466.860/0001-56;2025-03-31;1;SAO MARTINHO S.A.;020516;DF Individual - Demonstração do Resultado;REAL;MIL;PENÚLTIMO;2023-04-01;2024-03-31;3.01;Receita de Venda de Bens e/ou Serviços;6756027.0000000000;S
51.466.860/0001-56;2025-03-31;1;SAO MARTINHO S.A.;020516;DF Individual - Demonstração do Resultado;REAL;MIL;ÚLTIMO;2024-04-01;2025-03-31;3.01;Receita de Venda de Bens e/ou Serviços;6971099.0000000000;S
51.466.860/0001-56;2025-03-31;1;SAO MARTINHO S.A.;020516;DF Individual - Demonstração do Resultado;REAL;MIL;PENÚLTIMO;2023-04-01;2024-03-31;3.02;Custo dos Bens e/ou Serviços Vendidos;-5334452.0000000000;S
51.466.860/0001-56;2025-03-31;1;SAO MARTINHO S.A.;020516;DF Individual - Demonstração do Resultado;REAL;MIL;ÚLTIMO;2024-04-01;2025-03-31;3.02;Custo dos Bens e/ou Serviços Vendidos;-5450989.0000000000;S
51.466.860/0001-56;2025-03-31;1;SAO MARTINHO S.A.;020516;DF Individual - Demonstração do Resultado;REAL;MIL;PENÚLTIMO;2023-04-01;2024-03-31;3.03;Resultado Bruto;1421575.0000000000;S
51.466.860/0001-56;2025-03-31;1;SAO MARTINHO S.A.;020516;DF Individual - Demonstração do Resultado;REAL;MIL;ÚLTIMO;2024-04-01;2025-03-31;3.03;Resultado Bruto;1520110.0000000000;S
51.466.860/0001-56;2025-03-31;1;SAO MARTINHO S.A.;020516;DF Individual - Demonstração do Resultado;REAL;MIL;PENÚLTIMO;2023-04-01;2024-03-31;3.04;Despesas/Receitas Operacionais;1111336.0000000000;S
51.466.860/0001-56;2025-03-31;1;SAO MARTINHO S.A.;020516;DF Individual - Demonstração do Resultado;REAL;MIL;ÚLTIMO;2024-04-01;2025-03-31;3.04;Despesas/Receitas Operacionais;2679.0000000000;S
51.466.860/0001-56;2025-03-31;1;SAO MARTINHO S.A.;020516;DF Individual - Demonstração do Resultado;REAL;MIL;PENÚLTIMO;2023-04-01;2024-03-31;3.04.01;Despesas com Vendas;-243005.0000000000;S
51.466.860/0001-56;2025-03-31;1;SAO MARTINHO S.A.;020516;DF Individual - Demonstração do Resultado;REAL;MIL;ÚLTIMO;2024-04-01;2025-03-31;3.04.01;Despesas com Vendas;-248006.0000000000;S
51.466.860/0001-56;2025-03-31;1;SAO MARTINHO S.A.;020516;DF Individual - Demonstração do Resultado;REAL;MIL;PENÚLTIMO;2023-04-01;2024-03-31;3.04.02;Despesas Gerais e Administrativas;-326074.0000000000;S
51.466.860/0001-56;2025-03-31;1;SAO MARTINHO S.A.;020516;DF Individual - Demonstração do Resultado;REAL;MIL;ÚLTIMO;2024-04-01;2025-03-31;3.04.02;Despesas Gerais e Administrativas;-322312.0000000000;S
51.466.860/0001-56;2025-03-31;1;SAO MARTINHO S.A.;020516;DF Individual - Demonstração do Resultado;REAL;MIL;PENÚLTIMO;2023-04-01;2024-03-31;3.04.03;Perdas pela Não Recuperabilidade de Ativos;0.0000000000;S
51.466.860/0001-56;2025-03-31;1;SAO MARTINHO S.A.;020516;DF Individual - Demonstração do Resultado;REAL;MIL;ÚLTIMO;2024-04-01;2025-03-31;3.04.03;Perdas pela Não Recuperabilidade de Ativos;0.0000000000;S
51.466.860/0001-56;2025-03-31;1;SAO MARTINHO S.A.;020516;DF Individual - Demonstração do Resultado;REAL;MIL;PENÚLTIMO;2023-04-01;2024-03-31;3.04.04;Outras Receitas Operacionais;1446346.0000000000;S
51.466.860/0001-56;2025-03-31;1;SAO MARTINHO S.A.;020516;DF Individual - Demonstração do Resultado;REAL;MIL;ÚLTIMO;2024-04-01;2025-03-31;3.04.04;Outras Receitas Operacionais;321368.0000000000;S
51.466.860/0001-56;2025-03-31;1;SAO MARTINHO S.A.;020516;DF Individual - Demonstração do Resultado;REAL;MIL;PENÚLTIMO;2023-04-01;2024-03-31;3.04.05;Outras Despesas Operacionais;0.0000000000;S
51.466.860/0001-56;2025-03-31;1;SAO MARTINHO S.A.;020516;DF Individual - Demonstração do Resultado;REAL;MIL;ÚLTIMO;2024-04-01;2025-03-31;3.04.05;Outras Despesas Operacionais;0.0000000000;S
51.466.860/0001-56;2025-03-31;1;SAO MARTINHO S.A.;020516;DF Individual - Demonstração do Resultado;REAL;MIL;PENÚLTIMO;2023-04-01;2024-03-31;3.04.06;Resultado de Equivalência Patrimonial;234069.0000000000;S
51.466.860/0001-56;2025-03-31;1;SAO MARTINHO S.A.;020516;DF Individual - Demonstração do Resultado;REAL;MIL;ÚLTIMO;2024-04-01;2025-03-31;3.04.06;Resultado de Equivalência Patrimonial;251629.0000000000;S
51.466.860/0001-56;2025-03-31;1;SAO MARTINHO S.A.;020516;DF Individual - Demonstração do Resultado;REAL;MIL;PENÚLTIMO;2023-04-01;2024-03-31;3.05;Resultado Antes do Resultado Financeiro e dos Tributos;2532911.0000000000;S
51.466.860/0001-56;2025-03-31;1;SAO MARTINHO S.A.;020516;DF Individual - Demonstração do Resultado;REAL;MIL;ÚLTIMO;2024-04-01;2025-03-31;3.05;Resultado Antes do Resultado Financeiro e dos Tributos;1522789.0000000000;S
51.466.860/0001-56;2025-03-31;1;SAO MARTINHO S.A.;020516;DF Individual - Demonstração do Resultado;REAL;MIL;PENÚLTIMO;2023-04-01;2024-03-31;3.06;Resultado Financeiro;-765851.0000000000;S
51.466.860/0001-56;2025-03-31;1;SAO MARTINHO S.A.;020516;DF Individual - Demonstração do Resultado;REAL;MIL;ÚLTIMO;2024-04-01;2025-03-31;3.06;Resultado Financeiro;-1043003.0000000000;S
51.466.860/0001-56;2025-03-31;1;SAO MARTINHO S.A.;020516;DF Individual - Demonstração do Resultado;REAL;MIL;PENÚLTIMO;2023-04-01;2024-03-31;3.06.01;Receitas Financeiras;338058.0000000000;S
51.466.860/0001-56;2025-03-31;1;SAO MARTINHO S.A.;020516;DF Individual - Demonstração do Resultado;REAL;MIL;ÚLTIMO;2024-04-01;2025-03-31;3.06.01;Receitas Financeiras;405586.0000000000;S
51.466.860/0001-56;2025-03-31;1;SAO MARTINHO S.A.;020516;DF Individual - Demonstração do Resultado;REAL;MIL;PENÚLTIMO;2023-04-01;2024-03-31;3.06.02;Despesas Financeiras;-1103909.0000000000;S
51.466.860/0001-56;2025-03-31;1;SAO MARTINHO S.A.;020516;DF Individual - Demonstração do Resultado;REAL;MIL;ÚLTIMO;2024-04-01;2025-03-31;3.06.02;Despesas Financeiras;-1448589.0000000000;S
51.466.860/0001-56;2025-03-31;1;SAO MARTINHO S.A.;020516;DF Individual - Demonstração do Resultado;REAL;MIL;PENÚLTIMO;2023-04-01;2024-03-31;3.07;Resultado Antes dos Tributos sobre o Lucro;1767060.0000000000;S
51.466.860/0001-56;2025-03-31;1;SAO MARTINHO S.A.;020516;DF Individual - Demonstração do Resultado;REAL;MIL;ÚLTIMO;2024-04-01;2025-03-31;3.07;Resultado Antes dos Tributos sobre o Lucro;479786.0000000000;S
51.466.860/0001-56;2025-03-31;1;SAO MARTINHO S.A.;020516;DF Individual - Demonstração do Resultado;REAL;MIL;PENÚLTIMO;2023-04-01;2024-03-31;3.08;Imposto de Renda e Contribuição Social sobre o Lucro;-290781.0000000000;S
51.466.860/0001-56;2025-03-31;1;SAO MARTINHO S.A.;020516;DF Individual - Demonstração do Resultado;REAL;MIL;ÚLTIMO;2024-04-01;2025-03-31;3.08;Imposto de Renda e Contribuição Social sobre o Lucro;76945.0000000000;S
51.466.860/0001-56;2025-03-31;1;SAO MARTINHO S.A.;020516;DF Individual - Demonstração do Resultado;REAL;MIL;PENÚLTIMO;2023-04-01;2024-03-31;3.08.01;Corrente;-494679.0000000000;S
51.466.860/0001-56;2025-03-31;1;SAO MARTINHO S.A.;020516;DF Individual - Demonstração do Resultado;REAL;MIL;ÚLTIMO;2024-04-01;2025-03-31;3.08.01;Corrente;13718.0000000000;S
51.466.860/0001-56;2025-03-31;1;SAO MARTINHO S.A.;020516;DF Individual - Demonstração do Resultado;REAL;MIL;PENÚLTIMO;2023-04-01;2024-03-31;3.08.02;Diferido;203898.0000000000;S
51.466.860/0001-56;2025-03-31;1;SAO MARTINHO S.A.;020516;DF Individual - Demonstração do Resultado;REAL;MIL;ÚLTIMO;2024-04-01;2025-03-31;3.08.02;Diferido;63227.0000000000;S
51.466.860/0001-56;2025-03-31;1;SAO MARTINHO S.A.;020516;DF Individual - Demonstração do Resultado;REAL;MIL;PENÚLTIMO;2023-04-01;2024-03-31;3.09;Resultado Líquido das Operações Continuadas;1476279.0000000000;S
51.466.860/0001-56;2025-03-31;1;SAO MARTINHO S.A.;020516;DF Individual - Demonstração do Resultado;REAL;MIL;ÚLTIMO;2024-04-01;2025-03-31;3.09;Resultado Líquido das Operações Continuadas;556731.0000000000;S
51.466.860/0001-56;2025-03-31;1;SAO MARTINHO S.A.;020516;DF Individual - Demonstração do Resultado;REAL;MIL;PENÚLTIMO;2023-04-01;2024-03-31;3.10;Resultado Líquido de Operações Descontinuadas;0.0000000000;S
51.466.860/0001-56;2025-03-31;1;SAO MARTINHO S.A.;020516;DF Individual - Demonstração do Resultado;REAL;MIL;ÚLTIMO;2024-04-01;2025-03-31;3.10;Resultado Líquido de Operações Descontinuadas;0.0000000000;S
51.466.860/0001-56;2025-03-31;1;SAO MARTINHO S.A.;020516;DF Individual - Demonstração do Resultado;REAL;MIL;PENÚLTIMO;2023-04-01;2024-03-31;3.10.01;Lucro/Prejuízo Líquido das Operações Descontinuadas;0.0000000000;S
51.466.860/0001-56;2025-03-31;1;SAO MARTINHO S.A.;020516;DF Individual - Demonstração do Resultado;REAL;MIL;ÚLTIMO;2024-04-01;2025-03-31;3.10.01;Lucro/Prejuízo Líquido das Operações Descontinuadas;0.0000000000;S
51.466.860/0001-56;2025-03-31;1;SAO MARTINHO S.A.;020516;DF Individual - Demonstração do Resultado;REAL;MIL;PENÚLTIMO;2023-04-01;2024-03-31;3.10.02;Ganhos/Perdas Líquidas sobre Ativos de Operações Descontinuadas;0.0000000000;S
51.466.860/0001-56;2025-03-31;1;SAO MARTINHO S.A.;020516;DF Individual - Demonstração do Resultado;REAL;MIL;ÚLTIMO;2024-04-01;2025-03-31;3.10.02;Ganhos/Perdas Líquidas sobre Ativos de Operações Descontinuadas;0.0000000000;S
51.466.860/0001-56;2025-03-31;1;SAO MARTINHO S.A.;020516;DF Individual - Demonstração do Resultado;REAL;MIL;PENÚLTIMO;2023-04-01;2024-03-31;3.11;Lucro/Prejuízo do Período;1476279.0000000000;S
51.466.860/0001-56;2025-03-31;1;SAO MARTINHO S.A.;020516;DF Individual - Demonstração do Resultado;REAL;MIL;ÚLTIMO;2024-04-01;2025-03-31;3.11;Lucro/Prejuízo do Período;556731.0000000000;S
51.466.860/0001-56;2025-03-31;1;SAO MARTINHO S.A.;020516;DF Individual - Demonstração do Resultado;REAL;MIL;PENÚLTIMO;2023-04-01;2024-03-31;3.99;Lucro por Ação - (Reais / Ação);0.0000000000;N
51.466.860/0001-56;2025-03-31;1;SAO MARTINHO S.A.;020516;DF Individual - Demonstração do Resultado;REAL;MIL;ÚLTIMO;2024-04-01;2025-03-31;3.99;Lucro por Ação - (Reais / Ação);0.0000000000;N
51.466.860/0001-56;2025-03-31;1;SAO MARTINHO S.A.;020516;DF Individual - Demonstração do Resultado;REAL;MIL;PENÚLTIMO;2023-04-01;2024-03-31;3.99.01;Lucro Básico por Ação;0.0000000000;N
51.466.860/0001-56;2025-03-31;1;SAO MARTINHO S.A.;020516;DF Individual - Demonstração do Resultado;REAL;MIL;ÚLTIMO;2024-04-01;2025-03-31;3.99.01;Lucro Básico por Ação;0.0000000000;N
51.466.860/0001-56;2025-03-31;1;SAO MARTINHO S.A.;020516;DF Individual - Demonstração do Resultado;REAL;MIL;PENÚLTIMO;2023-04-01;2024-03-31;3.99.01.01;ON;0.0000000000;N
51.466.860/0001-56;2025-03-31;1;SAO MARTINHO S.A.;020516;DF Individual - Demonstração do Resultado;REAL;MIL;ÚLTIMO;2024-04-01;2025-03-31;3.99.01.01;ON;0.0000000000;N
51.466.860/0001-56;2025-03-31;1;SAO MARTINHO S.A.;020516;DF Individual - Demonstração do Resultado;REAL;MIL;PENÚLTIMO;2023-04-01;2024-03-31;3.99.02;Lucro Diluído por Ação;0.0000000000;N
51.466.860/0001-56;2025-03-31;1;SAO MARTINHO S.A.;020516;DF Individual - Demonstração do Resultado;REAL;MIL;ÚLTIMO;2024-04-01;2025-03-31;3.99.02;Lucro Diluído por Ação;0.0000000000;N
51.466.860/0001-56;2025-03-31;1;SAO MARTINHO S.A.;020516;DF Individual - Demonstração do Resultado;REAL;MIL;PENÚLTIMO;2023-04-01;2024-03-31;3.99.02.01;ON;0.0000000000;N
51.466.860/0001-56;2025-03-31;1;SAO MARTINHO S.A.;020516;DF Individual - Demonstração do Resultado;REAL;MIL;ÚLTIMO;2024-04-01;2025-03-31;3.99.02.01;ON;0.0000000000;N
64.904.295/0001-03;2025-02-28;1;CAMIL ALIMENTOS S.A.;024228;DF Individual - Demonstração do Resultado;REAL;MIL;PENÚLTIMO;2023-03-01;2024-02-28;3.01;Receita de Venda de Bens e/ou Serviços;8406203.0000000000;S
64.904.295/0001-03;2025-02-28;1;CAMIL ALIMENTOS S.A.;024228;DF Individual - Demonstração do Resultado;REAL;MIL;ÚLTIMO;2024-03-01;2025-02-28;3.01;Receita de Venda de Bens e/ou Serviços;8940351.0000000000;S
64.904.295/0001-03;2025-02-28;1;CAMIL ALIMENTOS S.A.;024228;DF Individual - Demonstração do Resultado;REAL;MIL;PENÚLTIMO;2023-03-01;2024-02-28;3.02;Custo dos Bens e/ou Serviços Vendidos;-6793069.0000000000;S
64.904.295/0001-03;2025-02-28;1;CAMIL ALIMENTOS S.A.;024228;DF Individual - Demonstração do Resultado;REAL;MIL;ÚLTIMO;2024-03-01;2025-02-28;3.02;Custo dos Bens e/ou Serviços Vendidos;-7305195.0000000000;S
64.904.295/0001-03;2025-02-28;1;CAMIL ALIMENTOS S.A.;024228;DF Individual - Demonstração do Resultado;REAL;MIL;PENÚLTIMO;2023-03-01;2024-02-28;3.03;Resultado Bruto;1613134.0000000000;S
64.904.295/0001-03;2025-02-28;1;CAMIL ALIMENTOS S.A.;024228;DF Individual - Demonstração do Resultado;REAL;MIL;ÚLTIMO;2024-03-01;2025-02-28;3.03;Resultado Bruto;1635156.0000000000;S
64.904.295/0001-03;2025-02-28;1;CAMIL ALIMENTOS S.A.;024228;DF Individual - Demonstração do Resultado;REAL;MIL;PENÚLTIMO;2023-03-01;2024-02-28;3.04;Despesas/Receitas Operacionais;-929064.0000000000;S
64.904.295/0001-03;2025-02-28;1;CAMIL ALIMENTOS S.A.;024228;DF Individual - Demonstração do Resultado;REAL;MIL;ÚLTIMO;2024-03-01;2025-02-28;3.04;Despesas/Receitas Operacionais;-1062376.0000000000;S
64.904.295/0001-03;2025-02-28;1;CAMIL ALIMENTOS S.A.;024228;DF Individual - Demonstração do Resultado;REAL;MIL;PENÚLTIMO;2023-03-01;2024-02-28;3.04.01;Despesas com Vendas;-748909.0000000000;S
64.904.295/0001-03;2025-02-28;1;CAMIL ALIMENTOS S.A.;024228;DF Individual - Demonstração do Resultado;REAL;MIL;ÚLTIMO;2024-03-01;2025-02-28;3.04.01;Despesas com Vendas;-812340.0000000000;S
64.904.295/0001-03;2025-02-28;1;CAMIL ALIMENTOS S.A.;024228;DF Individual - Demonstração do Resultado;REAL;MIL;PENÚLTIMO;2023-03-01;2024-02-28;3.04.02;Despesas Gerais e Administrativas;-438814.0000000000;S
64.904.295/0001-03;2025-02-28;1;CAMIL ALIMENTOS S.A.;024228;DF Individual - Demonstração do Resultado;REAL;MIL;ÚLTIMO;2024-03-01;2025-02-28;3.04.02;Despesas Gerais e Administrativas;-445509.0000000000;S
64.904.295/0001-03;2025-02-28;1;CAMIL ALIMENTOS S.A.;024228;DF Individual - Demonstração do Resultado;REAL;MIL;PENÚLTIMO;2023-03-01;2024-02-28;3.04.03;Perdas pela Não Recuperabilidade de Ativos;0.0000000000;S
64.904.295/0001-03;2025-02-28;1;CAMIL ALIMENTOS S.A.;024228;DF Individual - Demonstração do Resultado;REAL;MIL;ÚLTIMO;2024-03-01;2025-02-28;3.04.03;Perdas pela Não Recuperabilidade de Ativos;0.0000000000;S
64.904.295/0001-03;2025-02-28;1;CAMIL ALIMENTOS S.A.;024228;DF Individual - Demonstração do Resultado;REAL;MIL;PENÚLTIMO;2023-03-01;2024-02-28;3.04.04;Outras Receitas Operacionais;41476.0000000000;S
64.904.295/0001-03;2025-02-28;1;CAMIL ALIMENTOS S.A.;024228;DF Individual - Demonstração do Resultado;REAL;MIL;ÚLTIMO;2024-03-01;2025-02-28;3.04.04;Outras Receitas Operacionais;46645.0000000000;S
64.904.295/0001-03;2025-02-28;1;CAMIL ALIMENTOS S.A.;024228;DF Individual - Demonstração do Resultado;REAL;MIL;PENÚLTIMO;2023-03-01;2024-02-28;3.04.05;Outras Despesas Operacionais;0.0000000000;S
64.904.295/0001-03;2025-02-28;1;CAMIL ALIMENTOS S.A.;024228;DF Individual - Demonstração do Resultado;REAL;MIL;ÚLTIMO;2024-03-01;2025-02-28;3.04.05;Outras Despesas Operacionais;0.0000000000;S
64.904.295/0001-03;2025-02-28;1;CAMIL ALIMENTOS S.A.;024228;DF Individual - Demonstração do Resultado;REAL;MIL;PENÚLTIMO;2023-03-01;2024-02-28;3.04.06;Resultado de Equivalência Patrimonial;217183.0000000000;S
64.904.295/0001-03;2025-02-28;1;CAMIL ALIMENTOS S.A.;024228;DF Individual - Demonstração do Resultado;REAL;MIL;ÚLTIMO;2024-03-01;2025-02-28;3.04.06;Resultado de Equivalência Patrimonial;148828.0000000000;S
64.904.295/0001-03;2025-02-28;1;CAMIL ALIMENTOS S.A.;024228;DF Individual - Demonstração do Resultado;REAL;MIL;PENÚLTIMO;2023-03-01;2024-02-28;3.05;Resultado Antes do Resultado Financeiro e dos Tributos;684070.0000000000;S
64.904.295/0001-03;2025-02-28;1;CAMIL ALIMENTOS S.A.;024228;DF Individual - Demonstração do Resultado;REAL;MIL;ÚLTIMO;2024-03-01;2025-02-28;3.05;Resultado Antes do Resultado Financeiro e dos Tributos;572780.0000000000;S
64.904.295/0001-03;2025-02-28;1;CAMIL ALIMENTOS S.A.;024228;DF Individual - Demonstração do Resultado;REAL;MIL;PENÚLTIMO;2023-03-01;2024-02-28;3.06;Resultado Financeiro;-394318.0000000000;S
64.904.295/0001-03;2025-02-28;1;CAMIL ALIMENTOS S.A.;024228;DF Individual - Demonstração do Resultado;REAL;MIL;ÚLTIMO;2024-03-01;2025-02-28;3.06;Resultado Financeiro;-400238.0000000000;S
64.904.295/0001-03;2025-02-28;1;CAMIL ALIMENTOS S.A.;024228;DF Individual - Demonstração do Resultado;REAL;MIL;PENÚLTIMO;2023-03-01;2024-02-28;3.06.01;Receitas Financeiras;291185.0000000000;S
64.904.295/0001-03;2025-02-28;1;CAMIL ALIMENTOS S.A.;024228;DF Individual - Demonstração do Resultado;REAL;MIL;ÚLTIMO;2024-03-01;2025-02-28;3.06.01;Receitas Financeiras;393650.0000000000;S
64.904.295/0001-03;2025-02-28;1;CAMIL ALIMENTOS S.A.;024228;DF Individual - Demonstração do Resultado;REAL;MIL;PENÚLTIMO;2023-03-01;2024-02-28;3.06.02;Despesas Financeiras;-685503.0000000000;S
64.904.295/0001-03;2025-02-28;1;CAMIL ALIMENTOS S.A.;024228;DF Individual - Demonstração do Resultado;REAL;MIL;ÚLTIMO;2024-03-01;2025-02-28;3.06.02;Despesas Financeiras;-793888.0000000000;S
64.904.295/0001-03;2025-02-28;1;CAMIL ALIMENTOS S.A.;024228;DF Individual - Demonstração do Resultado;REAL;MIL;PENÚLTIMO;2023-03-01;2024-02-28;3.07;Resultado Antes dos Tributos sobre o Lucro;289752.0000000000;S
64.904.295/0001-03;2025-02-28;1;CAMIL ALIMENTOS S.A.;024228;DF Individual - Demonstração do Resultado;REAL;MIL;ÚLTIMO;2024-03-01;2025-02-28;3.07;Resultado Antes dos Tributos sobre o Lucro;172542.0000000000;S
64.904.295/0001-03;2025-02-28;1;CAMIL ALIMENTOS S.A.;024228;DF Individual - Demonstração do Resultado;REAL;MIL;PENÚLTIMO;2023-03-01;2024-02-28;3.08;Imposto de Renda e Contribuição Social sobre o Lucro;70585.0000000000;S
64.904.295/0001-03;2025-02-28;1;CAMIL ALIMENTOS S.A.;024228;DF Individual - Demonstração do Resultado;REAL;MIL;ÚLTIMO;2024-03-01;2025-02-28;3.08;Imposto de Renda e Contribuição Social sobre o Lucro;44408.0000000000;S
64.904.295/0001-03;2025-02-28;1;CAMIL ALIMENTOS S.A.;024228;DF Individual - Demonstração do Resultado;REAL;MIL;PENÚLTIMO;2023-03-01;2024-02-28;3.08.01;Corrente;-3798.0000000000;S
64.904.295/0001-03;2025-02-28;1;CAMIL ALIMENTOS S.A.;024228;DF Individual - Demonstração do Resultado;REAL;MIL;ÚLTIMO;2024-03-01;2025-02-28;3.08.01;Corrente;-21284.0000000000;S
64.904.295/0001-03;2025-02-28;1;CAMIL ALIMENTOS S.A.;024228;DF Individual - Demonstração do Resultado;REAL;MIL;PENÚLTIMO;2023-03-01;2024-02-28;3.08.02;Diferido;74383.0000000000;S
64.904.295/0001-03;2025-02-28;1;CAMIL ALIMENTOS S.A.;024228;DF Individual - Demonstração do Resultado;REAL;MIL;ÚLTIMO;2024-03-01;2025-02-28;3.08.02;Diferido;65692.0000000000;S
64.904.295/0001-03;2025-02-28;1;CAMIL ALIMENTOS S.A.;024228;DF Individual - Demonstração do Resultado;REAL;MIL;PENÚLTIMO;2023-03-01;2024-02-28;3.09;Resultado Líquido das Operações Continuadas;360337.0000000000;S
64.904.295/0001-03;2025-02-28;1;CAMIL ALIMENTOS S.A.;024228;DF Individual - Demonstração do Resultado;REAL;MIL;ÚLTIMO;2024-03-01;2025-02-28;3.09;Resultado Líquido das Operações Continuadas;216950.0000000000;S
64.904.295/0001-03;2025-02-28;1;CAMIL ALIMENTOS S.A.;024228;DF Individual - Demonstração do Resultado;REAL;MIL;PENÚLTIMO;2023-03-01;2024-02-28;3.10;Resultado Líquido de Operações Descontinuadas;0.0000000000;S
64.904.295/0001-03;2025-02-28;1;CAMIL ALIMENTOS S.A.;024228;DF Individual - Demonstração do Resultado;REAL;MIL;ÚLTIMO;2024-03-01;2025-02-28;3.10;Resultado Líquido de Operações Descontinuadas;0.0000000000;S
64.904.295/0001-03;2025-02-28;1;CAMIL ALIMENTOS S.A.;024228;DF Individual - Demonstração do Resultado;REAL;MIL;PENÚLTIMO;2023-03-01;2024-02-28;3.10.01;Lucro/Prejuízo Líquido das Operações Descontinuadas;0.0000000000;S
64.904.295/0001-03;2025-02-28;1;CAMIL ALIMENTOS S.A.;024228;DF Individual - Demonstração do Resultado;REAL;MIL;ÚLTIMO;2024-03-01;2025-02-28;3.10.01;Lucro/Prejuízo Líquido das Operações Descontinuadas;0.0000000000;S
64.904.295/0001-03;2025-02-28;1;CAMIL ALIMENTOS S.A.;024228;DF Individual - Demonstração do Resultado;REAL;MIL;PENÚLTIMO;2023-03-01;2024-02-28;3.10.02;Ganhos/Perdas Líquidas sobre Ativos de Operações Descontinuadas;0.0000000000;S
64.904.295/0001-03;2025-02-28;1;CAMIL ALIMENTOS S.A.;024228;DF Individual - Demonstração do Resultado;REAL;MIL;ÚLTIMO;2024-03-01;2025-02-28;3.10.02;Ganhos/Perdas Líquidas sobre Ativos de Operações Descontinuadas;0.0000000000;S
64.904.295/0001-03;2025-02-28;1;CAMIL ALIMENTOS S.A.;024228;DF Individual - Demonstração do Resultado;REAL;MIL;PENÚLTIMO;2023-03-01;2024-02-28;3.11;Lucro/Prejuízo do Período;360337.0000000000;S
64.904.295/0001-03;2025-02-28;1;CAMIL ALIMENTOS S.A.;024228;DF Individual - Demonstração do Resultado;REAL;MIL;ÚLTIMO;2024-03-01;2025-02-28;3.11;Lucro/Prejuízo do Período;216950.0000000000;S
64.904.295/0001-03;2025-02-28;1;CAMIL ALIMENTOS S.A.;024228;DF Individual - Demonstração do Resultado;REAL;MIL;PENÚLTIMO;2023-03-01;2024-02-28;3.99;Lucro por Ação - (Reais / Ação);0.0000000000;N
64.904.295/0001-03;2025-02-28;1;CAMIL ALIMENTOS S.A.;024228;DF Individual - Demonstração do Resultado;REAL;MIL;ÚLTIMO;2024-03-01;2025-02-28;3.99;Lucro por Ação - (Reais / Ação);0.0000000000;N
64.904.295/0001-03;2025-02-28;1;CAMIL ALIMENTOS S.A.;024228;DF Individual - Demonstração do Resultado;REAL;MIL;PENÚLTIMO;2023-03-01;2024-02-28;3.99.01;Lucro Básico por Ação;0.0000000000;N
64.904.295/0001-03;2025-02-28;1;CAMIL ALIMENTOS S.A.;024228;DF Individual - Demonstração do Resultado;REAL;MIL;ÚLTIMO;2024-03-01;2025-02-28;3.99.01;Lucro Básico por Ação;0.0000000000;N
64.904.295/0001-03;2025-02-28;1;CAMIL ALIMENTOS S.A.;024228;DF Individual - Demonstração do Resultado;REAL;MIL;PENÚLTIMO;2023-03-01;2024-02-28;3.99.01.01;ON;1.0445000000;N
64.904.295/0001-03;2025-02-28;1;CAMIL ALIMENTOS S.A.;024228;DF Individual - Demonstração do Resultado;REAL;MIL;ÚLTIMO;2024-03-01;2025-02-28;3.99.01.01;ON;0.6361000000;N
64.904.295/0001-03;2025-02-28;1;CAMIL ALIMENTOS S.A.;024228;DF Individual - Demonstração do Resultado;REAL;MIL;PENÚLTIMO;2023-03-01;2024-02-28;3.99.02;Lucro Diluído por Ação;0.0000000000;N
64.904.295/0001-03;2025-02-28;1;CAMIL ALIMENTOS S.A.;024228;DF Individual - Demonstração do Resultado;REAL;MIL;ÚLTIMO;2024-03-01;2025-02-28;3.99.02;Lucro Diluído por Ação;0.0000000000;N
64.904.295/0001-03;2025-02-28;1;CAMIL ALIMENTOS S.A.;024228;DF Individual - Demonstração do Resultado;REAL;MIL;PENÚLTIMO;2023-03-01;2024-02-28;3.99.02.01;ON;1.0187000000;N
64.904.295/0001-03;2025-02-28;1;CAMIL ALIMENTOS S.A.;024228;DF Individual - Demonstração do Resultado;REAL;MIL;ÚLTIMO;2024-03-01;2025-02-28;3.99.02.01;ON;0.6147000000;N
88.613.658/0001-10;2025-06-30;1;PETTENATI S.A. INDUSTRIA TEXTIL;009539;DF Individual - Demonstração do Resultado;REAL;UNIDADE;PENÚLTIMO;2023-07-01;2024-06-30;3.01;Receita de Venda de Bens e/ou Serviços;274943426.0000000000;S
88.613.658/0001-10;2025-06-30;1;PETTENATI S.A. INDUSTRIA TEXTIL;009539;DF Individual - Demonstração do Resultado;REAL;UNIDADE;ÚLTIMO;2024-07-01;2025-06-30;3.01;Receita de Venda de Bens e/ou Serviços;297684466.0000000000;S
88.613.658/0001-10;2025-06-30;1;PETTENATI S.A. INDUSTRIA TEXTIL;009539;DF Individual - Demonstração do Resultado;REAL;UNIDADE;PENÚLTIMO;2023-07-01;2024-06-30;3.02;Custo dos Bens e/ou Serviços Vendidos;-230614900.0000000000;S
88.613.658/0001-10;2025-06-30;1;PETTENATI S.A. INDUSTRIA TEXTIL;009539;DF Individual - Demonstração do Resultado;REAL;UNIDADE;ÚLTIMO;2024-07-01;2025-06-30;3.02;Custo dos Bens e/ou Serviços Vendidos;-238306399.0000000000;S
88.613.658/0001-10;2025-06-30;1;PETTENATI S.A. INDUSTRIA TEXTIL;009539;DF Individual - Demonstração do Resultado;REAL;UNIDADE;PENÚLTIMO;2023-07-01;2024-06-30;3.03;Resultado Bruto;44328526.0000000000;S
88.613.658/0001-10;2025-06-30;1;PETTENATI S.A. INDUSTRIA TEXTIL;009539;DF Individual - Demonstração do Resultado;REAL;UNIDADE;ÚLTIMO;2024-07-01;2025-06-30;3.03;Resultado Bruto;59378067.0000000000;S
88.613.658/0001-10;2025-06-30;1;PETTENATI S.A. INDUSTRIA TEXTIL;009539;DF Individual - Demonstração do Resultado;REAL;UNIDADE;PENÚLTIMO;2023-07-01;2024-06-30;3.04;Despesas/Receitas Operacionais;-26396324.0000000000;S
88.613.658/0001-10;2025-06-30;1;PETTENATI S.A. INDUSTRIA TEXTIL;009539;DF Individual - Demonstração do Resultado;REAL;UNIDADE;ÚLTIMO;2024-07-01;2025-06-30;3.04;Despesas/Receitas Operacionais;-27702139.0000000000;S
88.613.658/0001-10;2025-06-30;1;PETTENATI S.A. INDUSTRIA TEXTIL;009539;DF Individual - Demonstração do Resultado;REAL;UNIDADE;PENÚLTIMO;2023-07-01;2024-06-30;3.04.01;Despesas com Vendas;-27432571.0000000000;S
88.613.658/0001-10;2025-06-30;1;PETTENATI S.A. INDUSTRIA TEXTIL;009539;DF Individual - Demonstração do Resultado;REAL;UNIDADE;ÚLTIMO;2024-07-01;2025-06-30;3.04.01;Despesas com Vendas;-30173426.0000000000;S
88.613.658/0001-10;2025-06-30;1;PETTENATI S.A. INDUSTRIA TEXTIL;009539;DF Individual - Demonstração do Resultado;REAL;UNIDADE;PENÚLTIMO;2023-07-01;2024-06-30;3.04.02;Despesas Gerais e Administrativas;-39770737.0000000000;S
88.613.658/0001-10;2025-06-30;1;PETTENATI S.A. INDUSTRIA TEXTIL;009539;DF Individual - Demonstração do Resultado;REAL;UNIDADE;ÚLTIMO;2024-07-01;2025-06-30;3.04.02;Despesas Gerais e Administrativas;-40842432.0000000000;S
88.613.658/0001-10;2025-06-30;1;PETTENATI S.A. INDUSTRIA TEXTIL;009539;DF Individual - Demonstração do Resultado;REAL;UNIDADE;PENÚLTIMO;2023-07-01;2024-06-30;3.04.03;Perdas pela Não Recuperabilidade de Ativos;-1108856.0000000000;S
88.613.658/0001-10;2025-06-30;1;PETTENATI S.A. INDUSTRIA TEXTIL;009539;DF Individual - Demonstração do Resultado;REAL;UNIDADE;ÚLTIMO;2024-07-01;2025-06-30;3.04.03;Perdas pela Não Recuperabilidade de Ativos;-68833.0000000000;S
88.613.658/0001-10;2025-06-30;1;PETTENATI S.A. INDUSTRIA TEXTIL;009539;DF Individual - Demonstração do Resultado;REAL;UNIDADE;PENÚLTIMO;2023-07-01;2024-06-30;3.04.04;Outras Receitas Operacionais;9319413.0000000000;S
88.613.658/0001-10;2025-06-30;1;PETTENATI S.A. INDUSTRIA TEXTIL;009539;DF Individual - Demonstração do Resultado;REAL;UNIDADE;ÚLTIMO;2024-07-01;2025-06-30;3.04.04;Outras Receitas Operacionais;10647255.0000000000;S
88.613.658/0001-10;2025-06-30;1;PETTENATI S.A. INDUSTRIA TEXTIL;009539;DF Individual - Demonstração do Resultado;REAL;UNIDADE;PENÚLTIMO;2023-07-01;2024-06-30;3.04.05;Outras Despesas Operacionais;-2175773.0000000000;S
88.613.658/0001-10;2025-06-30;1;PETTENATI S.A. INDUSTRIA TEXTIL;009539;DF Individual - Demonstração do Resultado;REAL;UNIDADE;ÚLTIMO;2024-07-01;2025-06-30;3.04.05;Outras Despesas Operacionais;-3239022.0000000000;S
88.613.658/0001-10;2025-06-30;1;PETTENATI S.A. INDUSTRIA TEXTIL;009539;DF Individual - Demonstração do Resultado;REAL;UNIDADE;PENÚLTIMO;2023-07-01;2024-06-30;3.04.06;Resultado de Equivalência Patrimonial;34772200.0000000000;S
88.613.658/0001-10;2025-06-30;1;PETTENATI S.A. INDUSTRIA TEXTIL;009539;DF Individual - Demonstração do Resultado;REAL;UNIDADE;ÚLTIMO;2024-07-01;2025-06-30;3.04.06;Resultado de Equivalência Patrimonial;35974319.0000000000;S
88.613.658/0001-10;2025-06-30;1;PETTENATI S.A. INDUSTRIA TEXTIL;009539;DF Individual - Demonstração do Resultado;REAL;UNIDADE;PENÚLTIMO;2023-07-01;2024-06-30;3.05;Resultado Antes do Resultado Financeiro e dos Tributos;17932202.0000000000;S
88.613.658/0001-10;2025-06-30;1;PETTENATI S.A. INDUSTRIA TEXTIL;009539;DF Individual - Demonstração do Resultado;REAL;UNIDADE;ÚLTIMO;2024-07-01;2025-06-30;3.05;Resultado Antes do Resultado Financeiro e dos Tributos;31675928.0000000000;S
88.613.658/0001-10;2025-06-30;1;PETTENATI S.A. INDUSTRIA TEXTIL;009539;DF Individual - Demonstração do Resultado;REAL;UNIDADE;PENÚLTIMO;2023-07-01;2024-06-30;3.06;Resultado Financeiro;4834343.0000000000;S
88.613.658/0001-10;2025-06-30;1;PETTENATI S.A. INDUSTRIA TEXTIL;009539;DF Individual - Demonstração do Resultado;REAL;UNIDADE;ÚLTIMO;2024-07-01;2025-06-30;3.06;Resultado Financeiro;2568406.0000000000;S
88.613.658/0001-10;2025-06-30;1;PETTENATI S.A. INDUSTRIA TEXTIL;009539;DF Individual - Demonstração do Resultado;REAL;UNIDADE;PENÚLTIMO;2023-07-01;2024-06-30;3.06.01;Receitas Financeiras;19704635.0000000000;S
88.613.658/0001-10;2025-06-30;1;PETTENATI S.A. INDUSTRIA TEXTIL;009539;DF Individual - Demonstração do Resultado;REAL;UNIDADE;ÚLTIMO;2024-07-01;2025-06-30;3.06.01;Receitas Financeiras;57242344.0000000000;S
88.613.658/0001-10;2025-06-30;1;PETTENATI S.A. INDUSTRIA TEXTIL;009539;DF Individual - Demonstração do Resultado;REAL;UNIDADE;PENÚLTIMO;2023-07-01;2024-06-30;3.06.02;Despesas Financeiras;-14870292.0000000000;S
88.613.658/0001-10;2025-06-30;1;PETTENATI S.A. INDUSTRIA TEXTIL;009539;DF Individual - Demonstração do Resultado;REAL;UNIDADE;ÚLTIMO;2024-07-01;2025-06-30;3.06.02;Despesas Financeiras;-54673938.0000000000;S
88.613.658/0001-10;2025-06-30;1;PETTENATI S.A. INDUSTRIA TEXTIL;009539;DF Individual - Demonstração do Resultado;REAL;UNIDADE;PENÚLTIMO;2023-07-01;2024-06-30;3.07;Resultado Antes dos Tributos sobre o Lucro;22766545.0000000000;S
88.613.658/0001-10;2025-06-30;1;PETTENATI S.A. INDUSTRIA TEXTIL;009539;DF Individual - Demonstração do Resultado;REAL;UNIDADE;ÚLTIMO;2024-07-01;2025-06-30;3.07;Resultado Antes dos Tributos sobre o Lucro;34244334.0000000000;S
88.613.658/0001-10;2025-06-30;1;PETTENATI S.A. INDUSTRIA TEXTIL;009539;DF Individual - Demonstração do Resultado;REAL;UNIDADE;PENÚLTIMO;2023-07-01;2024-06-30;3.08;Imposto de Renda e Contribuição Social sobre o Lucro;-3555757.0000000000;S
88.613.658/0001-10;2025-06-30;1;PETTENATI S.A. INDUSTRIA TEXTIL;009539;DF Individual - Demonstração do Resultado;REAL;UNIDADE;ÚLTIMO;2024-07-01;2025-06-30;3.08;Imposto de Renda e Contribuição Social sobre o Lucro;8253226.0000000000;S
88.613.658/0001-10;2025-06-30;1;PETTENATI S.A. INDUSTRIA TEXTIL;009539;DF Individual - Demonstração do Resultado;REAL;UNIDADE;PENÚLTIMO;2023-07-01;2024-06-30;3.08.01;Corrente;-8429207.0000000000;S
88.613.658/0001-10;2025-06-30;1;PETTENATI S.A. INDUSTRIA TEXTIL;009539;DF Individual - Demonstração do Resultado;REAL;UNIDADE;ÚLTIMO;2024-07-01;2025-06-30;3.08.01;Corrente;11665810.0000000000;S
88.613.658/0001-10;2025-06-30;1;PETTENATI S.A. INDUSTRIA TEXTIL;009539;DF Individual - Demonstração do Resultado;REAL;UNIDADE;PENÚLTIMO;2023-07-01;2024-06-30;3.08.02;Diferido;4873450.0000000000;S
88.613.658/0001-10;2025-06-30;1;PETTENATI S.A. INDUSTRIA TEXTIL;009539;DF Individual - Demonstração do Resultado;REAL;UNIDADE;ÚLTIMO;2024-07-01;2025-06-30;3.08.02;Diferido;-3412584.0000000000;S
88.613.658/0001-10;2025-06-30;1;PETTENATI S.A. INDUSTRIA TEXTIL;009539;DF Individual - Demonstração do Resultado;REAL;UNIDADE;PENÚLTIMO;2023-07-01;2024-06-30;3.09;Resultado Líquido das Operações Continuadas;19210788.0000000000;S
88.613.658/0001-10;2025-06-30;1;PETTENATI S.A. INDUSTRIA TEXTIL;009539;DF Individual - Demonstração do Resultado;REAL;UNIDADE;ÚLTIMO;2024-07-01;2025-06-30;3.09;Resultado Líquido das Operações Continuadas;42497560.0000000000;S
88.613.658/0001-10;2025-06-30;1;PETTENATI S.A. INDUSTRIA TEXTIL;009539;DF Individual - Demonstração do Resultado;REAL;UNIDADE;PENÚLTIMO;2023-07-01;2024-06-30;3.10;Resultado Líquido de Operações Descontinuadas;0.0000000000;S
88.613.658/0001-10;2025-06-30;1;PETTENATI S.A. INDUSTRIA TEXTIL;009539;DF Individual - Demonstração do Resultado;REAL;UNIDADE;ÚLTIMO;2024-07-01;2025-06-30;3.10;Resultado Líquido de Operações Descontinuadas;0.0000000000;S
88.613.658/0001-10;2025-06-30;1;PETTENATI S.A. INDUSTRIA TEXTIL;009539;DF Individual - Demonstração do Resultado;REAL;UNIDADE;PENÚLTIMO;2023-07-01;2024-06-30;3.10.01;Lucro/Prejuízo Líquido das Operações Descontinuadas;0.0000000000;S
88.613.658/0001-10;2025-06-30;1;PETTENATI S.A. INDUSTRIA TEXTIL;009539;DF Individual - Demonstração do Resultado;REAL;UNIDADE;ÚLTIMO;2024-07-01;2025-06-30;3.10.01;Lucro/Prejuízo Líquido das Operações Descontinuadas;0.0000000000;S
88.613.658/0001-10;2025-06-30;1;PETTENATI S.A. INDUSTRIA TEXTIL;009539;DF Individual - Demonstração do Resultado;REAL;UNIDADE;PENÚLTIMO;2023-07-01;2024-06-30;3.10.02;Ganhos/Perdas Líquidas sobre Ativos de Operações Descontinuadas;0.0000000000;S
88.613.658/0001-10;2025-06-30;1;PETTENATI S.A. INDUSTRIA TEXTIL;009539;DF Individual - Demonstração do Resultado;REAL;UNIDADE;ÚLTIMO;2024-07-01;2025-06-30;3.10.02;Ganhos/Perdas Líquidas sobre Ativos de Operações Descontinuadas;0.0000000000;S
88.613.658/0001-10;2025-06-30;1;PETTENATI S.A. INDUSTRIA TEXTIL;009539;DF Individual - Demonstração do Resultado;REAL;UNIDADE;PENÚLTIMO;2023-07-01;2024-06-30;3.11;Lucro/Prejuízo do Período;19210788.0000000000;S
88.613.658/0001-10;2025-06-30;1;PETTENATI S.A. INDUSTRIA TEXTIL;009539;DF Individual - Demonstração do Resultado;REAL;UNIDADE;ÚLTIMO;2024-07-01;2025-06-30;3.11;Lucro/Prejuízo do Período;42497560.0000000000;S
88.613.658/0001-10;2025-06-30;1;PETTENATI S.A. INDUSTRIA TEXTIL;009539;DF Individual - Demonstração do Resultado;REAL;UNIDADE;PENÚLTIMO;2023-07-01;2024-06-30;3.99;Lucro por Ação - (Reais / Ação);0.0000000000;N
88.613.658/0001-10;2025-06-30;1;PETTENATI S.A. INDUSTRIA TEXTIL;009539;DF Individual - Demonstração do Resultado;REAL;UNIDADE;ÚLTIMO;2024-07-01;2025-06-30;3.99;Lucro por Ação - (Reais / Ação);0.0000000000;N
88.613.658/0001-10;2025-06-30;1;PETTENATI S.A. INDUSTRIA TEXTIL;009539;DF Individual - Demonstração do Resultado;REAL;UNIDADE;PENÚLTIMO;2023-07-01;2024-06-30;3.99.01;Lucro Básico por Ação;0.0000000000;N
88.613.658/0001-10;2025-06-30;1;PETTENATI S.A. INDUSTRIA TEXTIL;009539;DF Individual - Demonstração do Resultado;REAL;UNIDADE;ÚLTIMO;2024-07-01;2025-06-30;3.99.01;Lucro Básico por Ação;0.0000000000;N
88.613.658/0001-10;2025-06-30;1;PETTENATI S.A. INDUSTRIA TEXTIL;009539;DF Individual - Demonstração do Resultado;REAL;UNIDADE;PENÚLTIMO;2023-07-01;2024-06-30;3.99.01.01;ON;0.3998400000;N
88.613.658/0001-10;2025-06-30;1;PETTENATI S.A. INDUSTRIA TEXTIL;009539;DF Individual - Demonstração do Resultado;REAL;UNIDADE;ÚLTIMO;2024-07-01;2025-06-30;3.99.01.01;ON;0.8845100000;N
88.613.658/0001-10;2025-06-30;1;PETTENATI S.A. INDUSTRIA TEXTIL;009539;DF Individual - Demonstração do Resultado;REAL;UNIDADE;PENÚLTIMO;2023-07-01;2024-06-30;3.99.01.02;PN;0.3998400000;N
88.613.658/0001-10;2025-06-30;1;PETTENATI S.A. INDUSTRIA TEXTIL;009539;DF Individual - Demonstração do Resultado;REAL;UNIDADE;ÚLTIMO;2024-07-01;2025-06-30;3.99.01.02;PN;0.8845100000;N
88.613.658/0001-10;2025-06-30;1;PETTENATI S.A. INDUSTRIA TEXTIL;009539;DF Individual - Demonstração do Resultado;REAL;UNIDADE;PENÚLTIMO;2023-07-01;2024-06-30;3.99.02;Lucro Diluído por Ação;0.0000000000;N
88.613.658/0001-10;2025-06-30;1;PETTENATI S.A. INDUSTRIA TEXTIL;009539;DF Individual - Demonstração do Resultado;REAL;UNIDADE;ÚLTIMO;2024-07-01;2025-06-30;3.99.02;Lucro Diluído por Ação;0.0000000000;N
88.613.658/0001-10;2025-06-30;1;PETTENATI S.A. INDUSTRIA TEXTIL;009539;DF Individual - Demonstração do Resultado;REAL;UNIDADE;PENÚLTIMO;2023-07-01;2024-06-30;3.99.02.01;ON;0.3998400000;N
88.613.658/0001-10;2025-06-30;1;PETTENATI S.A. INDUSTRIA TEXTIL;009539;DF Individual - Demonstração do Resultado;REAL;UNIDADE;ÚLTIMO;2024-07-01;2025-06-30;3.99.02.01;ON;0.8845100000;N
88.613.658/0001-10;2025-06-30;1;PETTENATI S.A. INDUSTRIA TEXTIL;009539;DF Individual - Demonstração do Resultado;REAL;UNIDADE;PENÚLTIMO;2023-07-01;2024-06-30;3.99.02.02;PN;0.3998400000;N
88.613.658/0001-10;2025-06-30;1;PETTENATI S.A. INDUSTRIA TEXTIL;009539;DF Individual - Demonstração do Resultado;REAL;UNIDADE;ÚLTIMO;2024-07-01;2025-06-30;3.99.02.02;PN;0.8845100000;N
