CNPJ_CIA;DT_REFER;VERSAO;DENOM_CIA;CD_CVM;GRUPO_DFP;MOEDA;ESCALA_MOEDA;ORDEM_EXERC;DT_INI_EXERC;DT_FIM_EXERC;COLUNA_DF;CD_CONTA;DS_CONTA;VL_CONTA;ST_CONTA_FIXA
02.635.522/0001-95;2025-03-31;1;JALLES MACHADO S.A.;025496;DF Individual - Demonstração das Mutações do Patrimônio Líquido;REAL;MIL;PENÚLTIMO;2023-04-01;2024-03-31;Capital Social Integralizado;5.01;Saldos Iniciais;982096.0000000000;S
02.635.522/0001-95;2025-03-31;1;JALLES MACHADO S.A.;025496;DF Individual - Demonstração das Mutações do Patrimônio Líquido;REAL;MIL;ÚLTIMO;2024-04-01;2025-03-31;Capital Social Integralizado;5.01;Saldos Iniciais;1039266.0000000000;S
02.635.522/0001-95;2025-03-31;1;JALLES MACHADO S.A.;025496;DF Individual - Demonstração das Mutações do Patrimônio Líquido;REAL;MIL;PENÚLTIMO;2023-04-01;2024-03-31;Reservas de Capital, Opções Outorgadas e Ações em Tesouraria;5.01;Saldos Iniciais;-14261.0000000000;S
02.635.522/0001-95;2025-03-31;1;JALLES MACHADO S.A.;025496;DF Individual - Demonstração das Mutações do Patrimônio Líquido;REAL;MIL;ÚLTIMO;2024-04-01;2025-03-31;Reservas de Capital, Opções Outorgadas e Ações em Tesouraria;5.01;Saldos Iniciais;-14261.0000000000;S
02.635.522/0001-95;2025-03-31;1;JALLES MACHADO S.A.;025496;DF Individual - Demonstração das Mutações do Patrimônio Líquido;REAL;MIL;PENÚLTIMO;2023-04-01;2024-03-31;Reservas de Lucro;5.01;Saldos Iniciais;955886.0000000000;S
02.635.522/0001-95;2025-03-31;1;JALLES MACHADO S.A.;025496;DF Individual - Demonstração das Mutações do Patrimônio Líquido;REAL;MIL;ÚLTIMO;2024-04-01;2025-03-31;Reservas de Lucro;5.01;Saldos Iniciais;1037061.0000000000;S
02.635.522/0001-95;2025-03-31;1;JALLES MACHADO S.A.;025496;DF Individual - Demonstração das Mutações do Patrimônio Líquido;REAL;MIL;PENÚLTIMO;2023-04-01;2024-03-31;Lucros ou Prejuízos Acumulados;5.01;Saldos Iniciais;0.0000000000;S
02.635.522/0001-95;2025-03-31;1;JALLES MACHADO S.A.;025496;DF Individual - Demonstração das Mutações do Patrimônio Líquido;REAL;MIL;ÚLTIMO;2024-04-01;2025-03-31;Lucros ou Prejuízos Acumulados;5.01;Saldos Iniciais;0.0000000000;S
02.635.522/0001-95;2025-03-31;1;JALLES MACHADO S.A.;025496;DF Individual - Demonstração das Mutações do Patrimônio Líquido;REAL;MIL;PENÚLTIMO;2023-04-01;2024-03-31;Outros Resultados Abrangentes;5.01;Saldos Iniciais;13524.0000000000;S
02.635.522/0001-95;2025-03-31;1;JALLES MACHADO S.A.;025496;DF Individual - Demonstração das Mutações do Patrimônio Líquido;REAL;MIL;ÚLTIMO;2024-04-01;2025-03-31;Outros Resultados Abrangentes;5.01;Saldos Iniciais;12692.0000000000;S
02.635.522/0001-95;2025-03-31;1;JALLES MACHADO S.A.;025496;DF Individual - Demonstração das Mutações do Patrimônio Líquido;REAL;MIL;PENÚLTIMO;2023-04-01;2024-03-31;Patrimônio Líquido;5.01;Saldos Iniciais;1937245.0000000000;S
02.635.522/0001-95;2025-03-31;1;JALLES MACHADO S.A.;025496;DF Individual - Demonstração das Mutações do Patrimônio Líquido;REAL;MIL;ÚLTIMO;2024-04-01;2025-03-31;Patrimônio Líquido;5.01;Saldos Iniciais;2074758.0000000000;S
02.635.522/0001-95;2025-03-31;1;JALLES MACHADO S.A.;025496;DF Individual - Demonstração das Mutações do Patrimônio Líquido;REAL;MIL;PENÚLTIMO;2023-04-01;2024-03-31;Capital Social Integralizado;5.02;Ajustes de Exercícios Anteriores;0.0000000000;S
02.635.522/0001-95;2025-03-31;1;JALLES MACHADO S.A.;025496;DF Individual - Demonstração das Mutações do Patrimônio Líquido;REAL;MIL;ÚLTIMO;2024-04-01;2025-03-31;Capital Social Integralizado;5.02;Ajustes de Exercícios Anteriores;0.0000000000;S
02.635.522/0001-95;2025-03-31;1;JALLES MACHADO S.A.;025496;DF Individual - Demonstração das Mutações do Patrimônio Líquido;REAL;MIL;PENÚLTIMO;2023-04-01;2024-03-31;Reservas de Capital, Opções Outorgadas e Ações em Tesouraria;5.02;Ajustes de Exercícios Anteriores;0.0000000000;S
02.635.522/0001-95;2025-03-31;1;JALLES MACHADO S.A.;025496;DF Individual - Demonstração das Mutações do Patrimônio Líquido;REAL;MIL;ÚLTIMO;2024-04-01;2025-03-31;Reservas de Capital, Opções Outorgadas e Ações em Tesouraria;5.02;Ajustes de Exercícios Anteriores;0.0000000000;S
02.635.522/0001-95;2025-03-31;1;JALLES MACHADO S.A.;025496;DF Individual - Demonstração das Mutações do Patrimônio Líquido;REAL;MIL;PENÚLTIMO;2023-04-01;2024-03-31;Reservas de Lucro;5.02;Ajustes de Exercícios Anteriores;0.0000000000;S
02.635.522/0001-95;2025-03-31;1;JALLES MACHADO S.A.;025496;DF Individual - Demonstração das Mutações do Patrimônio Líquido;REAL;MIL;ÚLTIMO;2024-04-01;2025-03-31;Reservas de Lucro;5.02;Ajustes de Exercícios Anteriores;0.0000000000;S
02.635.522/0001-95;2025-03-31;1;JALLES MACHADO S.A.;025496;DF Individual - Demonstração das Mutações do Patrimônio Líquido;REAL;MIL;PENÚLTIMO;2023-04-01;2024-03-31;Lucros ou Prejuízos Acumulados;5.02;Ajustes de Exercícios Anteriores;0.0000000000;S
02.635.522/0001-95;2025-03-31;1;JALLES MACHADO S.A.;025496;DF Individual - Demonstração das Mutações do Patrimônio Líquido;REAL;MIL;ÚLTIMO;2024-04-01;2025-03-31;Lucros ou Prejuízos Acumulados;5.02;Ajustes de Exercícios Anteriores;0.0000000000;S
02.635.522/0001-95;2025-03-31;1;JALLES MACHADO S.A.;025496;DF Individual - Demonstração das Mutações do Patrimônio Líquido;REAL;MIL;PENÚLTIMO;2023-04-01;2024-03-31;Outros Resultados Abrangentes;5.02;Ajustes de Exercícios Anteriores;0.0000000000;S
02.635.522/0001-95;2025-03-31;1;JALLES MACHADO S.A.;025496;DF Individual - Demonstração das Mutações do Patrimônio Líquido;REAL;MIL;ÚLTIMO;2024-04-01;2025-03-31;Outros Resultados Abrangentes;5.02;Ajustes de Exercícios Anteriores;0.0000000000;S
02.635.522/0001-95;2025-03-31;1;JALLES MACHADO S.A.;025496;DF Individual - Demonstração das Mutações do Patrimônio Líquido;REAL;MIL;PENÚLTIMO;2023-04-01;2024-03-31;Patrimônio Líquido;5.02;Ajustes de Exercícios Anteriores;0.0000000000;S
02.635.522/0001-95;2025-03-31;1;JALLES MACHADO S.A.;025496;DF Individual - Demonstração das Mutações do Patrimônio Líquido;REAL;MIL;ÚLTIMO;2024-04-01;2025-03-31;Patrimônio Líquido;5.02;Ajustes de Exercícios Anteriores;0.0000000000;S
02.635.522/0001-95;2025-03-31;1;JALLES MACHADO S.A.;025496;DF Individual - Demonstração das Mutações do Patrimônio Líquido;REAL;MIL;PENÚLTIMO;2023-04-01;2024-03-31;Capital Social Integralizado;5.03;Saldos Iniciais Ajustados;982096.0000000000;S
02.635.522/0001-95;2025-03-31;1;JALLES MACHADO S.A.;025496;DF Individual - Demonstração das Mutações do Patrimônio Líquido;REAL;MIL;ÚLTIMO;2024-04-01;2025-03-31;Capital Social Integralizado;5.03;Saldos Iniciais Ajustados;1039266.0000000000;S
02.635.522/0001-95;2025-03-31;1;JALLES MACHADO S.A.;025496;DF Individual - Demonstração das Mutações do Patrimônio Líquido;REAL;MIL;PENÚLTIMO;2023-04-01;2024-03-31;Reservas de Capital, Opções Outorgadas e Ações em Tesouraria;5.03;Saldos Iniciais Ajustados;-14261.0000000000;S
02.635.522/0001-95;2025-03-31;1;JALLES MACHADO S.A.;025496;DF Individual - Demonstração das Mutações do Patrimônio Líquido;REAL;MIL;ÚLTIMO;2024-04-01;2025-03-31;Reservas de Capital, Opções Outorgadas e Ações em Tesouraria;5.03;Saldos Iniciais Ajustados;-14261.0000000000;S
02.635.522/0001-95;2025-03-31;1;JALLES MACHADO S.A.;025496;DF Individual - Demonstração das Mutações do Patrimônio Líquido;REAL;MIL;PENÚLTIMO;2023-04-01;2024-03-31;Reservas de Lucro;5.03;Saldos Iniciais Ajustados;955886.0000000000;S
02.635.522/0001-95;2025-03-31;1;JALLES MACHADO S.A.;025496;DF Individual - Demonstração das Mutações do Patrimônio Líquido;REAL;MIL;ÚLTIMO;2024-04-01;2025-03-31;Reservas de Lucro;5.03;Saldos Iniciais Ajustados;1037061.0000000000;S
02.635.522/0001-95;2025-03-31;1;JALLES MACHADO S.A.;025496;DF Individual - Demonstração das Mutações do Patrimônio Líquido;REAL;MIL;PENÚLTIMO;2023-04-01;2024-03-31;Lucros ou Prejuízos Acumulados;5.03;Saldos Iniciais Ajustados;0.0000000000;S
02.635.522/0001-95;2025-03-31;1;JALLES MACHADO S.A.;025496;DF Individual - Demonstração das Mutações do Patrimônio Líquido;REAL;MIL;ÚLTIMO;2024-04-01;2025-03-31;Lucros ou Prejuízos Acumulados;5.03;Saldos Iniciais Ajustados;0.0000000000;S
02.635.522/0001-95;2025-03-31;1;JALLES MACHADO S.A.;025496;DF Individual - Demonstração das Mutações do Patrimônio Líquido;REAL;MIL;PENÚLTIMO;2023-04-01;2024-03-31;Outros Resultados Abrangentes;5.03;Saldos Iniciais Ajustados;13524.0000000000;S
02.635.522/0001-95;2025-03-31;1;JALLES MACHADO S.A.;025496;DF Individual - Demonstração das Mutações do Patrimônio Líquido;REAL;MIL;ÚLTIMO;2024-04-01;2025-03-31;Outros Resultados Abrangentes;5.03;Saldos Iniciais Ajustados;12692.0000000000;S
02.635.522/0001-95;2025-03-31;1;JALLES MACHADO S.A.;025496;DF Individual - Demonstração das Mutações do Patrimônio Líquido;REAL;MIL;PENÚLTIMO;2023-04-01;2024-03-31;Patrimônio Líquido;5.03;Saldos Iniciais Ajustados;1937245.0000000000;S
02.635.522/0001-95;2025-03-31;1;JALLES MACHADO S.A.;025496;DF Individual - Demonstração das Mutações do Patrimônio Líquido;REAL;MIL;ÚLTIMO;2024-04-01;2025-03-31;Patrimônio Líquido;5.03;Saldos Iniciais Ajustados;2074758.0000000000;S
02.635.522/0001-95;2025-03-31;1;JALLES MACHADO S.A.;025496;DF Individual - Demonstração das Mutações do Patrimônio Líquido;REAL;MIL;PENÚLTIMO;2023-04-01;2024-03-31;Capital Social Integralizado;5.04;Transações de Capital com os Sócios;57170.0000000000;S
02.635.522/0001-95;2025-03-31;1;JALLES MACHADO S.A.;025496;DF Individual - Demonstração das Mutações do Patrimônio Líquido;REAL;MIL;ÚLTIMO;2024-04-01;2025-03-31;Capital Social Integralizado;5.04;Transações de Capital com os Sócios;0.0000000000;S
02.635.522/0001-95;2025-03-31;1;JALLES MACHADO S.A.;025496;DF Individual - Demonstração das Mutações do Patrimônio Líquido;REAL;MIL;PENÚLTIMO;2023-04-01;2024-03-31;Reservas de Capital, Opções Outorgadas e Ações em Tesouraria;5.04;Transações de Capital com os Sócios;0.0000000000;S
02.635.522/0001-95;2025-03-31;1;JALLES MACHADO S.A.;025496;DF Individual - Demonstração das Mutações do Patrimônio Líquido;REAL;MIL;ÚLTIMO;2024-04-01;2025-03-31;Reservas de Capital, Opções Outorgadas e Ações em Tesouraria;5.04;Transações de Capital com os Sócios;0.0000000000;S
02.635.522/0001-95;2025-03-31;1;JALLES MACHADO S.A.;025496;DF Individual - Demonstração das Mutações do Patrimônio Líquido;REAL;MIL;PENÚLTIMO;2023-04-01;2024-03-31;Reservas de Lucro;5.04;Transações de Capital com os Sócios;14323.0000000000;S
02.635.522/0001-95;2025-03-31;1;JALLES MACHADO S.A.;025496;DF Individual - Demonstração das Mutações do Patrimônio Líquido;REAL;MIL;ÚLTIMO;2024-04-01;2025-03-31;Reservas de Lucro;5.04;Transações de Capital com os Sócios;-15638.0000000000;S
02.635.522/0001-95;2025-03-31;1;JALLES MACHADO S.A.;025496;DF Individual - Demonstração das Mutações do Patrimônio Líquido;REAL;MIL;PENÚLTIMO;2023-04-01;2024-03-31;Lucros ou Prejuízos Acumulados;5.04;Transações de Capital com os Sócios;-14323.0000000000;S
02.635.522/0001-95;2025-03-31;1;JALLES MACHADO S.A.;025496;DF Individual - Demonstração das Mutações do Patrimônio Líquido;REAL;MIL;ÚLTIMO;2024-04-01;2025-03-31;Lucros ou Prejuízos Acumulados;5.04;Transações de Capital com os Sócios;0.0000000000;S
02.635.522/0001-95;2025-03-31;1;JALLES MACHADO S.A.;025496;DF Individual - Demonstração das Mutações do Patrimônio Líquido;REAL;MIL;PENÚLTIMO;2023-04-01;2024-03-31;Outros Resultados Abrangentes;5.04;Transações de Capital com os Sócios;0.0000000000;S
02.635.522/0001-95;2025-03-31;1;JALLES MACHADO S.A.;025496;DF Individual - Demonstração das Mutações do Patrimônio Líquido;REAL;MIL;ÚLTIMO;2024-04-01;2025-03-31;Outros Resultados Abrangentes;5.04;Transações de Capital com os Sócios;0.0000000000;S
02.635.522/0001-95;2025-03-31;1;JALLES MACHADO S.A.;025496;DF Individual - Demonstração das Mutações do Patrimônio Líquido;REAL;MIL;PENÚLTIMO;2023-04-01;2024-03-31;Patrimônio Líquido;5.04;Transações de Capital com os Sócios;57170.0000000000;S
02.635.522/0001-95;2025-03-31;1;JALLES MACHADO S.A.;025496;DF Individual - Demonstração das Mutações do Patrimônio Líquido;REAL;MIL;ÚLTIMO;2024-04-01;2025-03-31;Patrimônio Líquido;5.04;Transações de Capital com os Sócios;-15638.0000000000;S
02.635.522/0001-95;2025-03-31;1;JALLES MACHADO S.A.;025496;DF Individual - Demonstração das Mutações do Patrimônio Líquido;REAL;MIL;PENÚLTIMO;2023-04-01;2024-03-31;Capital Social Integralizado;5.04.01;Aumentos de Capital;57170.0000000000;S
02.635.522/0001-95;2025-03-31;1;JALLES MACHADO S.A.;025496;DF Individual - Demonstração das Mutações do Patrimônio Líquido;REAL;MIL;ÚLTIMO;2024-04-01;2025-03-31;Capital Social Integralizado;5.04.01;Aumentos de Capital;0.0000000000;S
02.635.522/0001-95;2025-03-31;1;JALLES MACHADO S.A.;025496;DF Individual - Demonstração das Mutações do Patrimônio Líquido;REAL;MIL;PENÚLTIMO;2023-04-01;2024-03-31;Reservas de Capital, Opções Outorgadas e Ações em Tesouraria;5.04.01;Aumentos de Capital;0.0000000000;S
02.635.522/0001-95;2025-03-31;1;JALLES MACHADO S.A.;025496;DF Individual - Demonstração das Mutações do Patrimônio Líquido;REAL;MIL;ÚLTIMO;2024-04-01;2025-03-31;Reservas de Capital, Opções Outorgadas e Ações em Tesouraria;5.04.01;Aumentos de Capital;0.0000000000;S
02.635.522/0001-95;2025-03-31;1;JALLES MACHADO S.A.;025496;DF Individual - Demonstração das Mutações do Patrimônio Líquido;REAL;MIL;PENÚLTIMO;2023-04-01;2024-03-31;Reservas de Lucro;5.04.01;Aumentos de Capital;0.0000000000;S
02.635.522/0001-95;2025-03-31;1;JALLES MACHADO S.A.;025496;DF Individual - Demonstração das Mutações do Patrimônio Líquido;REAL;MIL;ÚLTIMO;2024-04-01;2025-03-31;Reservas de Lucro;5.04.01;Aumentos de Capital;0.0000000000;S
02.635.522/0001-95;2025-03-31;1;JALLES MACHADO S.A.;025496;DF Individual - Demonstração das Mutações do Patrimônio Líquido;REAL;MIL;PENÚLTIMO;2023-04-01;2024-03-31;Lucros ou Prejuízos Acumulados;5.04.01;Aumentos de Capital;0.0000000000;S
02.635.522/0001-95;2025-03-31;1;JALLES MACHADO S.A.;025496;DF Individual - Demonstração das Mutações do Patrimônio Líquido;REAL;MIL;ÚLTIMO;2024-04-01;2025-03-31;Lucros ou Prejuízos Acumulados;5.04.01;Aumentos de Capital;0.0000000000;S
02.635.522/0001-95;2025-03-31;1;JALLES MACHADO S.A.;025496;DF Individual - Demonstração das Mutações do Patrimônio Líquido;REAL;MIL;PENÚLTIMO;2023-04-01;2024-03-31;Outros Resultados Abrangentes;5.04.01;Aumentos de Capital;0.0000000000;S
02.635.522/0001-95;2025-03-31;1;JALLES MACHADO S.A.;025496;DF Individual - Demonstração das Mutações do Patrimônio Líquido;REAL;MIL;ÚLTIMO;2024-04-01;2025-03-31;Outros Resultados Abrangentes;5.04.01;Aumentos de Capital;0.0000000000;S
02.635.522/0001-95;2025-03-31;1;JALLES MACHADO S.A.;025496;DF Individual - Demonstração das Mutações do Patrimônio Líquido;REAL;MIL;PENÚLTIMO;2023-04-01;2024-03-31;Patrimônio Líquido;5.04.01;Aumentos de Capital;57170.0000000000;S
02.635.522/0001-95;2025-03-31;1;JALLES MACHADO S.A.;025496;DF Individual - Demonstração das Mutações do Patrimônio Líquido;REAL;MIL;ÚLTIMO;2024-04-01;2025-03-31;Patrimônio Líquido;5.04.01;Aumentos de Capital;0.0000000000;S
02.635.522/0001-95;2025-03-31;1;JALLES MACHADO S.A.;025496;DF Individual - Demonstração das Mutações do Patrimônio Líquido;REAL;MIL;PENÚLTIMO;2023-04-01;2024-03-31;Capital Social Integralizado;5.04.02;Gastos com Emissão de Ações;0.0000000000;S
02.635.522/0001-95;2025-03-31;1;JALLES MACHADO S.A.;025496;DF Individual - Demonstração das Mutações do Patrimônio Líquido;REAL;MIL;ÚLTIMO;2024-04-01;2025-03-31;Capital Social Integralizado;5.04.02;Gastos com Emissão de Ações;0.0000000000;S
02.635.522/0001-95;2025-03-31;1;JALLES MACHADO S.A.;025496;DF Individual - Demonstração das Mutações do Patrimônio Líquido;REAL;MIL;PENÚLTIMO;2023-04-01;2024-03-31;Reservas de Capital, Opções Outorgadas e Ações em Tesouraria;5.04.02;Gastos com Emissão de Ações;0.0000000000;S
02.635.522/0001-95;2025-03-31;1;JALLES MACHADO S.A.;025496;DF Individual - Demonstração das Mutações do Patrimônio Líquido;REAL;MIL;ÚLTIMO;2024-04-01;2025-03-31;Reservas de Capital, Opções Outorgadas e Ações em Tesouraria;5.04.02;Gastos com Emissão de Ações;0.0000000000;S
02.635.522/0001-95;2025-03-31;1;JALLES MACHADO S.A.;025496;DF Individual - Demonstração das Mutações do Patrimônio Líquido;REAL;MIL;PENÚLTIMO;2023-04-01;2024-03-31;Reservas de Lucro;5.04.02;Gastos com Emissão de Ações;0.0000000000;S
02.635.522/0001-95;2025-03-31;1;JALLES MACHADO S.A.;025496;DF Individual - Demonstração das Mutações do Patrimônio Líquido;REAL;MIL;ÚLTIMO;2024-04-01;2025-03-31;Reservas de Lucro;5.04.02;Gastos com Emissão de Ações;0.0000000000;S
02.635.522/0001-95;2025-03-31;1;JALLES MACHADO S.A.;025496;DF Individual - Demonstração das Mutações do Patrimônio Líquido;REAL;MIL;PENÚLTIMO;2023-04-01;2024-03-31;Lucros ou Prejuízos Acumulados;5.04.02;Gastos com Emissão de Ações;0.0000000000;S
02.635.522/0001-95;2025-03-31;1;JALLES MACHADO S.A.;025496;DF Individual - Demonstração das Mutações do Patrimônio Líquido;REAL;MIL;ÚLTIMO;2024-04-01;2025-03-31;Lucros ou Prejuízos Acumulados;5.04.02;Gastos com Emissão de Ações;0.0000000000;S
02.635.522/0001-95;2025-03-31;1;JALLES MACHADO S.A.;025496;DF Individual - Demonstração das Mutações do Patrimônio Líquido;REAL;MIL;PENÚLTIMO;2023-04-01;2024-03-31;Outros Resultados Abrangentes;5.04.02;Gastos com Emissão de Ações;0.0000000000;S
02.635.522/0001-95;2025-03-31;1;JALLES MACHADO S.A.;025496;DF Individual - Demonstração das Mutações do Patrimônio Líquido;REAL;MIL;ÚLTIMO;2024-04-01;2025-03-31;Outros Resultados Abrangentes;5.04.02;Gastos com Emissão de Ações;0.0000000000;S
02.635.522/0001-95;2025-03-31;1;JALLES MACHADO S.A.;025496;DF Individual - Demonstração das Mutações do Patrimônio Líquido;REAL;MIL;PENÚLTIMO;2023-04-01;2024-03-31;Patrimônio Líquido;5.04.02;Gastos com Emissão de Ações;0.0000000000;S
02.635.522/0001-95;2025-03-31;1;JALLES MACHADO S.A.;025496;DF Individual - Demonstração das Mutações do Patrimônio Líquido;REAL;MIL;ÚLTIMO;2024-04-01;2025-03-31;Patrimônio Líquido;5.04.02;Gastos com Emissão de Ações;0.0000000000;S
02.635.522/0001-95;2025-03-31;1;JALLES MACHADO S.A.;025496;DF Individual - Demonstração das Mutações do Patrimônio Líquido;REAL;MIL;PENÚLTIMO;2023-04-01;2024-03-31;Capital Social Integralizado;5.04.03;Opções Outorgadas Reconhecidas;0.0000000000;S
02.635.522/0001-95;2025-03-31;1;JALLES MACHADO S.A.;025496;DF Individual - Demonstração das Mutações do Patrimônio Líquido;REAL;MIL;ÚLTIMO;2024-04-01;2025-03-31;Capital Social Integralizado;5.04.03;Opções Outorgadas Reconhecidas;0.0000000000;S
02.635.522/0001-95;2025-03-31;1;JALLES MACHADO S.A.;025496;DF Individual - Demonstração das Mutações do Patrimônio Líquido;REAL;MIL;PENÚLTIMO;2023-04-01;2024-03-31;Reservas de Capital, Opções Outorgadas e Ações em Tesouraria;5.04.03;Opções Outorgadas Reconhecidas;0.0000000000;S
02.635.522/0001-95;2025-03-31;1;JALLES MACHADO S.A.;025496;DF Individual - Demonstração das Mutações do Patrimônio Líquido;REAL;MIL;ÚLTIMO;2024-04-01;2025-03-31;Reservas de Capital, Opções Outorgadas e Ações em Tesouraria;5.04.03;Opções Outorgadas Reconhecidas;0.0000000000;S
02.635.522/0001-95;2025-03-31;1;JALLES MACHADO S.A.;025496;DF Individual - Demonstração das Mutações do Patrimônio Líquido;REAL;MIL;PENÚLTIMO;2023-04-01;2024-03-31;Reservas de Lucro;5.04.03;Opções Outorgadas Reconhecidas;0.0000000000;S
02.635.522/0001-95;2025-03-31;1;JALLES MACHADO S.A.;025496;DF Individual - Demonstração das Mutações do Patrimônio Líquido;REAL;MIL;ÚLTIMO;2024-04-01;2025-03-31;Reservas de Lucro;5.04.03;Opções Outorgadas Reconhecidas;0.0000000000;S
02.635.522/0001-95;2025-03-31;1;JALLES MACHADO S.A.;025496;DF Individual - Demonstração das Mutações do Patrimônio Líquido;REAL;MIL;PENÚLTIMO;2023-04-01;2024-03-31;Lucros ou Prejuízos Acumulados;5.04.03;Opções Outorgadas Reconhecidas;0.0000000000;S
02.635.522/0001-95;2025-03-31;1;JALLES MACHADO S.A.;025496;DF Individual - Demonstração das Mutações do Patrimônio Líquido;REAL;MIL;ÚLTIMO;2024-04-01;2025-03-31;Lucros ou Prejuízos Acumulados;5.04.03;Opções Outorgadas Reconhecidas;0.0000000000;S
02.635.522/0001-95;2025-03-31;1;JALLES MACHADO S.A.;025496;DF Individual - Demonstração das Mutações do Patrimônio Líquido;REAL;MIL;PENÚLTIMO;2023-04-01;2024-03-31;Outros Resultados Abrangentes;5.04.03;Opções Outorgadas Reconhecidas;0.0000000000;S
02.635.522/0001-95;2025-03-31;1;JALLES MACHADO S.A.;025496;DF Individual - Demonstração das Mutações do Patrimônio Líquido;REAL;MIL;ÚLTIMO;2024-04-01;2025-03-31;Outros Resultados Abrangentes;5.04.03;Opções Outorgadas Reconhecidas;0.0000000000;S
02.635.522/0001-95;2025-03-31;1;JALLES MACHADO S.A.;025496;DF Individual - Demonstração das Mutações do Patrimônio Líquido;REAL;MIL;PENÚLTIMO;2023-04-01;2024-03-31;Patrimônio Líquido;5.04.03;Opções Outorgadas Reconhecidas;0.0000000000;S
02.635.522/0001-95;2025-03-31;1;JALLES MACHADO S.A.;025496;DF Individual - Demonstração das Mutações do Patrimônio Líquido;REAL;MIL;ÚLTIMO;2024-04-01;2025-03-31;Patrimônio Líquido;5.04.03;Opções Outorgadas Reconhecidas;0.0000000000;S
02.635.522/0001-95;2025-03-31;1;JALLES MACHADO S.A.;025496;DF Individual - Demonstração das Mutações do Patrimônio Líquido;REAL;MIL;PENÚLTIMO;2023-04-01;2024-03-31;Capital Social Integralizado;5.04.04;Ações em Tesouraria Adquiridas;0.0000000000;S
02.635.522/0001-95;2025-03-31;1;JALLES MACHADO S.A.;025496;DF Individual - Demonstração das Mutações do Patrimônio Líquido;REAL;MIL;ÚLTIMO;2024-04-01;2025-03-31;Capital Social Integralizado;5.04.04;Ações em Tesouraria Adquiridas;0.0000000000;S
02.635.522/0001-95;2025-03-31;1;JALLES MACHADO S.A.;025496;DF Individual - Demonstração das Mutações do Patrimônio Líquido;REAL;MIL;PENÚLTIMO;2023-04-01;2024-03-31;Reservas de Capital, Opções Outorgadas e Ações em Tesouraria;5.04.04;Ações em Tesouraria Adquiridas;0.0000000000;S
02.635.522/0001-95;2025-03-31;1;JALLES MACHADO S.A.;025496;DF Individual - Demonstração das Mutações do Patrimônio Líquido;REAL;MIL;ÚLTIMO;2024-04-01;2025-03-31;Reservas de Capital, Opções Outorgadas e Ações em Tesouraria;5.04.04;Ações em Tesouraria Adquiridas;0.0000000000;S
02.635.522/0001-95;2025-03-31;1;JALLES MACHADO S.A.;025496;DF Individual - Demonstração das Mutações do Patrimônio Líquido;REAL;MIL;PENÚLTIMO;2023-04-01;2024-03-31;Reservas de Lucro;5.04.04;Ações em Tesouraria Adquiridas;0.0000000000;S
02.635.522/0001-95;2025-03-31;1;JALLES MACHADO S.A.;025496;DF Individual - Demonstração das Mutações do Patrimônio Líquido;REAL;MIL;ÚLTIMO;2024-04-01;2025-03-31;Reservas de Lucro;5.04.04;Ações em Tesouraria Adquiridas;0.0000000000;S
02.635.522/0001-95;2025-03-31;1;JALLES MACHADO S.A.;025496;DF Individual - Demonstração das Mutações do Patrimônio Líquido;REAL;MIL;PENÚLTIMO;2023-04-01;2024-03-31;Lucros ou Prejuízos Acumulados;5.04.04;Ações em Tesouraria Adquiridas;0.0000000000;S
02.635.522/0001-95;2025-03-31;1;JALLES MACHADO S.A.;025496;DF Individual - Demonstração das Mutações do Patrimônio Líquido;REAL;MIL;ÚLTIMO;2024-04-01;2025-03-31;Lucros ou Prejuízos Acumulados;5.04.04;Ações em Tesouraria Adquiridas;0.0000000000;S
02.635.522/0001-95;2025-03-31;1;JALLES MACHADO S.A.;025496;DF Individual - Demonstração das Mutações do Patrimônio Líquido;REAL;MIL;PENÚLTIMO;2023-04-01;2024-03-31;Outros Resultados Abrangentes;5.04.04;Ações em Tesouraria Adquiridas;0.0000000000;S
02.635.522/0001-95;2025-03-31;1;JALLES MACHADO S.A.;025496;DF Individual - Demonstração das Mutações do Patrimônio Líquido;REAL;MIL;ÚLTIMO;2024-04-01;2025-03-31;Outros Resultados Abrangentes;5.04.04;Ações em Tesouraria Adquiridas;0.0000000000;S
02.635.522/0001-95;2025-03-31;1;JALLES MACHADO S.A.;025496;DF Individual - Demonstração das Mutações do Patrimônio Líquido;REAL;MIL;PENÚLTIMO;2023-04-01;2024-03-31;Patrimônio Líquido;5.04.04;Ações em Tesouraria Adquiridas;0.0000000000;S
02.635.522/0001-95;2025-03-31;1;JALLES MACHADO S.A.;025496;DF Individual - Demonstração das Mutações do Patrimônio Líquido;REAL;MIL;ÚLTIMO;2024-04-01;2025-03-31;Patrimônio Líquido;5.04.04;Ações em Tesouraria Adquiridas;0.0000000000;S
02.635.522/0001-95;2025-03-31;1;JALLES MACHADO S.A.;025496;DF Individual - Demonstração das Mutações do Patrimônio Líquido;REAL;MIL;PENÚLTIMO;2023-04-01;2024-03-31;Capital Social Integralizado;5.04.05;Ações em Tesouraria Vendidas;0.0000000000;S
02.635.522/0001-95;2025-03-31;1;JALLES MACHADO S.A.;025496;DF Individual - Demonstração das Mutações do Patrimônio Líquido;REAL;MIL;ÚLTIMO;2024-04-01;2025-03-31;Capital Social Integralizado;5.04.05;Ações em Tesouraria Vendidas;0.0000000000;S
02.635.522/0001-95;2025-03-31;1;JALLES MACHADO S.A.;025496;DF Individual - Demonstração das Mutações do Patrimônio Líquido;REAL;MIL;PENÚLTIMO;2023-04-01;2024-03-31;Reservas de Capital, Opções Outorgadas e Ações em Tesouraria;5.04.05;Ações em Tesouraria Vendidas;0.0000000000;S
02.635.522/0001-95;2025-03-31;1;JALLES MACHADO S.A.;025496;DF Individual - Demonstração das Mutações do Patrimônio Líquido;REAL;MIL;ÚLTIMO;2024-04-01;2025-03-31;Reservas de Capital, Opções Outorgadas e Ações em Tesouraria;5.04.05;Ações em Tesouraria Vendidas;0.0000000000;S
02.635.522/0001-95;2025-03-31;1;JALLES MACHADO S.A.;025496;DF Individual - Demonstração das Mutações do Patrimônio Líquido;REAL;MIL;PENÚLTIMO;2023-04-01;2024-03-31;Reservas de Lucro;5.04.05;Ações em Tesouraria Vendidas;0.0000000000;S
02.635.522/0001-95;2025-03-31;1;JALLES MACHADO S.A.;025496;DF Individual - Demonstração das Mutações do Patrimônio Líquido;REAL;MIL;ÚLTIMO;2024-04-01;2025-03-31;Reservas de Lucro;5.04.05;Ações em Tesouraria Vendidas;0.0000000000;S
02.635.522/0001-95;2025-03-31;1;JALLES MACHADO S.A.;025496;DF Individual - Demonstração das Mutações do Patrimônio Líquido;REAL;MIL;PENÚLTIMO;2023-04-01;2024-03-31;Lucros ou Prejuízos Acumulados;5.04.05;Ações em Tesouraria Vendidas;0.0000000000;S
02.635.522/0001-95;2025-03-31;1;JALLES MACHADO S.A.;025496;DF Individual - Demonstração das Mutações do Patrimônio Líquido;REAL;MIL;ÚLTIMO;2024-04-01;2025-03-31;Lucros ou Prejuízos Acumulados;5.04.05;Ações em Tesouraria Vendidas;0.0000000000;S
02.635.522/0001-95;2025-03-31;1;JALLES MACHADO S.A.;025496;DF Individual - Demonstração das Mutações do Patrimônio Líquido;REAL;MIL;PENÚLTIMO;2023-04-01;2024-03-31;Outros Resultados Abrangentes;5.04.05;Ações em Tesouraria Vendidas;0.0000000000;S
02.635.522/0001-95;2025-03-31;1;JALLES MACHADO S.A.;025496;DF Individual - Demonstração das Mutações do Patrimônio Líquido;REAL;MIL;ÚLTIMO;2024-04-01;2025-03-31;Outros Resultados Abrangentes;5.04.05;Ações em Tesouraria Vendidas;0.0000000000;S
02.635.522/0001-95;2025-03-31;1;JALLES MACHADO S.A.;025496;DF Individual - Demonstração das Mutações do Patrimônio Líquido;REAL;MIL;PENÚLTIMO;2023-04-01;2024-03-31;Patrimônio Líquido;5.04.05;Ações em Tesouraria Vendidas;0.0000000000;S
02.635.522/0001-95;2025-03-31;1;JALLES MACHADO S.A.;025496;DF Individual - Demonstração das Mutações do Patrimônio Líquido;REAL;MIL;ÚLTIMO;2024-04-01;2025-03-31;Patrimônio Líquido;5.04.05;Ações em Tesouraria Vendidas;0.0000000000;S
02.635.522/0001-95;2025-03-31;1;JALLES MACHADO S.A.;025496;DF Individual - Demonstração das Mutações do Patrimônio Líquido;REAL;MIL;PENÚLTIMO;2023-04-01;2024-03-31;Capital Social Integralizado;5.04.06;Dividendos;0.0000000000;S
02.635.522/0001-95;2025-03-31;1;JALLES MACHADO S.A.;025496;DF Individual - Demonstração das Mutações do Patrimônio Líquido;REAL;MIL;ÚLTIMO;2024-04-01;2025-03-31;Capital Social Integralizado;5.04.06;Dividendos;0.0000000000;S
02.635.522/0001-95;2025-03-31;1;JALLES MACHADO S.A.;025496;DF Individual - Demonstração das Mutações do Patrimônio Líquido;REAL;MIL;PENÚLTIMO;2023-04-01;2024-03-31;Reservas de Capital, Opções Outorgadas e Ações em Tesouraria;5.04.06;Dividendos;0.0000000000;S
02.635.522/0001-95;2025-03-31;1;JALLES MACHADO S.A.;025496;DF Individual - Demonstração das Mutações do Patrimônio Líquido;REAL;MIL;ÚLTIMO;2024-04-01;2025-03-31;Reservas de Capital, Opções Outorgadas e Ações em Tesouraria;5.04.06;Dividendos;0.0000000000;S
02.635.522/0001-95;2025-03-31;1;JALLES MACHADO S.A.;025496;DF Individual - Demonstração das Mutações do Patrimônio Líquido;REAL;MIL;PENÚLTIMO;2023-04-01;2024-03-31;Reservas de Lucro;5.04.06;Dividendos;14323.0000000000;S
02.635.522/0001-95;2025-03-31;1;JALLES MACHADO S.A.;025496;DF Individual - Demonstração das Mutações do Patrimônio Líquido;REAL;MIL;ÚLTIMO;2024-04-01;2025-03-31;Reservas de Lucro;5.04.06;Dividendos;-15638.0000000000;S
02.635.522/0001-95;2025-03-31;1;JALLES MACHADO S.A.;025496;DF Individual - Demonstração das Mutações do Patrimônio Líquido;REAL;MIL;PENÚLTIMO;2023-04-01;2024-03-31;Lucros ou Prejuízos Acumulados;5.04.06;Dividendos;-14323.0000000000;S
02.635.522/0001-95;2025-03-31;1;JALLES MACHADO S.A.;025496;DF Individual - Demonstração das Mutações do Patrimônio Líquido;REAL;MIL;ÚLTIMO;2024-04-01;2025-03-31;Lucros ou Prejuízos Acumulados;5.04.06;Dividendos;0.0000000000;S
02.635.522/0001-95;2025-03-31;1;JALLES MACHADO S.A.;025496;DF Individual - Demonstração das Mutações do Patrimônio Líquido;REAL;MIL;PENÚLTIMO;2023-04-01;2024-03-31;Outros Resultados Abrangentes;5.04.06;Dividendos;0.0000000000;S
02.635.522/0001-95;2025-03-31;1;JALLES MACHADO S.A.;025496;DF Individual - Demonstração das Mutações do Patrimônio Líquido;REAL;MIL;ÚLTIMO;2024-04-01;2025-03-31;Outros Resultados Abrangentes;5.04.06;Dividendos;0.0000000000;S
02.635.522/0001-95;2025-03-31;1;JALLES MACHADO S.A.;025496;DF Individual - Demonstração das Mutações do Patrimônio Líquido;REAL;MIL;PENÚLTIMO;2023-04-01;2024-03-31;Patrimônio Líquido;5.04.06;Dividendos;0.0000000000;S
02.635.522/0001-95;2025-03-31;1;JALLES MACHADO S.A.;025496;DF Individual - Demonstração das Mutações do Patrimônio Líquido;REAL;MIL;ÚLTIMO;2024-04-01;2025-03-31;Patrimônio Líquido;5.04.06;Dividendos;-15638.0000000000;S
02.635.522/0001-95;2025-03-31;1;JALLES MACHADO S.A.;025496;DF Individual - Demonstração das Mutações do Patrimônio Líquido;REAL;MIL;PENÚLTIMO;2023-04-01;2024-03-31;Capital Social Integralizado;5.04.07;Juros sobre Capital Próprio;0.0000000000;S
02.635.522/0001-95;2025-03-31;1;JALLES MACHADO S.A.;025496;DF Individual - Demonstração das Mutações do Patrimônio Líquido;REAL;MIL;ÚLTIMO;2024-04-01;2025-03-31;Capital Social Integralizado;5.04.07;Juros sobre Capital Próprio;0.0000000000;S
02.635.522/0001-95;2025-03-31;1;JALLES MACHADO S.A.;025496;DF Individual - Demonstração das Mutações do Patrimônio Líquido;REAL;MIL;PENÚLTIMO;2023-04-01;2024-03-31;Reservas de Capital, Opções Outorgadas e Ações em Tesouraria;5.04.07;Juros sobre Capital Próprio;0.0000000000;S
02.635.522/0001-95;2025-03-31;1;JALLES MACHADO S.A.;025496;DF Individual - Demonstração das Mutações do Patrimônio Líquido;REAL;MIL;ÚLTIMO;2024-04-01;2025-03-31;Reservas de Capital, Opções Outorgadas e Ações em Tesouraria;5.04.07;Juros sobre Capital Próprio;0.0000000000;S
02.635.522/0001-95;2025-03-31;1;JALLES MACHADO S.A.;025496;DF Individual - Demonstração das Mutações do Patrimônio Líquido;REAL;MIL;PENÚLTIMO;2023-04-01;2024-03-31;Reservas de Lucro;5.04.07;Juros sobre Capital Próprio;0.0000000000;S
02.635.522/0001-95;2025-03-31;1;JALLES MACHADO S.A.;025496;DF Individual - Demonstração das Mutações do Patrimônio Líquido;REAL;MIL;ÚLTIMO;2024-04-01;2025-03-31;Reservas de Lucro;5.04.07;Juros sobre Capital Próprio;0.0000000000;S
02.635.522/0001-95;2025-03-31;1;JALLES MACHADO S.A.;025496;DF Individual - Demonstração das Mutações do Patrimônio Líquido;REAL;MIL;PENÚLTIMO;2023-04-01;2024-03-31;Lucros ou Prejuízos Acumulados;5.04.07;Juros sobre Capital Próprio;0.0000000000;S
02.635.522/0001-95;2025-03-31;1;JALLES MACHADO S.A.;025496;DF Individual - Demonstração das Mutações do Patrimônio Líquido;REAL;MIL;ÚLTIMO;2024-04-01;2025-03-31;Lucros ou Prejuízos Acumulados;5.04.07;Juros sobre Capital Próprio;0.0000000000;S
02.635.522/0001-95;2025-03-31;1;JALLES MACHADO S.A.;025496;DF Individual - Demonstração das Mutações do Patrimônio Líquido;REAL;MIL;PENÚLTIMO;2023-04-01;2024-03-31;Outros Resultados Abrangentes;5.04.07;Juros sobre Capital Próprio;0.0000000000;S
02.635.522/0001-95;2025-03-31;1;JALLES MACHADO S.A.;025496;DF Individual - Demonstração das Mutações do Patrimônio Líquido;REAL;MIL;ÚLTIMO;2024-04-01;2025-03-31;Outros Resultados Abrangentes;5.04.07;Juros sobre Capital Próprio;0.0000000000;S
02.635.522/0001-95;2025-03-31;1;JALLES MACHADO S.A.;025496;DF Individual - Demonstração das Mutações do Patrimônio Líquido;REAL;MIL;PENÚLTIMO;2023-04-01;2024-03-31;Patrimônio Líquido;5.04.07;Juros sobre Capital Próprio;0.0000000000;S
02.635.522/0001-95;2025-03-31;1;JALLES MACHADO S.A.;025496;DF Individual - Demonstração das Mutações do Patrimônio Líquido;REAL;MIL;ÚLTIMO;2024-04-01;2025-03-31;Patrimônio Líquido;5.04.07;Juros sobre Capital Próprio;0.0000000000;S
02.635.522/0001-95;2025-03-31;1;JALLES MACHADO S.A.;025496;DF Individual - Demonstração das Mutações do Patrimônio Líquido;REAL;MIL;PENÚLTIMO;2023-04-01;2024-03-31;Capital Social Integralizado;5.04.08;Baixa por cisão;0.0000000000;N
02.635.522/0001-95;2025-03-31;1;JALLES MACHADO S.A.;025496;DF Individual - Demonstração das Mutações do Patrimônio Líquido;REAL;MIL;PENÚLTIMO;2023-04-01;2024-03-31;Reservas de Capital, Opções Outorgadas e Ações em Tesouraria;5.04.08;Baixa por cisão;0.0000000000;N
02.635.522/0001-95;2025-03-31;1;JALLES MACHADO S.A.;025496;DF Individual - Demonstração das Mutações do Patrimônio Líquido;REAL;MIL;PENÚLTIMO;2023-04-01;2024-03-31;Reservas de Lucro;5.04.08;Baixa por cisão;0.0000000000;N
02.635.522/0001-95;2025-03-31;1;JALLES MACHADO S.A.;025496;DF Individual - Demonstração das Mutações do Patrimônio Líquido;REAL;MIL;PENÚLTIMO;2023-04-01;2024-03-31;Lucros ou Prejuízos Acumulados;5.04.08;Baixa por cisão;0.0000000000;N
02.635.522/0001-95;2025-03-31;1;JALLES MACHADO S.A.;025496;DF Individual - Demonstração das Mutações do Patrimônio Líquido;REAL;MIL;PENÚLTIMO;2023-04-01;2024-03-31;Outros Resultados Abrangentes;5.04.08;Baixa por cisão;0.0000000000;N
02.635.522/0001-95;2025-03-31;1;JALLES MACHADO S.A.;025496;DF Individual - Demonstração das Mutações do Patrimônio Líquido;REAL;MIL;PENÚLTIMO;2023-04-01;2024-03-31;Patrimônio Líquido;5.04.08;Baixa por cisão;0.0000000000;N
02.635.522/0001-95;2025-03-31;1;JALLES MACHADO S.A.;025496;DF Individual - Demonstração das Mutações do Patrimônio Líquido;REAL;MIL;PENÚLTIMO;2023-04-01;2024-03-31;Capital Social Integralizado;5.05;Resultado Abrangente Total;0.0000000000;S
02.635.522/0001-95;2025-03-31;1;JALLES MACHADO S.A.;025496;DF Individual - Demonstração das Mutações do Patrimônio Líquido;REAL;MIL;ÚLTIMO;2024-04-01;2025-03-31;Capital Social Integralizado;5.05;Resultado Abrangente Total;0.0000000000;S
02.635.522/0001-95;2025-03-31;1;JALLES MACHADO S.A.;025496;DF Individual - Demonstração das Mutações do Patrimônio Líquido;REAL;MIL;PENÚLTIMO;2023-04-01;2024-03-31;Reservas de Capital, Opções Outorgadas e Ações em Tesouraria;5.05;Resultado Abrangente Total;0.0000000000;S
02.635.522/0001-95;2025-03-31;1;JALLES MACHADO S.A.;025496;DF Individual - Demonstração das Mutações do Patrimônio Líquido;REAL;MIL;ÚLTIMO;2024-04-01;2025-03-31;Reservas de Capital, Opções Outorgadas e Ações em Tesouraria;5.05;Resultado Abrangente Total;0.0000000000;S
02.635.522/0001-95;2025-03-31;1;JALLES MACHADO S.A.;025496;DF Individual - Demonstração das Mutações do Patrimônio Líquido;REAL;MIL;PENÚLTIMO;2023-04-01;2024-03-31;Reservas de Lucro;5.05;Resultado Abrangente Total;0.0000000000;S
02.635.522/0001-95;2025-03-31;1;JALLES MACHADO S.A.;025496;DF Individual - Demonstração das Mutações do Patrimônio Líquido;REAL;MIL;ÚLTIMO;2024-04-01;2025-03-31;Reservas de Lucro;5.05;Resultado Abrangente Total;0.0000000000;S
02.635.522/0001-95;2025-03-31;1;JALLES MACHADO S.A.;025496;DF Individual - Demonstração das Mutações do Patrimônio Líquido;REAL;MIL;PENÚLTIMO;2023-04-01;2024-03-31;Lucros ou Prejuízos Acumulados;5.05;Resultado Abrangente Total;85118.0000000000;S
02.635.522/0001-95;2025-03-31;1;JALLES MACHADO S.A.;025496;DF Individual - Demonstração das Mutações do Patrimônio Líquido;REAL;MIL;ÚLTIMO;2024-04-01;2025-03-31;Lucros ou Prejuízos Acumulados;5.05;Resultado Abrangente Total;-55950.0000000000;S
02.635.522/0001-95;2025-03-31;1;JALLES MACHADO S.A.;025496;DF Individual - Demonstração das Mutações do Patrimônio Líquido;REAL;MIL;PENÚLTIMO;2023-04-01;2024-03-31;Outros Resultados Abrangentes;5.05;Resultado Abrangente Total;0.0000000000;S
02.635.522/0001-95;2025-03-31;1;JALLES MACHADO S.A.;025496;DF Individual - Demonstração das Mutações do Patrimônio Líquido;REAL;MIL;ÚLTIMO;2024-04-01;2025-03-31;Outros Resultados Abrangentes;5.05;Resultado Abrangente Total;0.0000000000;S
02.635.522/0001-95;2025-03-31;1;JALLES MACHADO S.A.;025496;DF Individual - Demonstração das Mutações do Patrimônio Líquido;REAL;MIL;PENÚLTIMO;2023-04-01;2024-03-31;Patrimônio Líquido;5.05;Resultado Abrangente Total;85118.0000000000;S
02.635.522/0001-95;2025-03-31;1;JALLES MACHADO S.A.;025496;DF Individual - Demonstração das Mutações do Patrimônio Líquido;REAL;MIL;ÚLTIMO;2024-04-01;2025-03-31;Patrimônio Líquido;5.05;Resultado Abrangente Total;-55950.0000000000;S
02.635.522/0001-95;2025-03-31;1;JALLES MACHADO S.A.;025496;DF Individual - Demonstração das Mutações do Patrimônio Líquido;REAL;MIL;PENÚLTIMO;2023-04-01;2024-03-31;Capital Social Integralizado;5.05.01;Lucro Líquido do Período;0.0000000000;S
02.635.522/0001-95;2025-03-31;1;JALLES MACHADO S.A.;025496;DF Individual - Demonstração das Mutações do Patrimônio Líquido;REAL;MIL;ÚLTIMO;2024-04-01;2025-03-31;Capital Social Integralizado;5.05.01;Lucro Líquido do Período;0.0000000000;S
02.635.522/0001-95;2025-03-31;1;JALLES MACHADO S.A.;025496;DF Individual - Demonstração das Mutações do Patrimônio Líquido;REAL;MIL;PENÚLTIMO;2023-04-01;2024-03-31;Reservas de Capital, Opções Outorgadas e Ações em Tesouraria;5.05.01;Lucro Líquido do Período;0.0000000000;S
02.635.522/0001-95;2025-03-31;1;JALLES MACHADO S.A.;025496;DF Individual - Demonstração das Mutações do Patrimônio Líquido;REAL;MIL;ÚLTIMO;2024-04-01;2025-03-31;Reservas de Capital, Opções Outorgadas e Ações em Tesouraria;5.05.01;Lucro Líquido do Período;0.0000000000;S
02.635.522/0001-95;2025-03-31;1;JALLES MACHADO S.A.;025496;DF Individual - Demonstração das Mutações do Patrimônio Líquido;REAL;MIL;PENÚLTIMO;2023-04-01;2024-03-31;Reservas de Lucro;5.05.01;Lucro Líquido do Período;0.0000000000;S
02.635.522/0001-95;2025-03-31;1;JALLES MACHADO S.A.;025496;DF Individual - Demonstração das Mutações do Patrimônio Líquido;REAL;MIL;ÚLTIMO;2024-04-01;2025-03-31;Reservas de Lucro;5.05.01;Lucro Líquido do Período;0.0000000000;S
02.635.522/0001-95;2025-03-31;1;JALLES MACHADO S.A.;025496;DF Individual - Demonstração das Mutações do Patrimônio Líquido;REAL;MIL;PENÚLTIMO;2023-04-01;2024-03-31;Lucros ou Prejuízos Acumulados;5.05.01;Lucro Líquido do Período;85118.0000000000;S
02.635.522/0001-95;2025-03-31;1;JALLES MACHADO S.A.;025496;DF Individual - Demonstração das Mutações do Patrimônio Líquido;REAL;MIL;ÚLTIMO;2024-04-01;2025-03-31;Lucros ou Prejuízos Acumulados;5.05.01;Lucro Líquido do Período;-55950.0000000000;S
02.635.522/0001-95;2025-03-31;1;JALLES MACHADO S.A.;025496;DF Individual - Demonstração das Mutações do Patrimônio Líquido;REAL;MIL;PENÚLTIMO;2023-04-01;2024-03-31;Outros Resultados Abrangentes;5.05.01;Lucro Líquido do Período;0.0000000000;S
02.635.522/0001-95;2025-03-31;1;JALLES MACHADO S.A.;025496;DF Individual - Demonstração das Mutações do Patrimônio Líquido;REAL;MIL;ÚLTIMO;2024-04-01;2025-03-31;Outros Resultados Abrangentes;5.05.01;Lucro Líquido do Período;0.0000000000;S
02.635.522/0001-95;2025-03-31;1;JALLES MACHADO S.A.;025496;DF Individual - Demonstração das Mutações do Patrimônio Líquido;REAL;MIL;PENÚLTIMO;2023-04-01;2024-03-31;Patrimônio Líquido;5.05.01;Lucro Líquido do Período;85118.0000000000;S
02.635.522/0001-95;2025-03-31;1;JALLES MACHADO S.A.;025496;DF Individual - Demonstração das Mutações do Patrimônio Líquido;REAL;MIL;ÚLTIMO;2024-04-01;2025-03-31;Patrimônio Líquido;5.05.01;Lucro Líquido do Período;-55950.0000000000;S
02.635.522/0001-95;2025-03-31;1;JALLES MACHADO S.A.;025496;DF Individual - Demonstração das Mutações do Patrimônio Líquido;REAL;MIL;PENÚLTIMO;2023-04-01;2024-03-31;Capital Social Integralizado;5.05.02;Outros Resultados Abrangentes;0.0000000000;S
02.635.522/0001-95;2025-03-31;1;JALLES MACHADO S.A.;025496;DF Individual - Demonstração das Mutações do Patrimônio Líquido;REAL;MIL;ÚLTIMO;2024-04-01;2025-03-31;Capital Social Integralizado;5.05.02;Outros Resultados Abrangentes;0.0000000000;S
02.635.522/0001-95;2025-03-31;1;JALLES MACHADO S.A.;025496;DF Individual - Demonstração das Mutações do Patrimônio Líquido;REAL;MIL;PENÚLTIMO;2023-04-01;2024-03-31;Reservas de Capital, Opções Outorgadas e Ações em Tesouraria;5.05.02;Outros Resultados Abrangentes;0.0000000000;S
02.635.522/0001-95;2025-03-31;1;JALLES MACHADO S.A.;025496;DF Individual - Demonstração das Mutações do Patrimônio Líquido;REAL;MIL;ÚLTIMO;2024-04-01;2025-03-31;Reservas de Capital, Opções Outorgadas e Ações em Tesouraria;5.05.02;Outros Resultados Abrangentes;0.0000000000;S
02.635.522/0001-95;2025-03-31;1;JALLES MACHADO S.A.;025496;DF Individual - Demonstração das Mutações do Patrimônio Líquido;REAL;MIL;PENÚLTIMO;2023-04-01;2024-03-31;Reservas de Lucro;5.05.02;Outros Resultados Abrangentes;0.0000000000;S
02.635.522/0001-95;2025-03-31;1;JALLES MACHADO S.A.;025496;DF Individual - Demonstração das Mutações do Patrimônio Líquido;REAL;MIL;ÚLTIMO;2024-04-01;2025-03-31;Reservas de Lucro;5.05.02;Outros Resultados Abrangentes;0.0000000000;S
02.635.522/0001-95;2025-03-31;1;JALLES MACHADO S.A.;025496;DF Individual - Demonstração das Mutações do Patrimônio Líquido;REAL;MIL;PENÚLTIMO;2023-04-01;2024-03-31;Lucros ou Prejuízos Acumulados;5.05.02;Outros Resultados Abrangentes;0.0000000000;S
02.635.522/0001-95;2025-03-31;1;JALLES MACHADO S.A.;025496;DF Individual - Demonstração das Mutações do Patrimônio Líquido;REAL;MIL;ÚLTIMO;2024-04-01;2025-03-31;Lucros ou Prejuízos Acumulados;5.05.02;Outros Resultados Abrangentes;0.0000000000;S
02.635.522/0001-95;2025-03-31;1;JALLES MACHADO S.A.;025496;DF Individual - Demonstração das Mutações do Patrimônio Líquido;REAL;MIL;PENÚLTIMO;2023-04-01;2024-03-31;Outros Resultados Abrangentes;5.05.02;Outros Resultados Abrangentes;0.0000000000;S
02.635.522/0001-95;2025-03-31;1;JALLES MACHADO S.A.;025496;DF Individual - Demonstração das Mutações do Patrimônio Líquido;REAL;MIL;ÚLTIMO;2024-04-01;2025-03-31;Outros Resultados Abrangentes;5.05.02;Outros Resultados Abrangentes;0.0000000000;S
02.635.522/0001-95;2025-03-31;1;JALLES MACHADO S.A.;025496;DF Individual - Demonstração das Mutações do Patrimônio Líquido;REAL;MIL;PENÚLTIMO;2023-04-01;2024-03-31;Patrimônio Líquido;5.05.02;Outros Resultados Abrangentes;0.0000000000;S
02.635.522/0001-95;2025-03-31;1;JALLES MACHADO S.A.;025496;DF Individual - Demonstração das Mutações do Patrimônio Líquido;REAL;MIL;ÚLTIMO;2024-04-01;2025-03-31;Patrimônio Líquido;5.05.02;Outros Resultados Abrangentes;0.0000000000;S
02.635.522/0001-95;2025-03-31;1;JALLES MACHADO S.A.;025496;DF Individual - Demonstração das Mutações do Patrimônio Líquido;REAL;MIL;PENÚLTIMO;2023-04-01;2024-03-31;Capital Social Integralizado;5.05.02.01;Ajustes de Instrumentos Financeiros;0.0000000000;S
02.635.522/0001-95;2025-03-31;1;JALLES MACHADO S.A.;025496;DF Individual - Demonstração das Mutações do Patrimônio Líquido;REAL;MIL;ÚLTIMO;2024-04-01;2025-03-31;Capital Social Integralizado;5.05.02.01;Ajustes de Instrumentos Financeiros;0.0000000000;S
02.635.522/0001-95;2025-03-31;1;JALLES MACHADO S.A.;025496;DF Individual - Demonstração das Mutações do Patrimônio Líquido;REAL;MIL;PENÚLTIMO;2023-04-01;2024-03-31;Reservas de Capital, Opções Outorgadas e Ações em Tesouraria;5.05.02.01;Ajustes de Instrumentos Financeiros;0.0000000000;S
02.635.522/0001-95;2025-03-31;1;JALLES MACHADO S.A.;025496;DF Individual - Demonstração das Mutações do Patrimônio Líquido;REAL;MIL;ÚLTIMO;2024-04-01;2025-03-31;Reservas de Capital, Opções Outorgadas e Ações em Tesouraria;5.05.02.01;Ajustes de Instrumentos Financeiros;0.0000000000;S
02.635.522/0001-95;2025-03-31;1;JALLES MACHADO S.A.;025496;DF Individual - Demonstração das Mutações do Patrimônio Líquido;REAL;MIL;PENÚLTIMO;2023-04-01;2024-03-31;Reservas de Lucro;5.05.02.01;Ajustes de Instrumentos Financeiros;0.0000000000;S
02.635.522/0001-95;2025-03-31;1;JALLES MACHADO S.A.;025496;DF Individual - Demonstração das Mutações do Patrimônio Líquido;REAL;MIL;ÚLTIMO;2024-04-01;2025-03-31;Reservas de Lucro;5.05.02.01;Ajustes de Instrumentos Financeiros;0.0000000000;S
02.635.522/0001-95;2025-03-31;1;JALLES MACHADO S.A.;025496;DF Individual - Demonstração das Mutações do Patrimônio Líquido;REAL;MIL;PENÚLTIMO;2023-04-01;2024-03-31;Lucros ou Prejuízos Acumulados;5.05.02.01;Ajustes de Instrumentos Financeiros;0.0000000000;S
02.635.522/0001-95;2025-03-31;1;JALLES MACHADO S.A.;025496;DF Individual - Demonstração das Mutações do Patrimônio Líquido;REAL;MIL;ÚLTIMO;2024-04-01;2025-03-31;Lucros ou Prejuízos Acumulados;5.05.02.01;Ajustes de Instrumentos Financeiros;0.0000000000;S
02.635.522/0001-95;2025-03-31;1;JALLES MACHADO S.A.;025496;DF Individual - Demonstração das Mutações do Patrimônio Líquido;REAL;MIL;PENÚLTIMO;2023-04-01;2024-03-31;Outros Resultados Abrangentes;5.05.02.01;Ajustes de Instrumentos Financeiros;0.0000000000;S
02.635.522/0001-95;2025-03-31;1;JALLES MACHADO S.A.;025496;DF Individual - Demonstração das Mutações do Patrimônio Líquido;REAL;MIL;ÚLTIMO;2024-04-01;2025-03-31;Outros Resultados Abrangentes;5.05.02.01;Ajustes de Instrumentos Financeiros;0.0000000000;S
02.635.522/0001-95;2025-03-31;1;JALLES MACHADO S.A.;025496;DF Individual - Demonstração das Mutações do Patrimônio Líquido;REAL;MIL;PENÚLTIMO;2023-04-01;2024-03-31;Patrimônio Líquido;5.05.02.01;Ajustes de Instrumentos Financeiros;0.0000000000;S
02.635.522/0001-95;2025-03-31;1;JALLES MACHADO S.A.;025496;DF Individual - Demonstração das Mutações do Patrimônio Líquido;REAL;MIL;ÚLTIMO;2024-04-01;2025-03-31;Patrimônio Líquido;5.05.02.01;Ajustes de Instrumentos Financeiros;0.0000000000;S
02.635.522/0001-95;2025-03-31;1;JALLES MACHADO S.A.;025496;DF Individual - Demonstração das Mutações do Patrimônio Líquido;REAL;MIL;PENÚLTIMO;2023-04-01;2024-03-31;Capital Social Integralizado;5.05.02.02;Tributos s/ Ajustes Instrumentos Financeiros;0.0000000000;S
02.635.522/0001-95;2025-03-31;1;JALLES MACHADO S.A.;025496;DF Individual - Demonstração das Mutações do Patrimônio Líquido;REAL;MIL;ÚLTIMO;2024-04-01;2025-03-31;Capital Social Integralizado;5.05.02.02;Tributos s/ Ajustes Instrumentos Financeiros;0.0000000000;S
02.635.522/0001-95;2025-03-31;1;JALLES MACHADO S.A.;025496;DF Individual - Demonstração das Mutações do Patrimônio Líquido;REAL;MIL;PENÚLTIMO;2023-04-01;2024-03-31;Reservas de Capital, Opções Outorgadas e Ações em Tesouraria;5.05.02.02;Tributos s/ Ajustes Instrumentos Financeiros;0.0000000000;S
02.635.522/0001-95;2025-03-31;1;JALLES MACHADO S.A.;025496;DF Individual - Demonstração das Mutações do Patrimônio Líquido;REAL;MIL;ÚLTIMO;2024-04-01;2025-03-31;Reservas de Capital, Opções Outorgadas e Ações em Tesouraria;5.05.02.02;Tributos s/ Ajustes Instrumentos Financeiros;0.0000000000;S
02.635.522/0001-95;2025-03-31;1;JALLES MACHADO S.A.;025496;DF Individual - Demonstração das Mutações do Patrimônio Líquido;REAL;MIL;PENÚLTIMO;2023-04-01;2024-03-31;Reservas de Lucro;5.05.02.02;Tributos s/ Ajustes Instrumentos Financeiros;0.0000000000;S
02.635.522/0001-95;2025-03-31;1;JALLES MACHADO S.A.;025496;DF Individual - Demonstração das Mutações do Patrimônio Líquido;REAL;MIL;ÚLTIMO;2024-04-01;2025-03-31;Reservas de Lucro;5.05.02.02;Tributos s/ Ajustes Instrumentos Financeiros;0.0000000000;S
02.635.522/0001-95;2025-03-31;1;JALLES MACHADO S.A.;025496;DF Individual - Demonstração das Mutações do Patrimônio Líquido;REAL;MIL;PENÚLTIMO;2023-04-01;2024-03-31;Lucros ou Prejuízos Acumulados;5.05.02.02;Tributos s/ Ajustes Instrumentos Financeiros;0.0000000000;S
02.635.522/0001-95;2025-03-31;1;JALLES MACHADO S.A.;025496;DF Individual - Demonstração das Mutações do Patrimônio Líquido;REAL;MIL;ÚLTIMO;2024-04-01;2025-03-31;Lucros ou Prejuízos Acumulados;5.05.02.02;Tributos s/ Ajustes Instrumentos Financeiros;0.0000000000;S
02.635.522/0001-95;2025-03-31;1;JALLES MACHADO S.A.;025496;DF Individual - Demonstração das Mutações do Patrimônio Líquido;REAL;MIL;PENÚLTIMO;2023-04-01;2024-03-31;Outros Resultados Abrangentes;5.05.02.02;Tributos s/ Ajustes Instrumentos Financeiros;0.0000000000;S
02.635.522/0001-95;2025-03-31;1;JALLES MACHADO S.A.;025496;DF Individual - Demonstração das Mutações do Patrimônio Líquido;REAL;MIL;ÚLTIMO;2024-04-01;2025-03-31;Outros Resultados Abrangentes;5.05.02.02;Tributos s/ Ajustes Instrumentos Financeiros;0.0000000000;S
02.635.522/0001-95;2025-03-31;1;JALLES MACHADO S.A.;025496;DF Individual - Demonstração das Mutações do Patrimônio Líquido;REAL;MIL;PENÚLTIMO;2023-04-01;2024-03-31;Patrimônio Líquido;5.05.02.02;Tributos s/ Ajustes Instrumentos Financeiros;0.0000000000;S
02.635.522/0001-95;2025-03-31;1;JALLES MACHADO S.A.;025496;DF Individual - Demonstração das Mutações do Patrimônio Líquido;REAL;MIL;ÚLTIMO;2024-04-01;2025-03-31;Patrimônio Líquido;5.05.02.02;Tributos s/ Ajustes Instrumentos Financeiros;0.0000000000;S
02.635.522/0001-95;2025-03-31;1;JALLES MACHADO S.A.;025496;DF Individual - Demonstração das Mutações do Patrimônio Líquido;REAL;MIL;PENÚLTIMO;2023-04-01;2024-03-31;Capital Social Integralizado;5.05.02.03;Equiv. Patrim. s/Result. Abrang. Controladas e Coligadas;0.0000000000;S
02.635.522/0001-95;2025-03-31;1;JALLES MACHADO S.A.;025496;DF Individual - Demonstração das Mutações do Patrimônio Líquido;REAL;MIL;ÚLTIMO;2024-04-01;2025-03-31;Capital Social Integralizado;5.05.02.03;Equiv. Patrim. s/Result. Abrang. Controladas e Coligadas;0.0000000000;S
02.635.522/0001-95;2025-03-31;1;JALLES MACHADO S.A.;025496;DF Individual - Demonstração das Mutações do Patrimônio Líquido;REAL;MIL;PENÚLTIMO;2023-04-01;2024-03-31;Reservas de Capital, Opções Outorgadas e Ações em Tesouraria;5.05.02.03;Equiv. Patrim. s/Result. Abrang. Controladas e Coligadas;0.0000000000;S
02.635.522/0001-95;2025-03-31;1;JALLES MACHADO S.A.;025496;DF Individual - Demonstração das Mutações do Patrimônio Líquido;REAL;MIL;ÚLTIMO;2024-04-01;2025-03-31;Reservas de Capital, Opções Outorgadas e Ações em Tesouraria;5.05.02.03;Equiv. Patrim. s/Result. Abrang. Controladas e Coligadas;0.0000000000;S
02.635.522/0001-95;2025-03-31;1;JALLES MACHADO S.A.;025496;DF Individual - Demonstração das Mutações do Patrimônio Líquido;REAL;MIL;PENÚLTIMO;2023-04-01;2024-03-31;Reservas de Lucro;5.05.02.03;Equiv. Patrim. s/Result. Abrang. Controladas e Coligadas;0.0000000000;S
02.635.522/0001-95;2025-03-31;1;JALLES MACHADO S.A.;025496;DF Individual - Demonstração das Mutações do Patrimônio Líquido;REAL;MIL;ÚLTIMO;2024-04-01;2025-03-31;Reservas de Lucro;5.05.02.03;Equiv. Patrim. s/Result. Abrang. Controladas e Coligadas;0.0000000000;S
02.635.522/0001-95;2025-03-31;1;JALLES MACHADO S.A.;025496;DF Individual - Demonstração das Mutações do Patrimônio Líquido;REAL;MIL;PENÚLTIMO;2023-04-01;2024-03-31;Lucros ou Prejuízos Acumulados;5.05.02.03;Equiv. Patrim. s/Result. Abrang. Controladas e Coligadas;0.0000000000;S
02.635.522/0001-95;2025-03-31;1;JALLES MACHADO S.A.;025496;DF Individual - Demonstração das Mutações do Patrimônio Líquido;REAL;MIL;ÚLTIMO;2024-04-01;2025-03-31;Lucros ou Prejuízos Acumulados;5.05.02.03;Equiv. Patrim. s/Result. Abrang. Controladas e Coligadas;0.0000000000;S
02.635.522/0001-95;2025-03-31;1;JALLES MACHADO S.A.;025496;DF Individual - Demonstração das Mutações do Patrimônio Líquido;REAL;MIL;PENÚLTIMO;2023-04-01;2024-03-31;Outros Resultados Abrangentes;5.05.02.03;Equiv. Patrim. s/Result. Abrang. Controladas e Coligadas;0.0000000000;S
02.635.522/0001-95;2025-03-31;1;JALLES MACHADO S.A.;025496;DF Individual - Demonstração das Mutações do Patrimônio Líquido;REAL;MIL;ÚLTIMO;2024-04-01;2025-03-31;Outros Resultados Abrangentes;5.05.02.03;Equiv. Patrim. s/Result. Abrang. Controladas e Coligadas;0.0000000000;S
02.635.522/0001-95;2025-03-31;1;JALLES MACHADO S.A.;025496;DF Individual - Demonstração das Mutações do Patrimônio Líquido;REAL;MIL;PENÚLTIMO;2023-04-01;2024-03-31;Patrimônio Líquido;5.05.02.03;Equiv. Patrim. s/Result. Abrang. Controladas e Coligadas;0.0000000000;S
02.635.522/0001-95;2025-03-31;1;JALLES MACHADO S.A.;025496;DF Individual - Demonstração das Mutações do Patrimônio Líquido;REAL;MIL;ÚLTIMO;2024-04-01;2025-03-31;Patrimônio Líquido;5.05.02.03;Equiv. Patrim. s/Result. Abrang. Controladas e Coligadas;0.0000000000;S
02.635.522/0001-95;2025-03-31;1;JALLES MACHADO S.A.;025496;DF Individual - Demonstração das Mutações do Patrimônio Líquido;REAL;MIL;PENÚLTIMO;2023-04-01;2024-03-31;Capital Social Integralizado;5.05.02.04;Ajustes de Conversão do Período;0.0000000000;S
02.635.522/0001-95;2025-03-31;1;JALLES MACHADO S.A.;025496;DF Individual - Demonstração das Mutações do Patrimônio Líquido;REAL;MIL;ÚLTIMO;2024-04-01;2025-03-31;Capital Social Integralizado;5.05.02.04;Ajustes de Conversão do Período;0.0000000000;S
02.635.522/0001-95;2025-03-31;1;JALLES MACHADO S.A.;025496;DF Individual - Demonstração das Mutações do Patrimônio Líquido;REAL;MIL;PENÚLTIMO;2023-04-01;2024-03-31;Reservas de Capital, Opções Outorgadas e Ações em Tesouraria;5.05.02.04;Ajustes de Conversão do Período;0.0000000000;S
02.635.522/0001-95;2025-03-31;1;JALLES MACHADO S.A.;025496;DF Individual - Demonstração das Mutações do Patrimônio Líquido;REAL;MIL;ÚLTIMO;2024-04-01;2025-03-31;Reservas de Capital, Opções Outorgadas e Ações em Tesouraria;5.05.02.04;Ajustes de Conversão do Período;0.0000000000;S
02.635.522/0001-95;2025-03-31;1;JALLES MACHADO S.A.;025496;DF Individual - Demonstração das Mutações do Patrimônio Líquido;REAL;MIL;PENÚLTIMO;2023-04-01;2024-03-31;Reservas de Lucro;5.05.02.04;Ajustes de Conversão do Período;0.0000000000;S
02.635.522/0001-95;2025-03-31;1;JALLES MACHADO S.A.;025496;DF Individual - Demonstração das Mutações do Patrimônio Líquido;REAL;MIL;ÚLTIMO;2024-04-01;2025-03-31;Reservas de Lucro;5.05.02.04;Ajustes de Conversão do Período;0.0000000000;S
02.635.522/0001-95;2025-03-31;1;JALLES MACHADO S.A.;025496;DF Individual - Demonstração das Mutações do Patrimônio Líquido;REAL;MIL;PENÚLTIMO;2023-04-01;2024-03-31;Lucros ou Prejuízos Acumulados;5.05.02.04;Ajustes de Conversão do Período;0.0000000000;S
02.635.522/0001-95;2025-03-31;1;JALLES MACHADO S.A.;025496;DF Individual - Demonstração das Mutações do Patrimônio Líquido;REAL;MIL;ÚLTIMO;2024-04-01;2025-03-31;Lucros ou Prejuízos Acumulados;5.05.02.04;Ajustes de Conversão do Período;0.0000000000;S
02.635.522/0001-95;2025-03-31;1;JALLES MACHADO S.A.;025496;DF Individual - Demonstração das Mutações do Patrimônio Líquido;REAL;MIL;PENÚLTIMO;2023-04-01;2024-03-31;Outros Resultados Abrangentes;5.05.02.04;Ajustes de Conversão do Período;0.0000000000;S
02.635.522/0001-95;2025-03-31;1;JALLES MACHADO S.A.;025496;DF Individual - Demonstração das Mutações do Patrimônio Líquido;REAL;MIL;ÚLTIMO;2024-04-01;2025-03-31;Outros Resultados Abrangentes;5.05.02.04;Ajustes de Conversão do Período;0.0000000000;S
02.635.522/0001-95;2025-03-31;1;JALLES MACHADO S.A.;025496;DF Individual - Demonstração das Mutações do Patrimônio Líquido;REAL;MIL;PENÚLTIMO;2023-04-01;2024-03-31;Patrimônio Líquido;5.05.02.04;Ajustes de Conversão do Período;0.0000000000;S
02.635.522/0001-95;2025-03-31;1;JALLES MACHADO S.A.;025496;DF Individual - Demonstração das Mutações do Patrimônio Líquido;REAL;MIL;ÚLTIMO;2024-04-01;2025-03-31;Patrimônio Líquido;5.05.02.04;Ajustes de Conversão do Período;0.0000000000;S
02.635.522/0001-95;2025-03-31;1;JALLES MACHADO S.A.;025496;DF Individual - Demonstração das Mutações do Patrimônio Líquido;REAL;MIL;PENÚLTIMO;2023-04-01;2024-03-31;Capital Social Integralizado;5.05.02.05;Tributos s/ Ajustes de Conversão do Período;0.0000000000;S
02.635.522/0001-95;2025-03-31;1;JALLES MACHADO S.A.;025496;DF Individual - Demonstração das Mutações do Patrimônio Líquido;REAL;MIL;ÚLTIMO;2024-04-01;2025-03-31;Capital Social Integralizado;5.05.02.05;Tributos s/ Ajustes de Conversão do Período;0.0000000000;S
02.635.522/0001-95;2025-03-31;1;JALLES MACHADO S.A.;025496;DF Individual - Demonstração das Mutações do Patrimônio Líquido;REAL;MIL;PENÚLTIMO;2023-04-01;2024-03-31;Reservas de Capital, Opções Outorgadas e Ações em Tesouraria;5.05.02.05;Tributos s/ Ajustes de Conversão do Período;0.0000000000;S
02.635.522/0001-95;2025-03-31;1;JALLES MACHADO S.A.;025496;DF Individual - Demonstração das Mutações do Patrimônio Líquido;REAL;MIL;ÚLTIMO;2024-04-01;2025-03-31;Reservas de Capital, Opções Outorgadas e Ações em Tesouraria;5.05.02.05;Tributos s/ Ajustes de Conversão do Período;0.0000000000;S
02.635.522/0001-95;2025-03-31;1;JALLES MACHADO S.A.;025496;DF Individual - Demonstração das Mutações do Patrimônio Líquido;REAL;MIL;PENÚLTIMO;2023-04-01;2024-03-31;Reservas de Lucro;5.05.02.05;Tributos s/ Ajustes de Conversão do Período;0.0000000000;S
02.635.522/0001-95;2025-03-31;1;JALLES MACHADO S.A.;025496;DF Individual - Demonstração das Mutações do Patrimônio Líquido;REAL;MIL;ÚLTIMO;2024-04-01;2025-03-31;Reservas de Lucro;5.05.02.05;Tributos s/ Ajustes de Conversão do Período;0.0000000000;S
02.635.522/0001-95;2025-03-31;1;JALLES MACHADO S.A.;025496;DF Individual - Demonstração das Mutações do Patrimônio Líquido;REAL;MIL;PENÚLTIMO;2023-04-01;2024-03-31;Lucros ou Prejuízos Acumulados;5.05.02.05;Tributos s/ Ajustes de Conversão do Período;0.0000000000;S
02.635.522/0001-95;2025-03-31;1;JALLES MACHADO S.A.;025496;DF Individual - Demonstração das Mutações do Patrimônio Líquido;REAL;MIL;ÚLTIMO;2024-04-01;2025-03-31;Lucros ou Prejuízos Acumulados;5.05.02.05;Tributos s/ Ajustes de Conversão do Período;0.0000000000;S
02.635.522/0001-95;2025-03-31;1;JALLES MACHADO S.A.;025496;DF Individual - Demonstração das Mutações do Patrimônio Líquido;REAL;MIL;PENÚLTIMO;2023-04-01;2024-03-31;Outros Resultados Abrangentes;5.05.02.05;Tributos s/ Ajustes de Conversão do Período;0.0000000000;S
02.635.522/0001-95;2025-03-31;1;JALLES MACHADO S.A.;025496;DF Individual - Demonstração das Mutações do Patrimônio Líquido;REAL;MIL;ÚLTIMO;2024-04-01;2025-03-31;Outros Resultados Abrangentes;5.05.02.05;Tributos s/ Ajustes de Conversão do Período;0.0000000000;S
02.635.522/0001-95;2025-03-31;1;JALLES MACHADO S.A.;025496;DF Individual - Demonstração das Mutações do Patrimônio Líquido;REAL;MIL;PENÚLTIMO;2023-04-01;2024-03-31;Patrimônio Líquido;5.05.02.05;Tributos s/ Ajustes de Conversão do Período;0.0000000000;S
02.635.522/0001-95;2025-03-31;1;JALLES MACHADO S.A.;025496;DF Individual - Demonstração das Mutações do Patrimônio Líquido;REAL;MIL;ÚLTIMO;2024-04-01;2025-03-31;Patrimônio Líquido;5.05.02.05;Tributos s/ Ajustes de Conversão do Período;0.0000000000;S
02.635.522/0001-95;2025-03-31;1;JALLES MACHADO S.A.;025496;DF Individual - Demonstração das Mutações do Patrimônio Líquido;REAL;MIL;PENÚLTIMO;2023-04-01;2024-03-31;Capital Social Integralizado;5.05.03;Reclassificações para o Resultado;0.0000000000;S
02.635.522/0001-95;2025-03-31;1;JALLES MACHADO S.A.;025496;DF Individual - Demonstração das Mutações do Patrimônio Líquido;REAL;MIL;ÚLTIMO;2024-04-01;2025-03-31;Capital Social Integralizado;5.05.03;Reclassificações para o Resultado;0.0000000000;S
02.635.522/0001-95;2025-03-31;1;JALLES MACHADO S.A.;025496;DF Individual - Demonstração das Mutações do Patrimônio Líquido;REAL;MIL;PENÚLTIMO;2023-04-01;2024-03-31;Reservas de Capital, Opções Outorgadas e Ações em Tesouraria;5.05.03;Reclassificações para o Resultado;0.0000000000;S
02.635.522/0001-95;2025-03-31;1;JALLES MACHADO S.A.;025496;DF Individual - Demonstração das Mutações do Patrimônio Líquido;REAL;MIL;ÚLTIMO;2024-04-01;2025-03-31;Reservas de Capital, Opções Outorgadas e Ações em Tesouraria;5.05.03;Reclassificações para o Resultado;0.0000000000;S
02.635.522/0001-95;2025-03-31;1;JALLES MACHADO S.A.;025496;DF Individual - Demonstração das Mutações do Patrimônio Líquido;REAL;MIL;PENÚLTIMO;2023-04-01;2024-03-31;Reservas de Lucro;5.05.03;Reclassificações para o Resultado;0.0000000000;S
02.635.522/0001-95;2025-03-31;1;JALLES MACHADO S.A.;025496;DF Individual - Demonstração das Mutações do Patrimônio Líquido;REAL;MIL;ÚLTIMO;2024-04-01;2025-03-31;Reservas de Lucro;5.05.03;Reclassificações para o Resultado;0.0000000000;S
02.635.522/0001-95;2025-03-31;1;JALLES MACHADO S.A.;025496;DF Individual - Demonstração das Mutações do Patrimônio Líquido;REAL;MIL;PENÚLTIMO;2023-04-01;2024-03-31;Lucros ou Prejuízos Acumulados;5.05.03;Reclassificações para o Resultado;0.0000000000;S
02.635.522/0001-95;2025-03-31;1;JALLES MACHADO S.A.;025496;DF Individual - Demonstração das Mutações do Patrimônio Líquido;REAL;MIL;ÚLTIMO;2024-04-01;2025-03-31;Lucros ou Prejuízos Acumulados;5.05.03;Reclassificações para o Resultado;0.0000000000;S
02.635.522/0001-95;2025-03-31;1;JALLES MACHADO S.A.;025496;DF Individual - Demonstração das Mutações do Patrimônio Líquido;REAL;MIL;PENÚLTIMO;2023-04-01;2024-03-31;Outros Resultados Abrangentes;5.05.03;Reclassificações para o Resultado;0.0000000000;S
02.635.522/0001-95;2025-03-31;1;JALLES MACHADO S.A.;025496;DF Individual - Demonstração das Mutações do Patrimônio Líquido;REAL;MIL;ÚLTIMO;2024-04-01;2025-03-31;Outros Resultados Abrangentes;5.05.03;Reclassificações para o Resultado;0.0000000000;S
02.635.522/0001-95;2025-03-31;1;JALLES MACHADO S.A.;025496;DF Individual - Demonstração das Mutações do Patrimônio Líquido;REAL;MIL;PENÚLTIMO;2023-04-01;2024-03-31;Patrimônio Líquido;5.05.03;Reclassificações para o Resultado;0.0000000000;S
02.635.522/0001-95;2025-03-31;1;JALLES MACHADO S.A.;025496;DF Individual - Demonstração das Mutações do Patrimônio Líquido;REAL;MIL;ÚLTIMO;2024-04-01;2025-03-31;Patrimônio Líquido;5.05.03;Reclassificações para o Resultado;0.0000000000;S
02.635.522/0001-95;2025-03-31;1;JALLES MACHADO S.A.;025496;DF Individual - Demonstração das Mutações do Patrimônio Líquido;REAL;MIL;PENÚLTIMO;2023-04-01;2024-03-31;Capital Social Integralizado;5.05.03.01;Ajustes de Instrumentos Financeiros;0.0000000000;S
02.635.522/0001-95;2025-03-31;1;JALLES MACHADO S.A.;025496;DF Individual - Demonstração das Mutações do Patrimônio Líquido;REAL;MIL;ÚLTIMO;2024-04-01;2025-03-31;Capital Social Integralizado;5.05.03.01;Ajustes de Instrumentos Financeiros;0.0000000000;S
02.635.522/0001-95;2025-03-31;1;JALLES MACHADO S.A.;025496;DF Individual - Demonstração das Mutações do Patrimônio Líquido;REAL;MIL;PENÚLTIMO;2023-04-01;2024-03-31;Reservas de Capital, Opções Outorgadas e Ações em Tesouraria;5.05.03.01;Ajustes de Instrumentos Financeiros;0.0000000000;S
02.635.522/0001-95;2025-03-31;1;JALLES MACHADO S.A.;025496;DF Individual - Demonstração das Mutações do Patrimônio Líquido;REAL;MIL;ÚLTIMO;2024-04-01;2025-03-31;Reservas de Capital, Opções Outorgadas e Ações em Tesouraria;5.05.03.01;Ajustes de Instrumentos Financeiros;0.0000000000;S
02.635.522/0001-95;2025-03-31;1;JALLES MACHADO S.A.;025496;DF Individual - Demonstração das Mutações do Patrimônio Líquido;REAL;MIL;PENÚLTIMO;2023-04-01;2024-03-31;Reservas de Lucro;5.05.03.01;Ajustes de Instrumentos Financeiros;0.0000000000;S
02.635.522/0001-95;2025-03-31;1;JALLES MACHADO S.A.;025496;DF Individual - Demonstração das Mutações do Patrimônio Líquido;REAL;MIL;ÚLTIMO;2024-04-01;2025-03-31;Reservas de Lucro;5.05.03.01;Ajustes de Instrumentos Financeiros;0.0000000000;S
02.635.522/0001-95;2025-03-31;1;JALLES MACHADO S.A.;025496;DF Individual - Demonstração das Mutações do Patrimônio Líquido;REAL;MIL;PENÚLTIMO;2023-04-01;2024-03-31;Lucros ou Prejuízos Acumulados;5.05.03.01;Ajustes de Instrumentos Financeiros;0.0000000000;S
02.635.522/0001-95;2025-03-31;1;JALLES MACHADO S.A.;025496;DF Individual - Demonstração das Mutações do Patrimônio Líquido;REAL;MIL;ÚLTIMO;2024-04-01;2025-03-31;Lucros ou Prejuízos Acumulados;5.05.03.01;Ajustes de Instrumentos Financeiros;0.0000000000;S
02.635.522/0001-95;2025-03-31;1;JALLES MACHADO S.A.;025496;DF Individual - Demonstração das Mutações do Patrimônio Líquido;REAL;MIL;PENÚLTIMO;2023-04-01;2024-03-31;Outros Resultados Abrangentes;5.05.03.01;Ajustes de Instrumentos Financeiros;0.0000000000;S
02.635.522/0001-95;2025-03-31;1;JALLES MACHADO S.A.;025496;DF Individual - Demonstração das Mutações do Patrimônio Líquido;REAL;MIL;ÚLTIMO;2024-04-01;2025-03-31;Outros Resultados Abrangentes;5.05.03.01;Ajustes de Instrumentos Financeiros;0.0000000000;S
02.635.522/0001-95;2025-03-31;1;JALLES MACHADO S.A.;025496;DF Individual - Demonstração das Mutações do Patrimônio Líquido;REAL;MIL;PENÚLTIMO;2023-04-01;2024-03-31;Patrimônio Líquido;5.05.03.01;Ajustes de Instrumentos Financeiros;0.0000000000;S
02.635.522/0001-95;2025-03-31;1;JALLES MACHADO S.A.;025496;DF Individual - Demonstração das Mutações do Patrimônio Líquido;REAL;MIL;ÚLTIMO;2024-04-01;2025-03-31;Patrimônio Líquido;5.05.03.01;Ajustes de Instrumentos Financeiros;0.0000000000;S
02.635.522/0001-95;2025-03-31;1;JALLES MACHADO S.A.;025496;DF Individual - Demonstração das Mutações do Patrimônio Líquido;REAL;MIL;PENÚLTIMO;2023-04-01;2024-03-31;Capital Social Integralizado;5.06;Mutações Internas do Patrimônio Líquido;0.0000000000;S
02.635.522/0001-95;2025-03-31;1;JALLES MACHADO S.A.;025496;DF Individual - Demonstração das Mutações do Patrimônio Líquido;REAL;MIL;ÚLTIMO;2024-04-01;2025-03-31;Capital Social Integralizado;5.06;Mutações Internas do Patrimônio Líquido;0.0000000000;S
02.635.522/0001-95;2025-03-31;1;JALLES MACHADO S.A.;025496;DF Individual - Demonstração das Mutações do Patrimônio Líquido;REAL;MIL;PENÚLTIMO;2023-04-01;2024-03-31;Reservas de Capital, Opções Outorgadas e Ações em Tesouraria;5.06;Mutações Internas do Patrimônio Líquido;0.0000000000;S
02.635.522/0001-95;2025-03-31;1;JALLES MACHADO S.A.;025496;DF Individual - Demonstração das Mutações do Patrimônio Líquido;REAL;MIL;ÚLTIMO;2024-04-01;2025-03-31;Reservas de Capital, Opções Outorgadas e Ações em Tesouraria;5.06;Mutações Internas do Patrimônio Líquido;0.0000000000;S
02.635.522/0001-95;2025-03-31;1;JALLES MACHADO S.A.;025496;DF Individual - Demonstração das Mutações do Patrimônio Líquido;REAL;MIL;PENÚLTIMO;2023-04-01;2024-03-31;Reservas de Lucro;5.06;Mutações Internas do Patrimônio Líquido;66852.0000000000;S
02.635.522/0001-95;2025-03-31;1;JALLES MACHADO S.A.;025496;DF Individual - Demonstração das Mutações do Patrimônio Líquido;REAL;MIL;ÚLTIMO;2024-04-01;2025-03-31;Reservas de Lucro;5.06;Mutações Internas do Patrimônio Líquido;-55141.0000000000;S
02.635.522/0001-95;2025-03-31;1;JALLES MACHADO S.A.;025496;DF Individual - Demonstração das Mutações do Patrimônio Líquido;REAL;MIL;PENÚLTIMO;2023-04-01;2024-03-31;Lucros ou Prejuízos Acumulados;5.06;Mutações Internas do Patrimônio Líquido;-70795.0000000000;S
02.635.522/0001-95;2025-03-31;1;JALLES MACHADO S.A.;025496;DF Individual - Demonstração das Mutações do Patrimônio Líquido;REAL;MIL;ÚLTIMO;2024-04-01;2025-03-31;Lucros ou Prejuízos Acumulados;5.06;Mutações Internas do Patrimônio Líquido;55950.0000000000;S
02.635.522/0001-95;2025-03-31;1;JALLES MACHADO S.A.;025496;DF Individual - Demonstração das Mutações do Patrimônio Líquido;REAL;MIL;PENÚLTIMO;2023-04-01;2024-03-31;Outros Resultados Abrangentes;5.06;Mutações Internas do Patrimônio Líquido;-832.0000000000;S
02.635.522/0001-95;2025-03-31;1;JALLES MACHADO S.A.;025496;DF Individual - Demonstração das Mutações do Patrimônio Líquido;REAL;MIL;ÚLTIMO;2024-04-01;2025-03-31;Outros Resultados Abrangentes;5.06;Mutações Internas do Patrimônio Líquido;-809.0000000000;S
02.635.522/0001-95;2025-03-31;1;JALLES MACHADO S.A.;025496;DF Individual - Demonstração das Mutações do Patrimônio Líquido;REAL;MIL;PENÚLTIMO;2023-04-01;2024-03-31;Patrimônio Líquido;5.06;Mutações Internas do Patrimônio Líquido;-4775.0000000000;S
02.635.522/0001-95;2025-03-31;1;JALLES MACHADO S.A.;025496;DF Individual - Demonstração das Mutações do Patrimônio Líquido;REAL;MIL;ÚLTIMO;2024-04-01;2025-03-31;Patrimônio Líquido;5.06;Mutações Internas do Patrimônio Líquido;0.0000000000;S
02.635.522/0001-95;2025-03-31;1;JALLES MACHADO S.A.;025496;DF Individual - Demonstração das Mutações do Patrimônio Líquido;REAL;MIL;PENÚLTIMO;2023-04-01;2024-03-31;Capital Social Integralizado;5.06.01;Constituição de Reservas;0.0000000000;S
02.635.522/0001-95;2025-03-31;1;JALLES MACHADO S.A.;025496;DF Individual - Demonstração das Mutações do Patrimônio Líquido;REAL;MIL;ÚLTIMO;2024-04-01;2025-03-31;Capital Social Integralizado;5.06.01;Constituição de Reservas;0.0000000000;S
02.635.522/0001-95;2025-03-31;1;JALLES MACHADO S.A.;025496;DF Individual - Demonstração das Mutações do Patrimônio Líquido;REAL;MIL;PENÚLTIMO;2023-04-01;2024-03-31;Reservas de Capital, Opções Outorgadas e Ações em Tesouraria;5.06.01;Constituição de Reservas;0.0000000000;S
02.635.522/0001-95;2025-03-31;1;JALLES MACHADO S.A.;025496;DF Individual - Demonstração das Mutações do Patrimônio Líquido;REAL;MIL;ÚLTIMO;2024-04-01;2025-03-31;Reservas de Capital, Opções Outorgadas e Ações em Tesouraria;5.06.01;Constituição de Reservas;0.0000000000;S
02.635.522/0001-95;2025-03-31;1;JALLES MACHADO S.A.;025496;DF Individual - Demonstração das Mutações do Patrimônio Líquido;REAL;MIL;PENÚLTIMO;2023-04-01;2024-03-31;Reservas de Lucro;5.06.01;Constituição de Reservas;66852.0000000000;S
02.635.522/0001-95;2025-03-31;1;JALLES MACHADO S.A.;025496;DF Individual - Demonstração das Mutações do Patrimônio Líquido;REAL;MIL;ÚLTIMO;2024-04-01;2025-03-31;Reservas de Lucro;5.06.01;Constituição de Reservas;0.0000000000;S
02.635.522/0001-95;2025-03-31;1;JALLES MACHADO S.A.;025496;DF Individual - Demonstração das Mutações do Patrimônio Líquido;REAL;MIL;PENÚLTIMO;2023-04-01;2024-03-31;Lucros ou Prejuízos Acumulados;5.06.01;Constituição de Reservas;-66852.0000000000;S
02.635.522/0001-95;2025-03-31;1;JALLES MACHADO S.A.;025496;DF Individual - Demonstração das Mutações do Patrimônio Líquido;REAL;MIL;ÚLTIMO;2024-04-01;2025-03-31;Lucros ou Prejuízos Acumulados;5.06.01;Constituição de Reservas;0.0000000000;S
02.635.522/0001-95;2025-03-31;1;JALLES MACHADO S.A.;025496;DF Individual - Demonstração das Mutações do Patrimônio Líquido;REAL;MIL;PENÚLTIMO;2023-04-01;2024-03-31;Outros Resultados Abrangentes;5.06.01;Constituição de Reservas;0.0000000000;S
02.635.522/0001-95;2025-03-31;1;JALLES MACHADO S.A.;025496;DF Individual - Demonstração das Mutações do Patrimônio Líquido;REAL;MIL;ÚLTIMO;2024-04-01;2025-03-31;Outros Resultados Abrangentes;5.06.01;Constituição de Reservas;0.0000000000;S
02.635.522/0001-95;2025-03-31;1;JALLES MACHADO S.A.;025496;DF Individual - Demonstração das Mutações do Patrimônio Líquido;REAL;MIL;PENÚLTIMO;2023-04-01;2024-03-31;Patrimônio Líquido;5.06.01;Constituição de Reservas;0.0000000000;S
02.635.522/0001-95;2025-03-31;1;JALLES MACHADO S.A.;025496;DF Individual - Demonstração das Mutações do Patrimônio Líquido;REAL;MIL;ÚLTIMO;2024-04-01;2025-03-31;Patrimônio Líquido;5.06.01;Constituição de Reservas;0.0000000000;S
02.635.522/0001-95;2025-03-31;1;JALLES MACHADO S.A.;025496;DF Individual - Demonstração das Mutações do Patrimônio Líquido;REAL;MIL;PENÚLTIMO;2023-04-01;2024-03-31;Capital Social Integralizado;5.06.02;Realização da Reserva Reavaliação;0.0000000000;S
02.635.522/0001-95;2025-03-31;1;JALLES MACHADO S.A.;025496;DF Individual - Demonstração das Mutações do Patrimônio Líquido;REAL;MIL;ÚLTIMO;2024-04-01;2025-03-31;Capital Social Integralizado;5.06.02;Realização da Reserva Reavaliação;0.0000000000;S
02.635.522/0001-95;2025-03-31;1;JALLES MACHADO S.A.;025496;DF Individual - Demonstração das Mutações do Patrimônio Líquido;REAL;MIL;PENÚLTIMO;2023-04-01;2024-03-31;Reservas de Capital, Opções Outorgadas e Ações em Tesouraria;5.06.02;Realização da Reserva Reavaliação;0.0000000000;S
02.635.522/0001-95;2025-03-31;1;JALLES MACHADO S.A.;025496;DF Individual - Demonstração das Mutações do Patrimônio Líquido;REAL;MIL;ÚLTIMO;2024-04-01;2025-03-31;Reservas de Capital, Opções Outorgadas e Ações em Tesouraria;5.06.02;Realização da Reserva Reavaliação;0.0000000000;S
02.635.522/0001-95;2025-03-31;1;JALLES MACHADO S.A.;025496;DF Individual - Demonstração das Mutações do Patrimônio Líquido;REAL;MIL;PENÚLTIMO;2023-04-01;2024-03-31;Reservas de Lucro;5.06.02;Realização da Reserva Reavaliação;0.0000000000;S
02.635.522/0001-95;2025-03-31;1;JALLES MACHADO S.A.;025496;DF Individual - Demonstração das Mutações do Patrimônio Líquido;REAL;MIL;ÚLTIMO;2024-04-01;2025-03-31;Reservas de Lucro;5.06.02;Realização da Reserva Reavaliação;0.0000000000;S
02.635.522/0001-95;2025-03-31;1;JALLES MACHADO S.A.;025496;DF Individual - Demonstração das Mutações do Patrimônio Líquido;REAL;MIL;PENÚLTIMO;2023-04-01;2024-03-31;Lucros ou Prejuízos Acumulados;5.06.02;Realização da Reserva Reavaliação;832.0000000000;S
02.635.522/0001-95;2025-03-31;1;JALLES MACHADO S.A.;025496;DF Individual - Demonstração das Mutações do Patrimônio Líquido;REAL;MIL;ÚLTIMO;2024-04-01;2025-03-31;Lucros ou Prejuízos Acumulados;5.06.02;Realização da Reserva Reavaliação;809.0000000000;S
02.635.522/0001-95;2025-03-31;1;JALLES MACHADO S.A.;025496;DF Individual - Demonstração das Mutações do Patrimônio Líquido;REAL;MIL;PENÚLTIMO;2023-04-01;2024-03-31;Outros Resultados Abrangentes;5.06.02;Realização da Reserva Reavaliação;-832.0000000000;S
02.635.522/0001-95;2025-03-31;1;JALLES MACHADO S.A.;025496;DF Individual - Demonstração das Mutações do Patrimônio Líquido;REAL;MIL;ÚLTIMO;2024-04-01;2025-03-31;Outros Resultados Abrangentes;5.06.02;Realização da Reserva Reavaliação;-809.0000000000;S
02.635.522/0001-95;2025-03-31;1;JALLES MACHADO S.A.;025496;DF Individual - Demonstração das Mutações do Patrimônio Líquido;REAL;MIL;PENÚLTIMO;2023-04-01;2024-03-31;Patrimônio Líquido;5.06.02;Realização da Reserva Reavaliação;0.0000000000;S
02.635.522/0001-95;2025-03-31;1;JALLES MACHADO S.A.;025496;DF Individual - Demonstração das Mutações do Patrimônio Líquido;REAL;MIL;ÚLTIMO;2024-04-01;2025-03-31;Patrimônio Líquido;5.06.02;Realização da Reserva Reavaliação;0.0000000000;S
02.635.522/0001-95;2025-03-31;1;JALLES MACHADO S.A.;025496;DF Individual - Demonstração das Mutações do Patrimônio Líquido;REAL;MIL;PENÚLTIMO;2023-04-01;2024-03-31;Capital Social Integralizado;5.06.03;Tributos sobre a Realização da Reserva de Reavaliação;0.0000000000;S
02.635.522/0001-95;2025-03-31;1;JALLES MACHADO S.A.;025496;DF Individual - Demonstração das Mutações do Patrimônio Líquido;REAL;MIL;ÚLTIMO;2024-04-01;2025-03-31;Capital Social Integralizado;5.06.03;Tributos sobre a Realização da Reserva de Reavaliação;0.0000000000;S
02.635.522/0001-95;2025-03-31;1;JALLES MACHADO S.A.;025496;DF Individual - Demonstração das Mutações do Patrimônio Líquido;REAL;MIL;PENÚLTIMO;2023-04-01;2024-03-31;Reservas de Capital, Opções Outorgadas e Ações em Tesouraria;5.06.03;Tributos sobre a Realização da Reserva de Reavaliação;0.0000000000;S
02.635.522/0001-95;2025-03-31;1;JALLES MACHADO S.A.;025496;DF Individual - Demonstração das Mutações do Patrimônio Líquido;REAL;MIL;ÚLTIMO;2024-04-01;2025-03-31;Reservas de Capital, Opções Outorgadas e Ações em Tesouraria;5.06.03;Tributos sobre a Realização da Reserva de Reavaliação;0.0000000000;S
02.635.522/0001-95;2025-03-31;1;JALLES MACHADO S.A.;025496;DF Individual - Demonstração das Mutações do Patrimônio Líquido;REAL;MIL;PENÚLTIMO;2023-04-01;2024-03-31;Reservas de Lucro;5.06.03;Tributos sobre a Realização da Reserva de Reavaliação;0.0000000000;S
02.635.522/0001-95;2025-03-31;1;JALLES MACHADO S.A.;025496;DF Individual - Demonstração das Mutações do Patrimônio Líquido;REAL;MIL;ÚLTIMO;2024-04-01;2025-03-31;Reservas de Lucro;5.06.03;Tributos sobre a Realização da Reserva de Reavaliação;0.0000000000;S
02.635.522/0001-95;2025-03-31;1;JALLES MACHADO S.A.;025496;DF Individual - Demonstração das Mutações do Patrimônio Líquido;REAL;MIL;PENÚLTIMO;2023-04-01;2024-03-31;Lucros ou Prejuízos Acumulados;5.06.03;Tributos sobre a Realização da Reserva de Reavaliação;0.0000000000;S
02.635.522/0001-95;2025-03-31;1;JALLES MACHADO S.A.;025496;DF Individual - Demonstração das Mutações do Patrimônio Líquido;REAL;MIL;ÚLTIMO;2024-04-01;2025-03-31;Lucros ou Prejuízos Acumulados;5.06.03;Tributos sobre a Realização da Reserva de Reavaliação;0.0000000000;S
02.635.522/0001-95;2025-03-31;1;JALLES MACHADO S.A.;025496;DF Individual - Demonstração das Mutações do Patrimônio Líquido;REAL;MIL;PENÚLTIMO;2023-04-01;2024-03-31;Outros Resultados Abrangentes;5.06.03;Tributos sobre a Realização da Reserva de Reavaliação;0.0000000000;S
02.635.522/0001-95;2025-03-31;1;JALLES MACHADO S.A.;025496;DF Individual - Demonstração das Mutações do Patrimônio Líquido;REAL;MIL;ÚLTIMO;2024-04-01;2025-03-31;Outros Resultados Abrangentes;5.06.03;Tributos sobre a Realização da Reserva de Reavaliação;0.0000000000;S
02.635.522/0001-95;2025-03-31;1;JALLES MACHADO S.A.;025496;DF Individual - Demonstração das Mutações do Patrimônio Líquido;REAL;MIL;PENÚLTIMO;2023-04-01;2024-03-31;Patrimônio Líquido;5.06.03;Tributos sobre a Realização da Reserva de Reavaliação;0.0000000000;S
02.635.522/0001-95;2025-03-31;1;JALLES MACHADO S.A.;025496;DF Individual - Demonstração das Mutações do Patrimônio Líquido;REAL;MIL;ÚLTIMO;2024-04-01;2025-03-31;Patrimônio Líquido;5.06.03;Tributos sobre a Realização da Reserva de Reavaliação;0.0000000000;S
02.635.522/0001-95;2025-03-31;1;JALLES MACHADO S.A.;025496;DF Individual - Demonstração das Mutações do Patrimônio Líquido;REAL;MIL;PENÚLTIMO;2023-04-01;2024-03-31;Capital Social Integralizado;5.06.04;Distribuição de dividendos intermediários conf. AGE 29/11/2020;0.0000000000;N
02.635.522/0001-95;2025-03-31;1;JALLES MACHADO S.A.;025496;DF Individual - Demonstração das Mutações do Patrimônio Líquido;REAL;MIL;ÚLTIMO;2024-04-01;2025-03-31;Capital Social Integralizado;5.06.04;Dividendos mínimos obrigatórios;0.0000000000;N
02.635.522/0001-95;2025-03-31;1;JALLES MACHADO S.A.;025496;DF Individual - Demonstração das Mutações do Patrimônio Líquido;REAL;MIL;PENÚLTIMO;2023-04-01;2024-03-31;Reservas de Capital, Opções Outorgadas e Ações em Tesouraria;5.06.04;Distribuição de dividendos intermediários conf. AGE 29/11/2020;0.0000000000;N
02.635.522/0001-95;2025-03-31;1;JALLES MACHADO S.A.;025496;DF Individual - Demonstração das Mutações do Patrimônio Líquido;REAL;MIL;ÚLTIMO;2024-04-01;2025-03-31;Reservas de Capital, Opções Outorgadas e Ações em Tesouraria;5.06.04;Dividendos mínimos obrigatórios;0.0000000000;N
02.635.522/0001-95;2025-03-31;1;JALLES MACHADO S.A.;025496;DF Individual - Demonstração das Mutações do Patrimônio Líquido;REAL;MIL;PENÚLTIMO;2023-04-01;2024-03-31;Reservas de Lucro;5.06.04;Distribuição de dividendos intermediários conf. AGE 29/11/2020;0.0000000000;N
02.635.522/0001-95;2025-03-31;1;JALLES MACHADO S.A.;025496;DF Individual - Demonstração das Mutações do Patrimônio Líquido;REAL;MIL;ÚLTIMO;2024-04-01;2025-03-31;Reservas de Lucro;5.06.04;Dividendos mínimos obrigatórios;0.0000000000;N
02.635.522/0001-95;2025-03-31;1;JALLES MACHADO S.A.;025496;DF Individual - Demonstração das Mutações do Patrimônio Líquido;REAL;MIL;PENÚLTIMO;2023-04-01;2024-03-31;Lucros ou Prejuízos Acumulados;5.06.04;Distribuição de dividendos intermediários conf. AGE 29/11/2020;0.0000000000;N
02.635.522/0001-95;2025-03-31;1;JALLES MACHADO S.A.;025496;DF Individual - Demonstração das Mutações do Patrimônio Líquido;REAL;MIL;ÚLTIMO;2024-04-01;2025-03-31;Lucros ou Prejuízos Acumulados;5.06.04;Dividendos mínimos obrigatórios;0.0000000000;N
02.635.522/0001-95;2025-03-31;1;JALLES MACHADO S.A.;025496;DF Individual - Demonstração das Mutações do Patrimônio Líquido;REAL;MIL;PENÚLTIMO;2023-04-01;2024-03-31;Outros Resultados Abrangentes;5.06.04;Distribuição de dividendos intermediários conf. AGE 29/11/2020;0.0000000000;N
02.635.522/0001-95;2025-03-31;1;JALLES MACHADO S.A.;025496;DF Individual - Demonstração das Mutações do Patrimônio Líquido;REAL;MIL;ÚLTIMO;2024-04-01;2025-03-31;Outros Resultados Abrangentes;5.06.04;Dividendos mínimos obrigatórios;0.0000000000;N
02.635.522/0001-95;2025-03-31;1;JALLES MACHADO S.A.;025496;DF Individual - Demonstração das Mutações do Patrimônio Líquido;REAL;MIL;PENÚLTIMO;2023-04-01;2024-03-31;Patrimônio Líquido;5.06.04;Distribuição de dividendos intermediários conf. AGE 29/11/2020;0.0000000000;N
02.635.522/0001-95;2025-03-31;1;JALLES MACHADO S.A.;025496;DF Individual - Demonstração das Mutações do Patrimônio Líquido;REAL;MIL;ÚLTIMO;2024-04-01;2025-03-31;Patrimônio Líquido;5.06.04;Dividendos mínimos obrigatórios;0.0000000000;N
02.635.522/0001-95;2025-03-31;1;JALLES MACHADO S.A.;025496;DF Individual - Demonstração das Mutações do Patrimônio Líquido;REAL;MIL;PENÚLTIMO;2023-04-01;2024-03-31;Capital Social Integralizado;5.06.05;Dividendos mínimos obrigatórios;0.0000000000;N
02.635.522/0001-95;2025-03-31;1;JALLES MACHADO S.A.;025496;DF Individual - Demonstração das Mutações do Patrimônio Líquido;REAL;MIL;ÚLTIMO;2024-04-01;2025-03-31;Capital Social Integralizado;5.06.05;Retenção de lucros para investimentos conf. orçamento de capital;0.0000000000;N
02.635.522/0001-95;2025-03-31;1;JALLES MACHADO S.A.;025496;DF Individual - Demonstração das Mutações do Patrimônio Líquido;REAL;MIL;PENÚLTIMO;2023-04-01;2024-03-31;Reservas de Capital, Opções Outorgadas e Ações em Tesouraria;5.06.05;Dividendos mínimos obrigatórios;0.0000000000;N
02.635.522/0001-95;2025-03-31;1;JALLES MACHADO S.A.;025496;DF Individual - Demonstração das Mutações do Patrimônio Líquido;REAL;MIL;ÚLTIMO;2024-04-01;2025-03-31;Reservas de Capital, Opções Outorgadas e Ações em Tesouraria;5.06.05;Retenção de lucros para investimentos conf. orçamento de capital;0.0000000000;N
02.635.522/0001-95;2025-03-31;1;JALLES MACHADO S.A.;025496;DF Individual - Demonstração das Mutações do Patrimônio Líquido;REAL;MIL;PENÚLTIMO;2023-04-01;2024-03-31;Reservas de Lucro;5.06.05;Dividendos mínimos obrigatórios;0.0000000000;N
02.635.522/0001-95;2025-03-31;1;JALLES MACHADO S.A.;025496;DF Individual - Demonstração das Mutações do Patrimônio Líquido;REAL;MIL;ÚLTIMO;2024-04-01;2025-03-31;Reservas de Lucro;5.06.05;Retenção de lucros para investimentos conf. orçamento de capital;0.0000000000;N
02.635.522/0001-95;2025-03-31;1;JALLES MACHADO S.A.;025496;DF Individual - Demonstração das Mutações do Patrimônio Líquido;REAL;MIL;PENÚLTIMO;2023-04-01;2024-03-31;Lucros ou Prejuízos Acumulados;5.06.05;Dividendos mínimos obrigatórios;-4775.0000000000;N
02.635.522/0001-95;2025-03-31;1;JALLES MACHADO S.A.;025496;DF Individual - Demonstração das Mutações do Patrimônio Líquido;REAL;MIL;ÚLTIMO;2024-04-01;2025-03-31;Lucros ou Prejuízos Acumulados;5.06.05;Retenção de lucros para investimentos conf. orçamento de capital;0.0000000000;N
02.635.522/0001-95;2025-03-31;1;JALLES MACHADO S.A.;025496;DF Individual - Demonstração das Mutações do Patrimônio Líquido;REAL;MIL;PENÚLTIMO;2023-04-01;2024-03-31;Outros Resultados Abrangentes;5.06.05;Dividendos mínimos obrigatórios;0.0000000000;N
02.635.522/0001-95;2025-03-31;1;JALLES MACHADO S.A.;025496;DF Individual - Demonstração das Mutações do Patrimônio Líquido;REAL;MIL;ÚLTIMO;2024-04-01;2025-03-31;Outros Resultados Abrangentes;5.06.05;Retenção de lucros para investimentos conf. orçamento de capital;0.0000000000;N
02.635.522/0001-95;2025-03-31;1;JALLES MACHADO S.A.;025496;DF Individual - Demonstração das Mutações do Patrimônio Líquido;REAL;MIL;PENÚLTIMO;2023-04-01;2024-03-31;Patrimônio Líquido;5.06.05;Dividendos mínimos obrigatórios;-4775.0000000000;N
02.635.522/0001-95;2025-03-31;1;JALLES MACHADO S.A.;025496;DF Individual - Demonstração das Mutações do Patrimônio Líquido;REAL;MIL;ÚLTIMO;2024-04-01;2025-03-31;Patrimônio Líquido;5.06.05;Retenção de lucros para investimentos conf. orçamento de capital;0.0000000000;N
02.635.522/0001-95;2025-03-31;1;JALLES MACHADO S.A.;025496;DF Individual - Demonstração das Mutações do Patrimônio Líquido;REAL;MIL;PENÚLTIMO;2023-04-01;2024-03-31;Capital Social Integralizado;5.06.06;Retenção de lucros para investimentos conf. orçamento de capital;0.0000000000;N
02.635.522/0001-95;2025-03-31;1;JALLES MACHADO S.A.;025496;DF Individual - Demonstração das Mutações do Patrimônio Líquido;REAL;MIL;ÚLTIMO;2024-04-01;2025-03-31;Capital Social Integralizado;5.06.06;Compensação de prejuízos com reserva de lucros;0.0000000000;N
02.635.522/0001-95;2025-03-31;1;JALLES MACHADO S.A.;025496;DF Individual - Demonstração das Mutações do Patrimônio Líquido;REAL;MIL;PENÚLTIMO;2023-04-01;2024-03-31;Reservas de Capital, Opções Outorgadas e Ações em Tesouraria;5.06.06;Retenção de lucros para investimentos conf. orçamento de capital;0.0000000000;N
02.635.522/0001-95;2025-03-31;1;JALLES MACHADO S.A.;025496;DF Individual - Demonstração das Mutações do Patrimônio Líquido;REAL;MIL;ÚLTIMO;2024-04-01;2025-03-31;Reservas de Capital, Opções Outorgadas e Ações em Tesouraria;5.06.06;Compensação de prejuízos com reserva de lucros;0.0000000000;N
02.635.522/0001-95;2025-03-31;1;JALLES MACHADO S.A.;025496;DF Individual - Demonstração das Mutações do Patrimônio Líquido;REAL;MIL;PENÚLTIMO;2023-04-01;2024-03-31;Reservas de Lucro;5.06.06;Retenção de lucros para investimentos conf. orçamento de capital;0.0000000000;N
02.635.522/0001-95;2025-03-31;1;JALLES MACHADO S.A.;025496;DF Individual - Demonstração das Mutações do Patrimônio Líquido;REAL;MIL;ÚLTIMO;2024-04-01;2025-03-31;Reservas de Lucro;5.06.06;Compensação de prejuízos com reserva de lucros;-55141.0000000000;N
02.635.522/0001-95;2025-03-31;1;JALLES MACHADO S.A.;025496;DF Individual - Demonstração das Mutações do Patrimônio Líquido;REAL;MIL;PENÚLTIMO;2023-04-01;2024-03-31;Lucros ou Prejuízos Acumulados;5.06.06;Retenção de lucros para investimentos conf. orçamento de capital;0.0000000000;N
02.635.522/0001-95;2025-03-31;1;JALLES MACHADO S.A.;025496;DF Individual - Demonstração das Mutações do Patrimônio Líquido;REAL;MIL;ÚLTIMO;2024-04-01;2025-03-31;Lucros ou Prejuízos Acumulados;5.06.06;Compensação de prejuízos com reserva de lucros;55141.0000000000;N
02.635.522/0001-95;2025-03-31;1;JALLES MACHADO S.A.;025496;DF Individual - Demonstração das Mutações do Patrimônio Líquido;REAL;MIL;PENÚLTIMO;2023-04-01;2024-03-31;Outros Resultados Abrangentes;5.06.06;Retenção de lucros para investimentos conf. orçamento de capital;0.0000000000;N
02.635.522/0001-95;2025-03-31;1;JALLES MACHADO S.A.;025496;DF Individual - Demonstração das Mutações do Patrimônio Líquido;REAL;MIL;ÚLTIMO;2024-04-01;2025-03-31;Outros Resultados Abrangentes;5.06.06;Compensação de prejuízos com reserva de lucros;0.0000000000;N
02.635.522/0001-95;2025-03-31;1;JALLES MACHADO S.A.;025496;DF Individual - Demonstração das Mutações do Patrimônio Líquido;REAL;MIL;PENÚLTIMO;2023-04-01;2024-03-31;Patrimônio Líquido;5.06.06;Retenção de lucros para investimentos conf. orçamento de capital;0.0000000000;N
02.635.522/0001-95;2025-03-31;1;JALLES MACHADO S.A.;025496;DF Individual - Demonstração das Mutações do Patrimônio Líquido;REAL;MIL;ÚLTIMO;2024-04-01;2025-03-31;Patrimônio Líquido;5.06.06;Compensação de prejuízos com reserva de lucros;0.0000000000;N
02.635.522/0001-95;2025-03-31;1;JALLES MACHADO S.A.;025496;DF Individual - Demonstração das Mutações do Patrimônio Líquido;REAL;MIL;PENÚLTIMO;2023-04-01;2024-03-31;Capital Social Integralizado;5.07;Saldos Finais;1039266.0000000000;S
02.635.522/0001-95;2025-03-31;1;JALLES MACHADO S.A.;025496;DF Individual - Demonstração das Mutações do Patrimônio Líquido;REAL;MIL;ÚLTIMO;2024-04-01;2025-03-31;Capital Social Integralizado;5.07;Saldos Finais;1039266.0000000000;S
02.635.522/0001-95;2025-03-31;1;JALLES MACHADO S.A.;025496;DF Individual - Demonstração das Mutações do Patrimônio Líquido;REAL;MIL;PENÚLTIMO;2023-04-01;2024-03-31;Reservas de Capital, Opções Outorgadas e Ações em Tesouraria;5.07;Saldos Finais;-14261.0000000000;S
02.635.522/0001-95;2025-03-31;1;JALLES MACHADO S.A.;025496;DF Individual - Demonstração das Mutações do Patrimônio Líquido;REAL;MIL;ÚLTIMO;2024-04-01;2025-03-31;Reservas de Capital, Opções Outorgadas e Ações em Tesouraria;5.07;Saldos Finais;-14261.0000000000;S
02.635.522/0001-95;2025-03-31;1;JALLES MACHADO S.A.;025496;DF Individual - Demonstração das Mutações do Patrimônio Líquido;REAL;MIL;PENÚLTIMO;2023-04-01;2024-03-31;Reservas de Lucro;5.07;Saldos Finais;1037061.0000000000;S
02.635.522/0001-95;2025-03-31;1;JALLES MACHADO S.A.;025496;DF Individual - Demonstração das Mutações do Patrimônio Líquido;REAL;MIL;ÚLTIMO;2024-04-01;2025-03-31;Reservas de Lucro;5.07;Saldos Finais;966282.0000000000;S
02.635.522/0001-95;2025-03-31;1;JALLES MACHADO S.A.;025496;DF Individual - Demonstração das Mutações do Patrimônio Líquido;REAL;MIL;PENÚLTIMO;2023-04-01;2024-03-31;Lucros ou Prejuízos Acumulados;5.07;Saldos Finais;0.0000000000;S
02.635.522/0001-95;2025-03-31;1;JALLES MACHADO S.A.;025496;DF Individual - Demonstração das Mutações do Patrimônio Líquido;REAL;MIL;ÚLTIMO;2024-04-01;2025-03-31;Lucros ou Prejuízos Acumulados;5.07;Saldos Finais;0.0000000000;S
02.635.522/0001-95;2025-03-31;1;JALLES MACHADO S.A.;025496;DF Individual - Demonstração das Mutações do Patrimônio Líquido;REAL;MIL;PENÚLTIMO;2023-04-01;2024-03-31;Outros Resultados Abrangentes;5.07;Saldos Finais;12692.0000000000;S
02.635.522/0001-95;2025-03-31;1;JALLES MACHADO S.A.;025496;DF Individual - Demonstração das Mutações do Patrimônio Líquido;REAL;MIL;ÚLTIMO;2024-04-01;2025-03-31;Outros Resultados Abrangentes;5.07;Saldos Finais;11883.0000000000;S
02.635.522/0001-95;2025-03-31;1;JALLES MACHADO S.A.;025496;DF Individual - Demonstração das Mutações do Patrimônio Líquido;REAL;MIL;PENÚLTIMO;2023-04-01;2024-03-31;Patrimônio Líquido;5.07;Saldos Finais;2074758.0000000000;S
02.635.522/0001-95;2025-03-31;1;JALLES MACHADO S.A.;025496;DF Individual - Demonstração das Mutações do Patrimônio Líquido;REAL;MIL;ÚLTIMO;2024-04-01;2025-03-31;Patrimônio Líquido;5.07;Saldos Finais;2003170.0000000000;S
06.981.381/0001-13;2025-03-31;1;CTC - CENTRO DE TECNOLOGIA CANAVIEIRA S.A.;023981;DF Individual - Demonstração das Mutações do Patrimônio Líquido;REAL;MIL;PENÚLTIMO;2023-04-01;2024-03-31;Capital Social Integralizado;5.01;Saldos Iniciais;562203.0000000000;S
06.981.381/0001-13;2025-03-31;1;CTC - CENTRO DE TECNOLOGIA CANAVIEIRA S.A.;023981;DF Individual - Demonstração das Mutações do Patrimônio Líquido;REAL;MIL;ÚLTIMO;2024-04-01;2025-03-31;Capital Social Integralizado;5.01;Saldos Iniciais;562203.0000000000;S
06.981.381/0001-13;2025-03-31;1;CTC - CENTRO DE TECNOLOGIA CANAVIEIRA S.A.;023981;DF Individual - Demonstração das Mutações do Patrimônio Líquido;REAL;MIL;PENÚLTIMO;2023-04-01;2024-03-31;Reservas de Capital, Opções Outorgadas e Ações em Tesouraria;5.01;Saldos Iniciais;0.0000000000;S
06.981.381/0001-13;2025-03-31;1;CTC - CENTRO DE TECNOLOGIA CANAVIEIRA S.A.;023981;DF Individual - Demonstração das Mutações do Patrimônio Líquido;REAL;MIL;ÚLTIMO;2024-04-01;2025-03-31;Reservas de Capital, Opções Outorgadas e Ações em Tesouraria;5.01;Saldos Iniciais;0.0000000000;S
06.981.381/0001-13;2025-03-31;1;CTC - CENTRO DE TECNOLOGIA CANAVIEIRA S.A.;023981;DF Individual - Demonstração das Mutações do Patrimônio Líquido;REAL;MIL;PENÚLTIMO;2023-04-01;2024-03-31;Reservas de Lucro;5.01;Saldos Iniciais;299079.0000000000;S
06.981.381/0001-13;2025-03-31;1;CTC - CENTRO DE TECNOLOGIA CANAVIEIRA S.A.;023981;DF Individual - Demonstração das Mutações do Patrimônio Líquido;REAL;MIL;ÚLTIMO;2024-04-01;2025-03-31;Reservas de Lucro;5.01;Saldos Iniciais;415535.0000000000;S
06.981.381/0001-13;2025-03-31;1;CTC - CENTRO DE TECNOLOGIA CANAVIEIRA S.A.;023981;DF Individual - Demonstração das Mutações do Patrimônio Líquido;REAL;MIL;PENÚLTIMO;2023-04-01;2024-03-31;Lucros ou Prejuízos Acumulados;5.01;Saldos Iniciais;0.0000000000;S
06.981.381/0001-13;2025-03-31;1;CTC - CENTRO DE TECNOLOGIA CANAVIEIRA S.A.;023981;DF Individual - Demonstração das Mutações do Patrimônio Líquido;REAL;MIL;ÚLTIMO;2024-04-01;2025-03-31;Lucros ou Prejuízos Acumulados;5.01;Saldos Iniciais;0.0000000000;S
06.981.381/0001-13;2025-03-31;1;CTC - CENTRO DE TECNOLOGIA CANAVIEIRA S.A.;023981;DF Individual - Demonstração das Mutações do Patrimônio Líquido;REAL;MIL;PENÚLTIMO;2023-04-01;2024-03-31;Outros Resultados Abrangentes;5.01;Saldos Iniciais;1318.0000000000;S
06.981.381/0001-13;2025-03-31;1;CTC - CENTRO DE TECNOLOGIA CANAVIEIRA S.A.;023981;DF Individual - Demonstração das Mutações do Patrimônio Líquido;REAL;MIL;ÚLTIMO;2024-04-01;2025-03-31;Outros Resultados Abrangentes;5.01;Saldos Iniciais;1893.0000000000;S
06.981.381/0001-13;2025-03-31;1;CTC - CENTRO DE TECNOLOGIA CANAVIEIRA S.A.;023981;DF Individual - Demonstração das Mutações do Patrimônio Líquido;REAL;MIL;PENÚLTIMO;2023-04-01;2024-03-31;Patrimônio Líquido;5.01;Saldos Iniciais;862600.0000000000;S
06.981.381/0001-13;2025-03-31;1;CTC - CENTRO DE TECNOLOGIA CANAVIEIRA S.A.;023981;DF Individual - Demonstração das Mutações do Patrimônio Líquido;REAL;MIL;ÚLTIMO;2024-04-01;2025-03-31;Patrimônio Líquido;5.01;Saldos Iniciais;979631.0000000000;S
06.981.381/0001-13;2025-03-31;1;CTC - CENTRO DE TECNOLOGIA CANAVIEIRA S.A.;023981;DF Individual - Demonstração das Mutações do Patrimônio Líquido;REAL;MIL;PENÚLTIMO;2023-04-01;2024-03-31;Capital Social Integralizado;5.02;Ajustes de Exercícios Anteriores;0.0000000000;S
06.981.381/0001-13;2025-03-31;1;CTC - CENTRO DE TECNOLOGIA CANAVIEIRA S.A.;023981;DF Individual - Demonstração das Mutações do Patrimônio Líquido;REAL;MIL;ÚLTIMO;2024-04-01;2025-03-31;Capital Social Integralizado;5.02;Ajustes de Exercícios Anteriores;0.0000000000;S
06.981.381/0001-13;2025-03-31;1;CTC - CENTRO DE TECNOLOGIA CANAVIEIRA S.A.;023981;DF Individual - Demonstração das Mutações do Patrimônio Líquido;REAL;MIL;PENÚLTIMO;2023-04-01;2024-03-31;Reservas de Capital, Opções Outorgadas e Ações em Tesouraria;5.02;Ajustes de Exercícios Anteriores;0.0000000000;S
06.981.381/0001-13;2025-03-31;1;CTC - CENTRO DE TECNOLOGIA CANAVIEIRA S.A.;023981;DF Individual - Demonstração das Mutações do Patrimônio Líquido;REAL;MIL;ÚLTIMO;2024-04-01;2025-03-31;Reservas de Capital, Opções Outorgadas e Ações em Tesouraria;5.02;Ajustes de Exercícios Anteriores;0.0000000000;S
06.981.381/0001-13;2025-03-31;1;CTC - CENTRO DE TECNOLOGIA CANAVIEIRA S.A.;023981;DF Individual - Demonstração das Mutações do Patrimônio Líquido;REAL;MIL;PENÚLTIMO;2023-04-01;2024-03-31;Reservas de Lucro;5.02;Ajustes de Exercícios Anteriores;0.0000000000;S
06.981.381/0001-13;2025-03-31;1;CTC - CENTRO DE TECNOLOGIA CANAVIEIRA S.A.;023981;DF Individual - Demonstração das Mutações do Patrimônio Líquido;REAL;MIL;ÚLTIMO;2024-04-01;2025-03-31;Reservas de Lucro;5.02;Ajustes de Exercícios Anteriores;0.0000000000;S
06.981.381/0001-13;2025-03-31;1;CTC - CENTRO DE TECNOLOGIA CANAVIEIRA S.A.;023981;DF Individual - Demonstração das Mutações do Patrimônio Líquido;REAL;MIL;PENÚLTIMO;2023-04-01;2024-03-31;Lucros ou Prejuízos Acumulados;5.02;Ajustes de Exercícios Anteriores;0.0000000000;S
06.981.381/0001-13;2025-03-31;1;CTC - CENTRO DE TECNOLOGIA CANAVIEIRA S.A.;023981;DF Individual - Demonstração das Mutações do Patrimônio Líquido;REAL;MIL;ÚLTIMO;2024-04-01;2025-03-31;Lucros ou Prejuízos Acumulados;5.02;Ajustes de Exercícios Anteriores;0.0000000000;S
06.981.381/0001-13;2025-03-31;1;CTC - CENTRO DE TECNOLOGIA CANAVIEIRA S.A.;023981;DF Individual - Demonstração das Mutações do Patrimônio Líquido;REAL;MIL;PENÚLTIMO;2023-04-01;2024-03-31;Outros Resultados Abrangentes;5.02;Ajustes de Exercícios Anteriores;0.0000000000;S
06.981.381/0001-13;2025-03-31;1;CTC - CENTRO DE TECNOLOGIA CANAVIEIRA S.A.;023981;DF Individual - Demonstração das Mutações do Patrimônio Líquido;REAL;MIL;ÚLTIMO;2024-04-01;2025-03-31;Outros Resultados Abrangentes;5.02;Ajustes de Exercícios Anteriores;0.0000000000;S
06.981.381/0001-13;2025-03-31;1;CTC - CENTRO DE TECNOLOGIA CANAVIEIRA S.A.;023981;DF Individual - Demonstração das Mutações do Patrimônio Líquido;REAL;MIL;PENÚLTIMO;2023-04-01;2024-03-31;Patrimônio Líquido;5.02;Ajustes de Exercícios Anteriores;0.0000000000;S
06.981.381/0001-13;2025-03-31;1;CTC - CENTRO DE TECNOLOGIA CANAVIEIRA S.A.;023981;DF Individual - Demonstração das Mutações do Patrimônio Líquido;REAL;MIL;ÚLTIMO;2024-04-01;2025-03-31;Patrimônio Líquido;5.02;Ajustes de Exercícios Anteriores;0.0000000000;S
06.981.381/0001-13;2025-03-31;1;CTC - CENTRO DE TECNOLOGIA CANAVIEIRA S.A.;023981;DF Individual - Demonstração das Mutações do Patrimônio Líquido;REAL;MIL;PENÚLTIMO;2023-04-01;2024-03-31;Capital Social Integralizado;5.03;Saldos Iniciais Ajustados;562203.0000000000;S
06.981.381/0001-13;2025-03-31;1;CTC - CENTRO DE TECNOLOGIA CANAVIEIRA S.A.;023981;DF Individual - Demonstração das Mutações do Patrimônio Líquido;REAL;MIL;ÚLTIMO;2024-04-01;2025-03-31;Capital Social Integralizado;5.03;Saldos Iniciais Ajustados;562203.0000000000;S
06.981.381/0001-13;2025-03-31;1;CTC - CENTRO DE TECNOLOGIA CANAVIEIRA S.A.;023981;DF Individual - Demonstração das Mutações do Patrimônio Líquido;REAL;MIL;PENÚLTIMO;2023-04-01;2024-03-31;Reservas de Capital, Opções Outorgadas e Ações em Tesouraria;5.03;Saldos Iniciais Ajustados;0.0000000000;S
06.981.381/0001-13;2025-03-31;1;CTC - CENTRO DE TECNOLOGIA CANAVIEIRA S.A.;023981;DF Individual - Demonstração das Mutações do Patrimônio Líquido;REAL;MIL;ÚLTIMO;2024-04-01;2025-03-31;Reservas de Capital, Opções Outorgadas e Ações em Tesouraria;5.03;Saldos Iniciais Ajustados;0.0000000000;S
06.981.381/0001-13;2025-03-31;1;CTC - CENTRO DE TECNOLOGIA CANAVIEIRA S.A.;023981;DF Individual - Demonstração das Mutações do Patrimônio Líquido;REAL;MIL;PENÚLTIMO;2023-04-01;2024-03-31;Reservas de Lucro;5.03;Saldos Iniciais Ajustados;299079.0000000000;S
06.981.381/0001-13;2025-03-31;1;CTC - CENTRO DE TECNOLOGIA CANAVIEIRA S.A.;023981;DF Individual - Demonstração das Mutações do Patrimônio Líquido;REAL;MIL;ÚLTIMO;2024-04-01;2025-03-31;Reservas de Lucro;5.03;Saldos Iniciais Ajustados;415535.0000000000;S
06.981.381/0001-13;2025-03-31;1;CTC - CENTRO DE TECNOLOGIA CANAVIEIRA S.A.;023981;DF Individual - Demonstração das Mutações do Patrimônio Líquido;REAL;MIL;PENÚLTIMO;2023-04-01;2024-03-31;Lucros ou Prejuízos Acumulados;5.03;Saldos Iniciais Ajustados;0.0000000000;S
06.981.381/0001-13;2025-03-31;1;CTC - CENTRO DE TECNOLOGIA CANAVIEIRA S.A.;023981;DF Individual - Demonstração das Mutações do Patrimônio Líquido;REAL;MIL;ÚLTIMO;2024-04-01;2025-03-31;Lucros ou Prejuízos Acumulados;5.03;Saldos Iniciais Ajustados;0.0000000000;S
06.981.381/0001-13;2025-03-31;1;CTC - CENTRO DE TECNOLOGIA CANAVIEIRA S.A.;023981;DF Individual - Demonstração das Mutações do Patrimônio Líquido;REAL;MIL;PENÚLTIMO;2023-04-01;2024-03-31;Outros Resultados Abrangentes;5.03;Saldos Iniciais Ajustados;1318.0000000000;S
06.981.381/0001-13;2025-03-31;1;CTC - CENTRO DE TECNOLOGIA CANAVIEIRA S.A.;023981;DF Individual - Demonstração das Mutações do Patrimônio Líquido;REAL;MIL;ÚLTIMO;2024-04-01;2025-03-31;Outros Resultados Abrangentes;5.03;Saldos Iniciais Ajustados;1893.0000000000;S
06.981.381/0001-13;2025-03-31;1;CTC - CENTRO DE TECNOLOGIA CANAVIEIRA S.A.;023981;DF Individual - Demonstração das Mutações do Patrimônio Líquido;REAL;MIL;PENÚLTIMO;2023-04-01;2024-03-31;Patrimônio Líquido;5.03;Saldos Iniciais Ajustados;862600.0000000000;S
06.981.381/0001-13;2025-03-31;1;CTC - CENTRO DE TECNOLOGIA CANAVIEIRA S.A.;023981;DF Individual - Demonstração das Mutações do Patrimônio Líquido;REAL;MIL;ÚLTIMO;2024-04-01;2025-03-31;Patrimônio Líquido;5.03;Saldos Iniciais Ajustados;979631.0000000000;S
06.981.381/0001-13;2025-03-31;1;CTC - CENTRO DE TECNOLOGIA CANAVIEIRA S.A.;023981;DF Individual - Demonstração das Mutações do Patrimônio Líquido;REAL;MIL;PENÚLTIMO;2023-04-01;2024-03-31;Capital Social Integralizado;5.04;Transações de Capital com os Sócios;0.0000000000;S
06.981.381/0001-13;2025-03-31;1;CTC - CENTRO DE TECNOLOGIA CANAVIEIRA S.A.;023981;DF Individual - Demonstração das Mutações do Patrimônio Líquido;REAL;MIL;ÚLTIMO;2024-04-01;2025-03-31;Capital Social Integralizado;5.04;Transações de Capital com os Sócios;0.0000000000;S
06.981.381/0001-13;2025-03-31;1;CTC - CENTRO DE TECNOLOGIA CANAVIEIRA S.A.;023981;DF Individual - Demonstração das Mutações do Patrimônio Líquido;REAL;MIL;PENÚLTIMO;2023-04-01;2024-03-31;Reservas de Capital, Opções Outorgadas e Ações em Tesouraria;5.04;Transações de Capital com os Sócios;0.0000000000;S
06.981.381/0001-13;2025-03-31;1;CTC - CENTRO DE TECNOLOGIA CANAVIEIRA S.A.;023981;DF Individual - Demonstração das Mutações do Patrimônio Líquido;REAL;MIL;ÚLTIMO;2024-04-01;2025-03-31;Reservas de Capital, Opções Outorgadas e Ações em Tesouraria;5.04;Transações de Capital com os Sócios;0.0000000000;S
06.981.381/0001-13;2025-03-31;1;CTC - CENTRO DE TECNOLOGIA CANAVIEIRA S.A.;023981;DF Individual - Demonstração das Mutações do Patrimônio Líquido;REAL;MIL;PENÚLTIMO;2023-04-01;2024-03-31;Reservas de Lucro;5.04;Transações de Capital com os Sócios;322.0000000000;S
06.981.381/0001-13;2025-03-31;1;CTC - CENTRO DE TECNOLOGIA CANAVIEIRA S.A.;023981;DF Individual - Demonstração das Mutações do Patrimônio Líquido;REAL;MIL;ÚLTIMO;2024-04-01;2025-03-31;Reservas de Lucro;5.04;Transações de Capital com os Sócios;5872.0000000000;S
06.981.381/0001-13;2025-03-31;1;CTC - CENTRO DE TECNOLOGIA CANAVIEIRA S.A.;023981;DF Individual - Demonstração das Mutações do Patrimônio Líquido;REAL;MIL;PENÚLTIMO;2023-04-01;2024-03-31;Lucros ou Prejuízos Acumulados;5.04;Transações de Capital com os Sócios;-36173.0000000000;S
06.981.381/0001-13;2025-03-31;1;CTC - CENTRO DE TECNOLOGIA CANAVIEIRA S.A.;023981;DF Individual - Demonstração das Mutações do Patrimônio Líquido;REAL;MIL;ÚLTIMO;2024-04-01;2025-03-31;Lucros ou Prejuízos Acumulados;5.04;Transações de Capital com os Sócios;-35830.0000000000;S
06.981.381/0001-13;2025-03-31;1;CTC - CENTRO DE TECNOLOGIA CANAVIEIRA S.A.;023981;DF Individual - Demonstração das Mutações do Patrimônio Líquido;REAL;MIL;PENÚLTIMO;2023-04-01;2024-03-31;Outros Resultados Abrangentes;5.04;Transações de Capital com os Sócios;0.0000000000;S
06.981.381/0001-13;2025-03-31;1;CTC - CENTRO DE TECNOLOGIA CANAVIEIRA S.A.;023981;DF Individual - Demonstração das Mutações do Patrimônio Líquido;REAL;MIL;ÚLTIMO;2024-04-01;2025-03-31;Outros Resultados Abrangentes;5.04;Transações de Capital com os Sócios;0.0000000000;S
06.981.381/0001-13;2025-03-31;1;CTC - CENTRO DE TECNOLOGIA CANAVIEIRA S.A.;023981;DF Individual - Demonstração das Mutações do Patrimônio Líquido;REAL;MIL;PENÚLTIMO;2023-04-01;2024-03-31;Patrimônio Líquido;5.04;Transações de Capital com os Sócios;-35851.0000000000;S
06.981.381/0001-13;2025-03-31;1;CTC - CENTRO DE TECNOLOGIA CANAVIEIRA S.A.;023981;DF Individual - Demonstração das Mutações do Patrimônio Líquido;REAL;MIL;ÚLTIMO;2024-04-01;2025-03-31;Patrimônio Líquido;5.04;Transações de Capital com os Sócios;-29958.0000000000;S
06.981.381/0001-13;2025-03-31;1;CTC - CENTRO DE TECNOLOGIA CANAVIEIRA S.A.;023981;DF Individual - Demonstração das Mutações do Patrimônio Líquido;REAL;MIL;PENÚLTIMO;2023-04-01;2024-03-31;Capital Social Integralizado;5.04.01;Aumentos de Capital;0.0000000000;S
06.981.381/0001-13;2025-03-31;1;CTC - CENTRO DE TECNOLOGIA CANAVIEIRA S.A.;023981;DF Individual - Demonstração das Mutações do Patrimônio Líquido;REAL;MIL;ÚLTIMO;2024-04-01;2025-03-31;Capital Social Integralizado;5.04.01;Aumentos de Capital;0.0000000000;S
06.981.381/0001-13;2025-03-31;1;CTC - CENTRO DE TECNOLOGIA CANAVIEIRA S.A.;023981;DF Individual - Demonstração das Mutações do Patrimônio Líquido;REAL;MIL;PENÚLTIMO;2023-04-01;2024-03-31;Reservas de Capital, Opções Outorgadas e Ações em Tesouraria;5.04.01;Aumentos de Capital;0.0000000000;S
06.981.381/0001-13;2025-03-31;1;CTC - CENTRO DE TECNOLOGIA CANAVIEIRA S.A.;023981;DF Individual - Demonstração das Mutações do Patrimônio Líquido;REAL;MIL;ÚLTIMO;2024-04-01;2025-03-31;Reservas de Capital, Opções Outorgadas e Ações em Tesouraria;5.04.01;Aumentos de Capital;0.0000000000;S
06.981.381/0001-13;2025-03-31;1;CTC - CENTRO DE TECNOLOGIA CANAVIEIRA S.A.;023981;DF Individual - Demonstração das Mutações do Patrimônio Líquido;REAL;MIL;PENÚLTIMO;2023-04-01;2024-03-31;Reservas de Lucro;5.04.01;Aumentos de Capital;0.0000000000;S
06.981.381/0001-13;2025-03-31;1;CTC - CENTRO DE TECNOLOGIA CANAVIEIRA S.A.;023981;DF Individual - Demonstração das Mutações do Patrimônio Líquido;REAL;MIL;ÚLTIMO;2024-04-01;2025-03-31;Reservas de Lucro;5.04.01;Aumentos de Capital;0.0000000000;S
06.981.381/0001-13;2025-03-31;1;CTC - CENTRO DE TECNOLOGIA CANAVIEIRA S.A.;023981;DF Individual - Demonstração das Mutações do Patrimônio Líquido;REAL;MIL;PENÚLTIMO;2023-04-01;2024-03-31;Lucros ou Prejuízos Acumulados;5.04.01;Aumentos de Capital;0.0000000000;S
06.981.381/0001-13;2025-03-31;1;CTC - CENTRO DE TECNOLOGIA CANAVIEIRA S.A.;023981;DF Individual - Demonstração das Mutações do Patrimônio Líquido;REAL;MIL;ÚLTIMO;2024-04-01;2025-03-31;Lucros ou Prejuízos Acumulados;5.04.01;Aumentos de Capital;0.0000000000;S
06.981.381/0001-13;2025-03-31;1;CTC - CENTRO DE TECNOLOGIA CANAVIEIRA S.A.;023981;DF Individual - Demonstração das Mutações do Patrimônio Líquido;REAL;MIL;PENÚLTIMO;2023-04-01;2024-03-31;Outros Resultados Abrangentes;5.04.01;Aumentos de Capital;0.0000000000;S
06.981.381/0001-13;2025-03-31;1;CTC - CENTRO DE TECNOLOGIA CANAVIEIRA S.A.;023981;DF Individual - Demonstração das Mutações do Patrimônio Líquido;REAL;MIL;ÚLTIMO;2024-04-01;2025-03-31;Outros Resultados Abrangentes;5.04.01;Aumentos de Capital;0.0000000000;S
06.981.381/0001-13;2025-03-31;1;CTC - CENTRO DE TECNOLOGIA CANAVIEIRA S.A.;023981;DF Individual - Demonstração das Mutações do Patrimônio Líquido;REAL;MIL;PENÚLTIMO;2023-04-01;2024-03-31;Patrimônio Líquido;5.04.01;Aumentos de Capital;0.0000000000;S
06.981.381/0001-13;2025-03-31;1;CTC - CENTRO DE TECNOLOGIA CANAVIEIRA S.A.;023981;DF Individual - Demonstração das Mutações do Patrimônio Líquido;REAL;MIL;ÚLTIMO;2024-04-01;2025-03-31;Patrimônio Líquido;5.04.01;Aumentos de Capital;0.0000000000;S
06.981.381/0001-13;2025-03-31;1;CTC - CENTRO DE TECNOLOGIA CANAVIEIRA S.A.;023981;DF Individual - Demonstração das Mutações do Patrimônio Líquido;REAL;MIL;PENÚLTIMO;2023-04-01;2024-03-31;Capital Social Integralizado;5.04.02;Gastos com Emissão de Ações;0.0000000000;S
06.981.381/0001-13;2025-03-31;1;CTC - CENTRO DE TECNOLOGIA CANAVIEIRA S.A.;023981;DF Individual - Demonstração das Mutações do Patrimônio Líquido;REAL;MIL;ÚLTIMO;2024-04-01;2025-03-31;Capital Social Integralizado;5.04.02;Gastos com Emissão de Ações;0.0000000000;S
06.981.381/0001-13;2025-03-31;1;CTC - CENTRO DE TECNOLOGIA CANAVIEIRA S.A.;023981;DF Individual - Demonstração das Mutações do Patrimônio Líquido;REAL;MIL;PENÚLTIMO;2023-04-01;2024-03-31;Reservas de Capital, Opções Outorgadas e Ações em Tesouraria;5.04.02;Gastos com Emissão de Ações;0.0000000000;S
06.981.381/0001-13;2025-03-31;1;CTC - CENTRO DE TECNOLOGIA CANAVIEIRA S.A.;023981;DF Individual - Demonstração das Mutações do Patrimônio Líquido;REAL;MIL;ÚLTIMO;2024-04-01;2025-03-31;Reservas de Capital, Opções Outorgadas e Ações em Tesouraria;5.04.02;Gastos com Emissão de Ações;0.0000000000;S
06.981.381/0001-13;2025-03-31;1;CTC - CENTRO DE TECNOLOGIA CANAVIEIRA S.A.;023981;DF Individual - Demonstração das Mutações do Patrimônio Líquido;REAL;MIL;PENÚLTIMO;2023-04-01;2024-03-31;Reservas de Lucro;5.04.02;Gastos com Emissão de Ações;0.0000000000;S
06.981.381/0001-13;2025-03-31;1;CTC - CENTRO DE TECNOLOGIA CANAVIEIRA S.A.;023981;DF Individual - Demonstração das Mutações do Patrimônio Líquido;REAL;MIL;ÚLTIMO;2024-04-01;2025-03-31;Reservas de Lucro;5.04.02;Gastos com Emissão de Ações;0.0000000000;S
06.981.381/0001-13;2025-03-31;1;CTC - CENTRO DE TECNOLOGIA CANAVIEIRA S.A.;023981;DF Individual - Demonstração das Mutações do Patrimônio Líquido;REAL;MIL;PENÚLTIMO;2023-04-01;2024-03-31;Lucros ou Prejuízos Acumulados;5.04.02;Gastos com Emissão de Ações;0.0000000000;S
06.981.381/0001-13;2025-03-31;1;CTC - CENTRO DE TECNOLOGIA CANAVIEIRA S.A.;023981;DF Individual - Demonstração das Mutações do Patrimônio Líquido;REAL;MIL;ÚLTIMO;2024-04-01;2025-03-31;Lucros ou Prejuízos Acumulados;5.04.02;Gastos com Emissão de Ações;0.0000000000;S
06.981.381/0001-13;2025-03-31;1;CTC - CENTRO DE TECNOLOGIA CANAVIEIRA S.A.;023981;DF Individual - Demonstração das Mutações do Patrimônio Líquido;REAL;MIL;PENÚLTIMO;2023-04-01;2024-03-31;Outros Resultados Abrangentes;5.04.02;Gastos com Emissão de Ações;0.0000000000;S
06.981.381/0001-13;2025-03-31;1;CTC - CENTRO DE TECNOLOGIA CANAVIEIRA S.A.;023981;DF Individual - Demonstração das Mutações do Patrimônio Líquido;REAL;MIL;ÚLTIMO;2024-04-01;2025-03-31;Outros Resultados Abrangentes;5.04.02;Gastos com Emissão de Ações;0.0000000000;S
06.981.381/0001-13;2025-03-31;1;CTC - CENTRO DE TECNOLOGIA CANAVIEIRA S.A.;023981;DF Individual - Demonstração das Mutações do Patrimônio Líquido;REAL;MIL;PENÚLTIMO;2023-04-01;2024-03-31;Patrimônio Líquido;5.04.02;Gastos com Emissão de Ações;0.0000000000;S
06.981.381/0001-13;2025-03-31;1;CTC - CENTRO DE TECNOLOGIA CANAVIEIRA S.A.;023981;DF Individual - Demonstração das Mutações do Patrimônio Líquido;REAL;MIL;ÚLTIMO;2024-04-01;2025-03-31;Patrimônio Líquido;5.04.02;Gastos com Emissão de Ações;0.0000000000;S
06.981.381/0001-13;2025-03-31;1;CTC - CENTRO DE TECNOLOGIA CANAVIEIRA S.A.;023981;DF Individual - Demonstração das Mutações do Patrimônio Líquido;REAL;MIL;PENÚLTIMO;2023-04-01;2024-03-31;Capital Social Integralizado;5.04.03;Opções Outorgadas Reconhecidas;0.0000000000;S
06.981.381/0001-13;2025-03-31;1;CTC - CENTRO DE TECNOLOGIA CANAVIEIRA S.A.;023981;DF Individual - Demonstração das Mutações do Patrimônio Líquido;REAL;MIL;ÚLTIMO;2024-04-01;2025-03-31;Capital Social Integralizado;5.04.03;Opções Outorgadas Reconhecidas;0.0000000000;S
06.981.381/0001-13;2025-03-31;1;CTC - CENTRO DE TECNOLOGIA CANAVIEIRA S.A.;023981;DF Individual - Demonstração das Mutações do Patrimônio Líquido;REAL;MIL;PENÚLTIMO;2023-04-01;2024-03-31;Reservas de Capital, Opções Outorgadas e Ações em Tesouraria;5.04.03;Opções Outorgadas Reconhecidas;0.0000000000;S
06.981.381/0001-13;2025-03-31;1;CTC - CENTRO DE TECNOLOGIA CANAVIEIRA S.A.;023981;DF Individual - Demonstração das Mutações do Patrimônio Líquido;REAL;MIL;ÚLTIMO;2024-04-01;2025-03-31;Reservas de Capital, Opções Outorgadas e Ações em Tesouraria;5.04.03;Opções Outorgadas Reconhecidas;0.0000000000;S
06.981.381/0001-13;2025-03-31;1;CTC - CENTRO DE TECNOLOGIA CANAVIEIRA S.A.;023981;DF Individual - Demonstração das Mutações do Patrimônio Líquido;REAL;MIL;PENÚLTIMO;2023-04-01;2024-03-31;Reservas de Lucro;5.04.03;Opções Outorgadas Reconhecidas;2190.0000000000;S
06.981.381/0001-13;2025-03-31;1;CTC - CENTRO DE TECNOLOGIA CANAVIEIRA S.A.;023981;DF Individual - Demonstração das Mutações do Patrimônio Líquido;REAL;MIL;ÚLTIMO;2024-04-01;2025-03-31;Reservas de Lucro;5.04.03;Opções Outorgadas Reconhecidas;0.0000000000;S
06.981.381/0001-13;2025-03-31;1;CTC - CENTRO DE TECNOLOGIA CANAVIEIRA S.A.;023981;DF Individual - Demonstração das Mutações do Patrimônio Líquido;REAL;MIL;PENÚLTIMO;2023-04-01;2024-03-31;Lucros ou Prejuízos Acumulados;5.04.03;Opções Outorgadas Reconhecidas;0.0000000000;S
06.981.381/0001-13;2025-03-31;1;CTC - CENTRO DE TECNOLOGIA CANAVIEIRA S.A.;023981;DF Individual - Demonstração das Mutações do Patrimônio Líquido;REAL;MIL;ÚLTIMO;2024-04-01;2025-03-31;Lucros ou Prejuízos Acumulados;5.04.03;Opções Outorgadas Reconhecidas;0.0000000000;S
06.981.381/0001-13;2025-03-31;1;CTC - CENTRO DE TECNOLOGIA CANAVIEIRA S.A.;023981;DF Individual - Demonstração das Mutações do Patrimônio Líquido;REAL;MIL;PENÚLTIMO;2023-04-01;2024-03-31;Outros Resultados Abrangentes;5.04.03;Opções Outorgadas Reconhecidas;0.0000000000;S
06.981.381/0001-13;2025-03-31;1;CTC - CENTRO DE TECNOLOGIA CANAVIEIRA S.A.;023981;DF Individual - Demonstração das Mutações do Patrimônio Líquido;REAL;MIL;ÚLTIMO;2024-04-01;2025-03-31;Outros Resultados Abrangentes;5.04.03;Opções Outorgadas Reconhecidas;0.0000000000;S
06.981.381/0001-13;2025-03-31;1;CTC - CENTRO DE TECNOLOGIA CANAVIEIRA S.A.;023981;DF Individual - Demonstração das Mutações do Patrimônio Líquido;REAL;MIL;PENÚLTIMO;2023-04-01;2024-03-31;Patrimônio Líquido;5.04.03;Opções Outorgadas Reconhecidas;2190.0000000000;S
06.981.381/0001-13;2025-03-31;1;CTC - CENTRO DE TECNOLOGIA CANAVIEIRA S.A.;023981;DF Individual - Demonstração das Mutações do Patrimônio Líquido;REAL;MIL;ÚLTIMO;2024-04-01;2025-03-31;Patrimônio Líquido;5.04.03;Opções Outorgadas Reconhecidas;0.0000000000;S
06.981.381/0001-13;2025-03-31;1;CTC - CENTRO DE TECNOLOGIA CANAVIEIRA S.A.;023981;DF Individual - Demonstração das Mutações do Patrimônio Líquido;REAL;MIL;PENÚLTIMO;2023-04-01;2024-03-31;Capital Social Integralizado;5.04.04;Ações em Tesouraria Adquiridas;0.0000000000;S
06.981.381/0001-13;2025-03-31;1;CTC - CENTRO DE TECNOLOGIA CANAVIEIRA S.A.;023981;DF Individual - Demonstração das Mutações do Patrimônio Líquido;REAL;MIL;ÚLTIMO;2024-04-01;2025-03-31;Capital Social Integralizado;5.04.04;Ações em Tesouraria Adquiridas;0.0000000000;S
06.981.381/0001-13;2025-03-31;1;CTC - CENTRO DE TECNOLOGIA CANAVIEIRA S.A.;023981;DF Individual - Demonstração das Mutações do Patrimônio Líquido;REAL;MIL;PENÚLTIMO;2023-04-01;2024-03-31;Reservas de Capital, Opções Outorgadas e Ações em Tesouraria;5.04.04;Ações em Tesouraria Adquiridas;0.0000000000;S
06.981.381/0001-13;2025-03-31;1;CTC - CENTRO DE TECNOLOGIA CANAVIEIRA S.A.;023981;DF Individual - Demonstração das Mutações do Patrimônio Líquido;REAL;MIL;ÚLTIMO;2024-04-01;2025-03-31;Reservas de Capital, Opções Outorgadas e Ações em Tesouraria;5.04.04;Ações em Tesouraria Adquiridas;0.0000000000;S
06.981.381/0001-13;2025-03-31;1;CTC - CENTRO DE TECNOLOGIA CANAVIEIRA S.A.;023981;DF Individual - Demonstração das Mutações do Patrimônio Líquido;REAL;MIL;PENÚLTIMO;2023-04-01;2024-03-31;Reservas de Lucro;5.04.04;Ações em Tesouraria Adquiridas;-1868.0000000000;S
06.981.381/0001-13;2025-03-31;1;CTC - CENTRO DE TECNOLOGIA CANAVIEIRA S.A.;023981;DF Individual - Demonstração das Mutações do Patrimônio Líquido;REAL;MIL;ÚLTIMO;2024-04-01;2025-03-31;Reservas de Lucro;5.04.04;Ações em Tesouraria Adquiridas;5288.0000000000;S
06.981.381/0001-13;2025-03-31;1;CTC - CENTRO DE TECNOLOGIA CANAVIEIRA S.A.;023981;DF Individual - Demonstração das Mutações do Patrimônio Líquido;REAL;MIL;PENÚLTIMO;2023-04-01;2024-03-31;Lucros ou Prejuízos Acumulados;5.04.04;Ações em Tesouraria Adquiridas;0.0000000000;S
06.981.381/0001-13;2025-03-31;1;CTC - CENTRO DE TECNOLOGIA CANAVIEIRA S.A.;023981;DF Individual - Demonstração das Mutações do Patrimônio Líquido;REAL;MIL;ÚLTIMO;2024-04-01;2025-03-31;Lucros ou Prejuízos Acumulados;5.04.04;Ações em Tesouraria Adquiridas;0.0000000000;S
06.981.381/0001-13;2025-03-31;1;CTC - CENTRO DE TECNOLOGIA CANAVIEIRA S.A.;023981;DF Individual - Demonstração das Mutações do Patrimônio Líquido;REAL;MIL;PENÚLTIMO;2023-04-01;2024-03-31;Outros Resultados Abrangentes;5.04.04;Ações em Tesouraria Adquiridas;0.0000000000;S
06.981.381/0001-13;2025-03-31;1;CTC - CENTRO DE TECNOLOGIA CANAVIEIRA S.A.;023981;DF Individual - Demonstração das Mutações do Patrimônio Líquido;REAL;MIL;ÚLTIMO;2024-04-01;2025-03-31;Outros Resultados Abrangentes;5.04.04;Ações em Tesouraria Adquiridas;0.0000000000;S
06.981.381/0001-13;2025-03-31;1;CTC - CENTRO DE TECNOLOGIA CANAVIEIRA S.A.;023981;DF Individual - Demonstração das Mutações do Patrimônio Líquido;REAL;MIL;PENÚLTIMO;2023-04-01;2024-03-31;Patrimônio Líquido;5.04.04;Ações em Tesouraria Adquiridas;-1868.0000000000;S
06.981.381/0001-13;2025-03-31;1;CTC - CENTRO DE TECNOLOGIA CANAVIEIRA S.A.;023981;DF Individual - Demonstração das Mutações do Patrimônio Líquido;REAL;MIL;ÚLTIMO;2024-04-01;2025-03-31;Patrimônio Líquido;5.04.04;Ações em Tesouraria Adquiridas;5288.0000000000;S
06.981.381/0001-13;2025-03-31;1;CTC - CENTRO DE TECNOLOGIA CANAVIEIRA S.A.;023981;DF Individual - Demonstração das Mutações do Patrimônio Líquido;REAL;MIL;PENÚLTIMO;2023-04-01;2024-03-31;Capital Social Integralizado;5.04.05;Ações em Tesouraria Vendidas;0.0000000000;S
06.981.381/0001-13;2025-03-31;1;CTC - CENTRO DE TECNOLOGIA CANAVIEIRA S.A.;023981;DF Individual - Demonstração das Mutações do Patrimônio Líquido;REAL;MIL;ÚLTIMO;2024-04-01;2025-03-31;Capital Social Integralizado;5.04.05;Ações em Tesouraria Vendidas;0.0000000000;S
06.981.381/0001-13;2025-03-31;1;CTC - CENTRO DE TECNOLOGIA CANAVIEIRA S.A.;023981;DF Individual - Demonstração das Mutações do Patrimônio Líquido;REAL;MIL;PENÚLTIMO;2023-04-01;2024-03-31;Reservas de Capital, Opções Outorgadas e Ações em Tesouraria;5.04.05;Ações em Tesouraria Vendidas;0.0000000000;S
06.981.381/0001-13;2025-03-31;1;CTC - CENTRO DE TECNOLOGIA CANAVIEIRA S.A.;023981;DF Individual - Demonstração das Mutações do Patrimônio Líquido;REAL;MIL;ÚLTIMO;2024-04-01;2025-03-31;Reservas de Capital, Opções Outorgadas e Ações em Tesouraria;5.04.05;Ações em Tesouraria Vendidas;0.0000000000;S
06.981.381/0001-13;2025-03-31;1;CTC - CENTRO DE TECNOLOGIA CANAVIEIRA S.A.;023981;DF Individual - Demonstração das Mutações do Patrimônio Líquido;REAL;MIL;PENÚLTIMO;2023-04-01;2024-03-31;Reservas de Lucro;5.04.05;Ações em Tesouraria Vendidas;0.0000000000;S
06.981.381/0001-13;2025-03-31;1;CTC - CENTRO DE TECNOLOGIA CANAVIEIRA S.A.;023981;DF Individual - Demonstração das Mutações do Patrimônio Líquido;REAL;MIL;ÚLTIMO;2024-04-01;2025-03-31;Reservas de Lucro;5.04.05;Ações em Tesouraria Vendidas;0.0000000000;S
06.981.381/0001-13;2025-03-31;1;CTC - CENTRO DE TECNOLOGIA CANAVIEIRA S.A.;023981;DF Individual - Demonstração das Mutações do Patrimônio Líquido;REAL;MIL;PENÚLTIMO;2023-04-01;2024-03-31;Lucros ou Prejuízos Acumulados;5.04.05;Ações em Tesouraria Vendidas;0.0000000000;S
06.981.381/0001-13;2025-03-31;1;CTC - CENTRO DE TECNOLOGIA CANAVIEIRA S.A.;023981;DF Individual - Demonstração das Mutações do Patrimônio Líquido;REAL;MIL;ÚLTIMO;2024-04-01;2025-03-31;Lucros ou Prejuízos Acumulados;5.04.05;Ações em Tesouraria Vendidas;0.0000000000;S
06.981.381/0001-13;2025-03-31;1;CTC - CENTRO DE TECNOLOGIA CANAVIEIRA S.A.;023981;DF Individual - Demonstração das Mutações do Patrimônio Líquido;REAL;MIL;PENÚLTIMO;2023-04-01;2024-03-31;Outros Resultados Abrangentes;5.04.05;Ações em Tesouraria Vendidas;0.0000000000;S
06.981.381/0001-13;2025-03-31;1;CTC - CENTRO DE TECNOLOGIA CANAVIEIRA S.A.;023981;DF Individual - Demonstração das Mutações do Patrimônio Líquido;REAL;MIL;ÚLTIMO;2024-04-01;2025-03-31;Outros Resultados Abrangentes;5.04.05;Ações em Tesouraria Vendidas;0.0000000000;S
06.981.381/0001-13;2025-03-31;1;CTC - CENTRO DE TECNOLOGIA CANAVIEIRA S.A.;023981;DF Individual - Demonstração das Mutações do Patrimônio Líquido;REAL;MIL;PENÚLTIMO;2023-04-01;2024-03-31;Patrimônio Líquido;5.04.05;Ações em Tesouraria Vendidas;0.0000000000;S
06.981.381/0001-13;2025-03-31;1;CTC - CENTRO DE TECNOLOGIA CANAVIEIRA S.A.;023981;DF Individual - Demonstração das Mutações do Patrimônio Líquido;REAL;MIL;ÚLTIMO;2024-04-01;2025-03-31;Patrimônio Líquido;5.04.05;Ações em Tesouraria Vendidas;0.0000000000;S
06.981.381/0001-13;2025-03-31;1;CTC - CENTRO DE TECNOLOGIA CANAVIEIRA S.A.;023981;DF Individual - Demonstração das Mutações do Patrimônio Líquido;REAL;MIL;PENÚLTIMO;2023-04-01;2024-03-31;Capital Social Integralizado;5.04.06;Dividendos;0.0000000000;S
06.981.381/0001-13;2025-03-31;1;CTC - CENTRO DE TECNOLOGIA CANAVIEIRA S.A.;023981;DF Individual - Demonstração das Mutações do Patrimônio Líquido;REAL;MIL;ÚLTIMO;2024-04-01;2025-03-31;Capital Social Integralizado;5.04.06;Dividendos;0.0000000000;S
06.981.381/0001-13;2025-03-31;1;CTC - CENTRO DE TECNOLOGIA CANAVIEIRA S.A.;023981;DF Individual - Demonstração das Mutações do Patrimônio Líquido;REAL;MIL;PENÚLTIMO;2023-04-01;2024-03-31;Reservas de Capital, Opções Outorgadas e Ações em Tesouraria;5.04.06;Dividendos;0.0000000000;S
06.981.381/0001-13;2025-03-31;1;CTC - CENTRO DE TECNOLOGIA CANAVIEIRA S.A.;023981;DF Individual - Demonstração das Mutações do Patrimônio Líquido;REAL;MIL;ÚLTIMO;2024-04-01;2025-03-31;Reservas de Capital, Opções Outorgadas e Ações em Tesouraria;5.04.06;Dividendos;0.0000000000;S
06.981.381/0001-13;2025-03-31;1;CTC - CENTRO DE TECNOLOGIA CANAVIEIRA S.A.;023981;DF Individual - Demonstração das Mutações do Patrimônio Líquido;REAL;MIL;PENÚLTIMO;2023-04-01;2024-03-31;Reservas de Lucro;5.04.06;Dividendos;0.0000000000;S
06.981.381/0001-13;2025-03-31;1;CTC - CENTRO DE TECNOLOGIA CANAVIEIRA S.A.;023981;DF Individual - Demonstração das Mutações do Patrimônio Líquido;REAL;MIL;ÚLTIMO;2024-04-01;2025-03-31;Reservas de Lucro;5.04.06;Dividendos;584.0000000000;S
06.981.381/0001-13;2025-03-31;1;CTC - CENTRO DE TECNOLOGIA CANAVIEIRA S.A.;023981;DF Individual - Demonstração das Mutações do Patrimônio Líquido;REAL;MIL;PENÚLTIMO;2023-04-01;2024-03-31;Lucros ou Prejuízos Acumulados;5.04.06;Dividendos;-36173.0000000000;S
06.981.381/0001-13;2025-03-31;1;CTC - CENTRO DE TECNOLOGIA CANAVIEIRA S.A.;023981;DF Individual - Demonstração das Mutações do Patrimônio Líquido;REAL;MIL;ÚLTIMO;2024-04-01;2025-03-31;Lucros ou Prejuízos Acumulados;5.04.06;Dividendos;-35830.0000000000;S
06.981.381/0001-13;2025-03-31;1;CTC - CENTRO DE TECNOLOGIA CANAVIEIRA S.A.;023981;DF Individual - Demonstração das Mutações do Patrimônio Líquido;REAL;MIL;PENÚLTIMO;2023-04-01;2024-03-31;Outros Resultados Abrangentes;5.04.06;Dividendos;0.0000000000;S
06.981.381/0001-13;2025-03-31;1;CTC - CENTRO DE TECNOLOGIA CANAVIEIRA S.A.;023981;DF Individual - Demonstração das Mutações do Patrimônio Líquido;REAL;MIL;ÚLTIMO;2024-04-01;2025-03-31;Outros Resultados Abrangentes;5.04.06;Dividendos;0.0000000000;S
06.981.381/0001-13;2025-03-31;1;CTC - CENTRO DE TECNOLOGIA CANAVIEIRA S.A.;023981;DF Individual - Demonstração das Mutações do Patrimônio Líquido;REAL;MIL;PENÚLTIMO;2023-04-01;2024-03-31;Patrimônio Líquido;5.04.06;Dividendos;-36173.0000000000;S
06.981.381/0001-13;2025-03-31;1;CTC - CENTRO DE TECNOLOGIA CANAVIEIRA S.A.;023981;DF Individual - Demonstração das Mutações do Patrimônio Líquido;REAL;MIL;ÚLTIMO;2024-04-01;2025-03-31;Patrimônio Líquido;5.04.06;Dividendos;-35246.0000000000;S
06.981.381/0001-13;2025-03-31;1;CTC - CENTRO DE TECNOLOGIA CANAVIEIRA S.A.;023981;DF Individual - Demonstração das Mutações do Patrimônio Líquido;REAL;MIL;PENÚLTIMO;2023-04-01;2024-03-31;Capital Social Integralizado;5.04.07;Juros sobre Capital Próprio;0.0000000000;S
06.981.381/0001-13;2025-03-31;1;CTC - CENTRO DE TECNOLOGIA CANAVIEIRA S.A.;023981;DF Individual - Demonstração das Mutações do Patrimônio Líquido;REAL;MIL;ÚLTIMO;2024-04-01;2025-03-31;Capital Social Integralizado;5.04.07;Juros sobre Capital Próprio;0.0000000000;S
06.981.381/0001-13;2025-03-31;1;CTC - CENTRO DE TECNOLOGIA CANAVIEIRA S.A.;023981;DF Individual - Demonstração das Mutações do Patrimônio Líquido;REAL;MIL;PENÚLTIMO;2023-04-01;2024-03-31;Reservas de Capital, Opções Outorgadas e Ações em Tesouraria;5.04.07;Juros sobre Capital Próprio;0.0000000000;S
06.981.381/0001-13;2025-03-31;1;CTC - CENTRO DE TECNOLOGIA CANAVIEIRA S.A.;023981;DF Individual - Demonstração das Mutações do Patrimônio Líquido;REAL;MIL;ÚLTIMO;2024-04-01;2025-03-31;Reservas de Capital, Opções Outorgadas e Ações em Tesouraria;5.04.07;Juros sobre Capital Próprio;0.0000000000;S
06.981.381/0001-13;2025-03-31;1;CTC - CENTRO DE TECNOLOGIA CANAVIEIRA S.A.;023981;DF Individual - Demonstração das Mutações do Patrimônio Líquido;REAL;MIL;PENÚLTIMO;2023-04-01;2024-03-31;Reservas de Lucro;5.04.07;Juros sobre Capital Próprio;0.0000000000;S
06.981.381/0001-13;2025-03-31;1;CTC - CENTRO DE TECNOLOGIA CANAVIEIRA S.A.;023981;DF Individual - Demonstração das Mutações do Patrimônio Líquido;REAL;MIL;ÚLTIMO;2024-04-01;2025-03-31;Reservas de Lucro;5.04.07;Juros sobre Capital Próprio;0.0000000000;S
06.981.381/0001-13;2025-03-31;1;CTC - CENTRO DE TECNOLOGIA CANAVIEIRA S.A.;023981;DF Individual - Demonstração das Mutações do Patrimônio Líquido;REAL;MIL;PENÚLTIMO;2023-04-01;2024-03-31;Lucros ou Prejuízos Acumulados;5.04.07;Juros sobre Capital Próprio;0.0000000000;S
06.981.381/0001-13;2025-03-31;1;CTC - CENTRO DE TECNOLOGIA CANAVIEIRA S.A.;023981;DF Individual - Demonstração das Mutações do Patrimônio Líquido;REAL;MIL;ÚLTIMO;2024-04-01;2025-03-31;Lucros ou Prejuízos Acumulados;5.04.07;Juros sobre Capital Próprio;0.0000000000;S
06.981.381/0001-13;2025-03-31;1;CTC - CENTRO DE TECNOLOGIA CANAVIEIRA S.A.;023981;DF Individual - Demonstração das Mutações do Patrimônio Líquido;REAL;MIL;PENÚLTIMO;2023-04-01;2024-03-31;Outros Resultados Abrangentes;5.04.07;Juros sobre Capital Próprio;0.0000000000;S
06.981.381/0001-13;2025-03-31;1;CTC - CENTRO DE TECNOLOGIA CANAVIEIRA S.A.;023981;DF Individual - Demonstração das Mutações do Patrimônio Líquido;REAL;MIL;ÚLTIMO;2024-04-01;2025-03-31;Outros Resultados Abrangentes;5.04.07;Juros sobre Capital Próprio;0.0000000000;S
06.981.381/0001-13;2025-03-31;1;CTC - CENTRO DE TECNOLOGIA CANAVIEIRA S.A.;023981;DF Individual - Demonstração das Mutações do Patrimônio Líquido;REAL;MIL;PENÚLTIMO;2023-04-01;2024-03-31;Patrimônio Líquido;5.04.07;Juros sobre Capital Próprio;0.0000000000;S
06.981.381/0001-13;2025-03-31;1;CTC - CENTRO DE TECNOLOGIA CANAVIEIRA S.A.;023981;DF Individual - Demonstração das Mutações do Patrimônio Líquido;REAL;MIL;ÚLTIMO;2024-04-01;2025-03-31;Patrimônio Líquido;5.04.07;Juros sobre Capital Próprio;0.0000000000;S
06.981.381/0001-13;2025-03-31;1;CTC - CENTRO DE TECNOLOGIA CANAVIEIRA S.A.;023981;DF Individual - Demonstração das Mutações do Patrimônio Líquido;REAL;MIL;PENÚLTIMO;2023-04-01;2024-03-31;Capital Social Integralizado;5.05;Resultado Abrangente Total;0.0000000000;S
06.981.381/0001-13;2025-03-31;1;CTC - CENTRO DE TECNOLOGIA CANAVIEIRA S.A.;023981;DF Individual - Demonstração das Mutações do Patrimônio Líquido;REAL;MIL;ÚLTIMO;2024-04-01;2025-03-31;Capital Social Integralizado;5.05;Resultado Abrangente Total;0.0000000000;S
06.981.381/0001-13;2025-03-31;1;CTC - CENTRO DE TECNOLOGIA CANAVIEIRA S.A.;023981;DF Individual - Demonstração das Mutações do Patrimônio Líquido;REAL;MIL;PENÚLTIMO;2023-04-01;2024-03-31;Reservas de Capital, Opções Outorgadas e Ações em Tesouraria;5.05;Resultado Abrangente Total;0.0000000000;S
06.981.381/0001-13;2025-03-31;1;CTC - CENTRO DE TECNOLOGIA CANAVIEIRA S.A.;023981;DF Individual - Demonstração das Mutações do Patrimônio Líquido;REAL;MIL;ÚLTIMO;2024-04-01;2025-03-31;Reservas de Capital, Opções Outorgadas e Ações em Tesouraria;5.05;Resultado Abrangente Total;0.0000000000;S
06.981.381/0001-13;2025-03-31;1;CTC - CENTRO DE TECNOLOGIA CANAVIEIRA S.A.;023981;DF Individual - Demonstração das Mutações do Patrimônio Líquido;REAL;MIL;PENÚLTIMO;2023-04-01;2024-03-31;Reservas de Lucro;5.05;Resultado Abrangente Total;0.0000000000;S
06.981.381/0001-13;2025-03-31;1;CTC - CENTRO DE TECNOLOGIA CANAVIEIRA S.A.;023981;DF Individual - Demonstração das Mutações do Patrimônio Líquido;REAL;MIL;ÚLTIMO;2024-04-01;2025-03-31;Reservas de Lucro;5.05;Resultado Abrangente Total;0.0000000000;S
06.981.381/0001-13;2025-03-31;1;CTC - CENTRO DE TECNOLOGIA CANAVIEIRA S.A.;023981;DF Individual - Demonstração das Mutações do Patrimônio Líquido;REAL;MIL;PENÚLTIMO;2023-04-01;2024-03-31;Lucros ou Prejuízos Acumulados;5.05;Resultado Abrangente Total;152307.0000000000;S
06.981.381/0001-13;2025-03-31;1;CTC - CENTRO DE TECNOLOGIA CANAVIEIRA S.A.;023981;DF Individual - Demonstração das Mutações do Patrimônio Líquido;REAL;MIL;ÚLTIMO;2024-04-01;2025-03-31;Lucros ou Prejuízos Acumulados;5.05;Resultado Abrangente Total;175677.0000000000;S
06.981.381/0001-13;2025-03-31;1;CTC - CENTRO DE TECNOLOGIA CANAVIEIRA S.A.;023981;DF Individual - Demonstração das Mutações do Patrimônio Líquido;REAL;MIL;PENÚLTIMO;2023-04-01;2024-03-31;Outros Resultados Abrangentes;5.05;Resultado Abrangente Total;575.0000000000;S
06.981.381/0001-13;2025-03-31;1;CTC - CENTRO DE TECNOLOGIA CANAVIEIRA S.A.;023981;DF Individual - Demonstração das Mutações do Patrimônio Líquido;REAL;MIL;ÚLTIMO;2024-04-01;2025-03-31;Outros Resultados Abrangentes;5.05;Resultado Abrangente Total;819.0000000000;S
06.981.381/0001-13;2025-03-31;1;CTC - CENTRO DE TECNOLOGIA CANAVIEIRA S.A.;023981;DF Individual - Demonstração das Mutações do Patrimônio Líquido;REAL;MIL;PENÚLTIMO;2023-04-01;2024-03-31;Patrimônio Líquido;5.05;Resultado Abrangente Total;152882.0000000000;S
06.981.381/0001-13;2025-03-31;1;CTC - CENTRO DE TECNOLOGIA CANAVIEIRA S.A.;023981;DF Individual - Demonstração das Mutações do Patrimônio Líquido;REAL;MIL;ÚLTIMO;2024-04-01;2025-03-31;Patrimônio Líquido;5.05;Resultado Abrangente Total;176496.0000000000;S
06.981.381/0001-13;2025-03-31;1;CTC - CENTRO DE TECNOLOGIA CANAVIEIRA S.A.;023981;DF Individual - Demonstração das Mutações do Patrimônio Líquido;REAL;MIL;PENÚLTIMO;2023-04-01;2024-03-31;Capital Social Integralizado;5.05.01;Lucro Líquido do Período;0.0000000000;S
06.981.381/0001-13;2025-03-31;1;CTC - CENTRO DE TECNOLOGIA CANAVIEIRA S.A.;023981;DF Individual - Demonstração das Mutações do Patrimônio Líquido;REAL;MIL;ÚLTIMO;2024-04-01;2025-03-31;Capital Social Integralizado;5.05.01;Lucro Líquido do Período;0.0000000000;S
06.981.381/0001-13;2025-03-31;1;CTC - CENTRO DE TECNOLOGIA CANAVIEIRA S.A.;023981;DF Individual - Demonstração das Mutações do Patrimônio Líquido;REAL;MIL;PENÚLTIMO;2023-04-01;2024-03-31;Reservas de Capital, Opções Outorgadas e Ações em Tesouraria;5.05.01;Lucro Líquido do Período;0.0000000000;S
06.981.381/0001-13;2025-03-31;1;CTC - CENTRO DE TECNOLOGIA CANAVIEIRA S.A.;023981;DF Individual - Demonstração das Mutações do Patrimônio Líquido;REAL;MIL;ÚLTIMO;2024-04-01;2025-03-31;Reservas de Capital, Opções Outorgadas e Ações em Tesouraria;5.05.01;Lucro Líquido do Período;0.0000000000;S
06.981.381/0001-13;2025-03-31;1;CTC - CENTRO DE TECNOLOGIA CANAVIEIRA S.A.;023981;DF Individual - Demonstração das Mutações do Patrimônio Líquido;REAL;MIL;PENÚLTIMO;2023-04-01;2024-03-31;Reservas de Lucro;5.05.01;Lucro Líquido do Período;0.0000000000;S
06.981.381/0001-13;2025-03-31;1;CTC - CENTRO DE TECNOLOGIA CANAVIEIRA S.A.;023981;DF Individual - Demonstração das Mutações do Patrimônio Líquido;REAL;MIL;ÚLTIMO;2024-04-01;2025-03-31;Reservas de Lucro;5.05.01;Lucro Líquido do Período;0.0000000000;S
06.981.381/0001-13;2025-03-31;1;CTC - CENTRO DE TECNOLOGIA CANAVIEIRA S.A.;023981;DF Individual - Demonstração das Mutações do Patrimônio Líquido;REAL;MIL;PENÚLTIMO;2023-04-01;2024-03-31;Lucros ou Prejuízos Acumulados;5.05.01;Lucro Líquido do Período;152307.0000000000;S
06.981.381/0001-13;2025-03-31;1;CTC - CENTRO DE TECNOLOGIA CANAVIEIRA S.A.;023981;DF Individual - Demonstração das Mutações do Patrimônio Líquido;REAL;MIL;ÚLTIMO;2024-04-01;2025-03-31;Lucros ou Prejuízos Acumulados;5.05.01;Lucro Líquido do Período;175677.0000000000;S
06.981.381/0001-13;2025-03-31;1;CTC - CENTRO DE TECNOLOGIA CANAVIEIRA S.A.;023981;DF Individual - Demonstração das Mutações do Patrimônio Líquido;REAL;MIL;PENÚLTIMO;2023-04-01;2024-03-31;Outros Resultados Abrangentes;5.05.01;Lucro Líquido do Período;0.0000000000;S
06.981.381/0001-13;2025-03-31;1;CTC - CENTRO DE TECNOLOGIA CANAVIEIRA S.A.;023981;DF Individual - Demonstração das Mutações do Patrimônio Líquido;REAL;MIL;ÚLTIMO;2024-04-01;2025-03-31;Outros Resultados Abrangentes;5.05.01;Lucro Líquido do Período;0.0000000000;S
06.981.381/0001-13;2025-03-31;1;CTC - CENTRO DE TECNOLOGIA CANAVIEIRA S.A.;023981;DF Individual - Demonstração das Mutações do Patrimônio Líquido;REAL;MIL;PENÚLTIMO;2023-04-01;2024-03-31;Patrimônio Líquido;5.05.01;Lucro Líquido do Período;152307.0000000000;S
06.981.381/0001-13;2025-03-31;1;CTC - CENTRO DE TECNOLOGIA CANAVIEIRA S.A.;023981;DF Individual - Demonstração das Mutações do Patrimônio Líquido;REAL;MIL;ÚLTIMO;2024-04-01;2025-03-31;Patrimônio Líquido;5.05.01;Lucro Líquido do Período;175677.0000000000;S
06.981.381/0001-13;2025-03-31;1;CTC - CENTRO DE TECNOLOGIA CANAVIEIRA S.A.;023981;DF Individual - Demonstração das Mutações do Patrimônio Líquido;REAL;MIL;PENÚLTIMO;2023-04-01;2024-03-31;Capital Social Integralizado;5.05.02;Outros Resultados Abrangentes;0.0000000000;S
06.981.381/0001-13;2025-03-31;1;CTC - CENTRO DE TECNOLOGIA CANAVIEIRA S.A.;023981;DF Individual - Demonstração das Mutações do Patrimônio Líquido;REAL;MIL;ÚLTIMO;2024-04-01;2025-03-31;Capital Social Integralizado;5.05.02;Outros Resultados Abrangentes;0.0000000000;S
06.981.381/0001-13;2025-03-31;1;CTC - CENTRO DE TECNOLOGIA CANAVIEIRA S.A.;023981;DF Individual - Demonstração das Mutações do Patrimônio Líquido;REAL;MIL;PENÚLTIMO;2023-04-01;2024-03-31;Reservas de Capital, Opções Outorgadas e Ações em Tesouraria;5.05.02;Outros Resultados Abrangentes;0.0000000000;S
06.981.381/0001-13;2025-03-31;1;CTC - CENTRO DE TECNOLOGIA CANAVIEIRA S.A.;023981;DF Individual - Demonstração das Mutações do Patrimônio Líquido;REAL;MIL;ÚLTIMO;2024-04-01;2025-03-31;Reservas de Capital, Opções Outorgadas e Ações em Tesouraria;5.05.02;Outros Resultados Abrangentes;0.0000000000;S
06.981.381/0001-13;2025-03-31;1;CTC - CENTRO DE TECNOLOGIA CANAVIEIRA S.A.;023981;DF Individual - Demonstração das Mutações do Patrimônio Líquido;REAL;MIL;PENÚLTIMO;2023-04-01;2024-03-31;Reservas de Lucro;5.05.02;Outros Resultados Abrangentes;0.0000000000;S
06.981.381/0001-13;2025-03-31;1;CTC - CENTRO DE TECNOLOGIA CANAVIEIRA S.A.;023981;DF Individual - Demonstração das Mutações do Patrimônio Líquido;REAL;MIL;ÚLTIMO;2024-04-01;2025-03-31;Reservas de Lucro;5.05.02;Outros Resultados Abrangentes;0.0000000000;S
06.981.381/0001-13;2025-03-31;1;CTC - CENTRO DE TECNOLOGIA CANAVIEIRA S.A.;023981;DF Individual - Demonstração das Mutações do Patrimônio Líquido;REAL;MIL;PENÚLTIMO;2023-04-01;2024-03-31;Lucros ou Prejuízos Acumulados;5.05.02;Outros Resultados Abrangentes;0.0000000000;S
06.981.381/0001-13;2025-03-31;1;CTC - CENTRO DE TECNOLOGIA CANAVIEIRA S.A.;023981;DF Individual - Demonstração das Mutações do Patrimônio Líquido;REAL;MIL;ÚLTIMO;2024-04-01;2025-03-31;Lucros ou Prejuízos Acumulados;5.05.02;Outros Resultados Abrangentes;0.0000000000;S
06.981.381/0001-13;2025-03-31;1;CTC - CENTRO DE TECNOLOGIA CANAVIEIRA S.A.;023981;DF Individual - Demonstração das Mutações do Patrimônio Líquido;REAL;MIL;PENÚLTIMO;2023-04-01;2024-03-31;Outros Resultados Abrangentes;5.05.02;Outros Resultados Abrangentes;575.0000000000;S
06.981.381/0001-13;2025-03-31;1;CTC - CENTRO DE TECNOLOGIA CANAVIEIRA S.A.;023981;DF Individual - Demonstração das Mutações do Patrimônio Líquido;REAL;MIL;ÚLTIMO;2024-04-01;2025-03-31;Outros Resultados Abrangentes;5.05.02;Outros Resultados Abrangentes;819.0000000000;S
06.981.381/0001-13;2025-03-31;1;CTC - CENTRO DE TECNOLOGIA CANAVIEIRA S.A.;023981;DF Individual - Demonstração das Mutações do Patrimônio Líquido;REAL;MIL;PENÚLTIMO;2023-04-01;2024-03-31;Patrimônio Líquido;5.05.02;Outros Resultados Abrangentes;575.0000000000;S
06.981.381/0001-13;2025-03-31;1;CTC - CENTRO DE TECNOLOGIA CANAVIEIRA S.A.;023981;DF Individual - Demonstração das Mutações do Patrimônio Líquido;REAL;MIL;ÚLTIMO;2024-04-01;2025-03-31;Patrimônio Líquido;5.05.02;Outros Resultados Abrangentes;819.0000000000;S
06.981.381/0001-13;2025-03-31;1;CTC - CENTRO DE TECNOLOGIA CANAVIEIRA S.A.;023981;DF Individual - Demonstração das Mutações do Patrimônio Líquido;REAL;MIL;PENÚLTIMO;2023-04-01;2024-03-31;Capital Social Integralizado;5.05.02.01;Ajustes de Instrumentos Financeiros;0.0000000000;S
06.981.381/0001-13;2025-03-31;1;CTC - CENTRO DE TECNOLOGIA CANAVIEIRA S.A.;023981;DF Individual - Demonstração das Mutações do Patrimônio Líquido;REAL;MIL;ÚLTIMO;2024-04-01;2025-03-31;Capital Social Integralizado;5.05.02.01;Ajustes de Instrumentos Financeiros;0.0000000000;S
06.981.381/0001-13;2025-03-31;1;CTC - CENTRO DE TECNOLOGIA CANAVIEIRA S.A.;023981;DF Individual - Demonstração das Mutações do Patrimônio Líquido;REAL;MIL;PENÚLTIMO;2023-04-01;2024-03-31;Reservas de Capital, Opções Outorgadas e Ações em Tesouraria;5.05.02.01;Ajustes de Instrumentos Financeiros;0.0000000000;S
06.981.381/0001-13;2025-03-31;1;CTC - CENTRO DE TECNOLOGIA CANAVIEIRA S.A.;023981;DF Individual - Demonstração das Mutações do Patrimônio Líquido;REAL;MIL;ÚLTIMO;2024-04-01;2025-03-31;Reservas de Capital, Opções Outorgadas e Ações em Tesouraria;5.05.02.01;Ajustes de Instrumentos Financeiros;0.0000000000;S
06.981.381/0001-13;2025-03-31;1;CTC - CENTRO DE TECNOLOGIA CANAVIEIRA S.A.;023981;DF Individual - Demonstração das Mutações do Patrimônio Líquido;REAL;MIL;PENÚLTIMO;2023-04-01;2024-03-31;Reservas de Lucro;5.05.02.01;Ajustes de Instrumentos Financeiros;0.0000000000;S
06.981.381/0001-13;2025-03-31;1;CTC - CENTRO DE TECNOLOGIA CANAVIEIRA S.A.;023981;DF Individual - Demonstração das Mutações do Patrimônio Líquido;REAL;MIL;ÚLTIMO;2024-04-01;2025-03-31;Reservas de Lucro;5.05.02.01;Ajustes de Instrumentos Financeiros;0.0000000000;S
06.981.381/0001-13;2025-03-31;1;CTC - CENTRO DE TECNOLOGIA CANAVIEIRA S.A.;023981;DF Individual - Demonstração das Mutações do Patrimônio Líquido;REAL;MIL;PENÚLTIMO;2023-04-01;2024-03-31;Lucros ou Prejuízos Acumulados;5.05.02.01;Ajustes de Instrumentos Financeiros;0.0000000000;S
06.981.381/0001-13;2025-03-31;1;CTC - CENTRO DE TECNOLOGIA CANAVIEIRA S.A.;023981;DF Individual - Demonstração das Mutações do Patrimônio Líquido;REAL;MIL;ÚLTIMO;2024-04-01;2025-03-31;Lucros ou Prejuízos Acumulados;5.05.02.01;Ajustes de Instrumentos Financeiros;0.0000000000;S
06.981.381/0001-13;2025-03-31;1;CTC - CENTRO DE TECNOLOGIA CANAVIEIRA S.A.;023981;DF Individual - Demonstração das Mutações do Patrimônio Líquido;REAL;MIL;PENÚLTIMO;2023-04-01;2024-03-31;Outros Resultados Abrangentes;5.05.02.01;Ajustes de Instrumentos Financeiros;0.0000000000;S
06.981.381/0001-13;2025-03-31;1;CTC - CENTRO DE TECNOLOGIA CANAVIEIRA S.A.;023981;DF Individual - Demonstração das Mutações do Patrimônio Líquido;REAL;MIL;ÚLTIMO;2024-04-01;2025-03-31;Outros Resultados Abrangentes;5.05.02.01;Ajustes de Instrumentos Financeiros;0.0000000000;S
06.981.381/0001-13;2025-03-31;1;CTC - CENTRO DE TECNOLOGIA CANAVIEIRA S.A.;023981;DF Individual - Demonstração das Mutações do Patrimônio Líquido;REAL;MIL;PENÚLTIMO;2023-04-01;2024-03-31;Patrimônio Líquido;5.05.02.01;Ajustes de Instrumentos Financeiros;0.0000000000;S
06.981.381/0001-13;2025-03-31;1;CTC - CENTRO DE TECNOLOGIA CANAVIEIRA S.A.;023981;DF Individual - Demonstração das Mutações do Patrimônio Líquido;REAL;MIL;ÚLTIMO;2024-04-01;2025-03-31;Patrimônio Líquido;5.05.02.01;Ajustes de Instrumentos Financeiros;0.0000000000;S
06.981.381/0001-13;2025-03-31;1;CTC - CENTRO DE TECNOLOGIA CANAVIEIRA S.A.;023981;DF Individual - Demonstração das Mutações do Patrimônio Líquido;REAL;MIL;PENÚLTIMO;2023-04-01;2024-03-31;Capital Social Integralizado;5.05.02.02;Tributos s/ Ajustes Instrumentos Financeiros;0.0000000000;S
06.981.381/0001-13;2025-03-31;1;CTC - CENTRO DE TECNOLOGIA CANAVIEIRA S.A.;023981;DF Individual - Demonstração das Mutações do Patrimônio Líquido;REAL;MIL;ÚLTIMO;2024-04-01;2025-03-31;Capital Social Integralizado;5.05.02.02;Tributos s/ Ajustes Instrumentos Financeiros;0.0000000000;S
06.981.381/0001-13;2025-03-31;1;CTC - CENTRO DE TECNOLOGIA CANAVIEIRA S.A.;023981;DF Individual - Demonstração das Mutações do Patrimônio Líquido;REAL;MIL;PENÚLTIMO;2023-04-01;2024-03-31;Reservas de Capital, Opções Outorgadas e Ações em Tesouraria;5.05.02.02;Tributos s/ Ajustes Instrumentos Financeiros;0.0000000000;S
06.981.381/0001-13;2025-03-31;1;CTC - CENTRO DE TECNOLOGIA CANAVIEIRA S.A.;023981;DF Individual - Demonstração das Mutações do Patrimônio Líquido;REAL;MIL;ÚLTIMO;2024-04-01;2025-03-31;Reservas de Capital, Opções Outorgadas e Ações em Tesouraria;5.05.02.02;Tributos s/ Ajustes Instrumentos Financeiros;0.0000000000;S
06.981.381/0001-13;2025-03-31;1;CTC - CENTRO DE TECNOLOGIA CANAVIEIRA S.A.;023981;DF Individual - Demonstração das Mutações do Patrimônio Líquido;REAL;MIL;PENÚLTIMO;2023-04-01;2024-03-31;Reservas de Lucro;5.05.02.02;Tributos s/ Ajustes Instrumentos Financeiros;0.0000000000;S
06.981.381/0001-13;2025-03-31;1;CTC - CENTRO DE TECNOLOGIA CANAVIEIRA S.A.;023981;DF Individual - Demonstração das Mutações do Patrimônio Líquido;REAL;MIL;ÚLTIMO;2024-04-01;2025-03-31;Reservas de Lucro;5.05.02.02;Tributos s/ Ajustes Instrumentos Financeiros;0.0000000000;S
06.981.381/0001-13;2025-03-31;1;CTC - CENTRO DE TECNOLOGIA CANAVIEIRA S.A.;023981;DF Individual - Demonstração das Mutações do Patrimônio Líquido;REAL;MIL;PENÚLTIMO;2023-04-01;2024-03-31;Lucros ou Prejuízos Acumulados;5.05.02.02;Tributos s/ Ajustes Instrumentos Financeiros;0.0000000000;S
06.981.381/0001-13;2025-03-31;1;CTC - CENTRO DE TECNOLOGIA CANAVIEIRA S.A.;023981;DF Individual - Demonstração das Mutações do Patrimônio Líquido;REAL;MIL;ÚLTIMO;2024-04-01;2025-03-31;Lucros ou Prejuízos Acumulados;5.05.02.02;Tributos s/ Ajustes Instrumentos Financeiros;0.0000000000;S
06.981.381/0001-13;2025-03-31;1;CTC - CENTRO DE TECNOLOGIA CANAVIEIRA S.A.;023981;DF Individual - Demonstração das Mutações do Patrimônio Líquido;REAL;MIL;PENÚLTIMO;2023-04-01;2024-03-31;Outros Resultados Abrangentes;5.05.02.02;Tributos s/ Ajustes Instrumentos Financeiros;0.0000000000;S
06.981.381/0001-13;2025-03-31;1;CTC - CENTRO DE TECNOLOGIA CANAVIEIRA S.A.;023981;DF Individual - Demonstração das Mutações do Patrimônio Líquido;REAL;MIL;ÚLTIMO;2024-04-01;2025-03-31;Outros Resultados Abrangentes;5.05.02.02;Tributos s/ Ajustes Instrumentos Financeiros;0.0000000000;S
06.981.381/0001-13;2025-03-31;1;CTC - CENTRO DE TECNOLOGIA CANAVIEIRA S.A.;023981;DF Individual - Demonstração das Mutações do Patrimônio Líquido;REAL;MIL;PENÚLTIMO;2023-04-01;2024-03-31;Patrimônio Líquido;5.05.02.02;Tributos s/ Ajustes Instrumentos Financeiros;0.0000000000;S
06.981.381/0001-13;2025-03-31;1;CTC - CENTRO DE TECNOLOGIA CANAVIEIRA S.A.;023981;DF Individual - Demonstração das Mutações do Patrimônio Líquido;REAL;MIL;ÚLTIMO;2024-04-01;2025-03-31;Patrimônio Líquido;5.05.02.02;Tributos s/ Ajustes Instrumentos Financeiros;0.0000000000;S
06.981.381/0001-13;2025-03-31;1;CTC - CENTRO DE TECNOLOGIA CANAVIEIRA S.A.;023981;DF Individual - Demonstração das Mutações do Patrimônio Líquido;REAL;MIL;PENÚLTIMO;2023-04-01;2024-03-31;Capital Social Integralizado;5.05.02.03;Equiv. Patrim. s/Result. Abrang. Controladas e Coligadas;0.0000000000;S
06.981.381/0001-13;2025-03-31;1;CTC - CENTRO DE TECNOLOGIA CANAVIEIRA S.A.;023981;DF Individual - Demonstração das Mutações do Patrimônio Líquido;REAL;MIL;ÚLTIMO;2024-04-01;2025-03-31;Capital Social Integralizado;5.05.02.03;Equiv. Patrim. s/Result. Abrang. Controladas e Coligadas;0.0000000000;S
06.981.381/0001-13;2025-03-31;1;CTC - CENTRO DE TECNOLOGIA CANAVIEIRA S.A.;023981;DF Individual - Demonstração das Mutações do Patrimônio Líquido;REAL;MIL;PENÚLTIMO;2023-04-01;2024-03-31;Reservas de Capital, Opções Outorgadas e Ações em Tesouraria;5.05.02.03;Equiv. Patrim. s/Result. Abrang. Controladas e Coligadas;0.0000000000;S
06.981.381/0001-13;2025-03-31;1;CTC - CENTRO DE TECNOLOGIA CANAVIEIRA S.A.;023981;DF Individual - Demonstração das Mutações do Patrimônio Líquido;REAL;MIL;ÚLTIMO;2024-04-01;2025-03-31;Reservas de Capital, Opções Outorgadas e Ações em Tesouraria;5.05.02.03;Equiv. Patrim. s/Result. Abrang. Controladas e Coligadas;0.0000000000;S
06.981.381/0001-13;2025-03-31;1;CTC - CENTRO DE TECNOLOGIA CANAVIEIRA S.A.;023981;DF Individual - Demonstração das Mutações do Patrimônio Líquido;REAL;MIL;PENÚLTIMO;2023-04-01;2024-03-31;Reservas de Lucro;5.05.02.03;Equiv. Patrim. s/Result. Abrang. Controladas e Coligadas;0.0000000000;S
06.981.381/0001-13;2025-03-31;1;CTC - CENTRO DE TECNOLOGIA CANAVIEIRA S.A.;023981;DF Individual - Demonstração das Mutações do Patrimônio Líquido;REAL;MIL;ÚLTIMO;2024-04-01;2025-03-31;Reservas de Lucro;5.05.02.03;Equiv. Patrim. s/Result. Abrang. Controladas e Coligadas;0.0000000000;S
06.981.381/0001-13;2025-03-31;1;CTC - CENTRO DE TECNOLOGIA CANAVIEIRA S.A.;023981;DF Individual - Demonstração das Mutações do Patrimônio Líquido;REAL;MIL;PENÚLTIMO;2023-04-01;2024-03-31;Lucros ou Prejuízos Acumulados;5.05.02.03;Equiv. Patrim. s/Result. Abrang. Controladas e Coligadas;0.0000000000;S
06.981.381/0001-13;2025-03-31;1;CTC - CENTRO DE TECNOLOGIA CANAVIEIRA S.A.;023981;DF Individual - Demonstração das Mutações do Patrimônio Líquido;REAL;MIL;ÚLTIMO;2024-04-01;2025-03-31;Lucros ou Prejuízos Acumulados;5.05.02.03;Equiv. Patrim. s/Result. Abrang. Controladas e Coligadas;0.0000000000;S
06.981.381/0001-13;2025-03-31;1;CTC - CENTRO DE TECNOLOGIA CANAVIEIRA S.A.;023981;DF Individual - Demonstração das Mutações do Patrimônio Líquido;REAL;MIL;PENÚLTIMO;2023-04-01;2024-03-31;Outros Resultados Abrangentes;5.05.02.03;Equiv. Patrim. s/Result. Abrang. Controladas e Coligadas;0.0000000000;S
06.981.381/0001-13;2025-03-31;1;CTC - CENTRO DE TECNOLOGIA CANAVIEIRA S.A.;023981;DF Individual - Demonstração das Mutações do Patrimônio Líquido;REAL;MIL;ÚLTIMO;2024-04-01;2025-03-31;Outros Resultados Abrangentes;5.05.02.03;Equiv. Patrim. s/Result. Abrang. Controladas e Coligadas;0.0000000000;S
06.981.381/0001-13;2025-03-31;1;CTC - CENTRO DE TECNOLOGIA CANAVIEIRA S.A.;023981;DF Individual - Demonstração das Mutações do Patrimônio Líquido;REAL;MIL;PENÚLTIMO;2023-04-01;2024-03-31;Patrimônio Líquido;5.05.02.03;Equiv. Patrim. s/Result. Abrang. Controladas e Coligadas;0.0000000000;S
06.981.381/0001-13;2025-03-31;1;CTC - CENTRO DE TECNOLOGIA CANAVIEIRA S.A.;023981;DF Individual - Demonstração das Mutações do Patrimônio Líquido;REAL;MIL;ÚLTIMO;2024-04-01;2025-03-31;Patrimônio Líquido;5.05.02.03;Equiv. Patrim. s/Result. Abrang. Controladas e Coligadas;0.0000000000;S
06.981.381/0001-13;2025-03-31;1;CTC - CENTRO DE TECNOLOGIA CANAVIEIRA S.A.;023981;DF Individual - Demonstração das Mutações do Patrimônio Líquido;REAL;MIL;PENÚLTIMO;2023-04-01;2024-03-31;Capital Social Integralizado;5.05.02.04;Ajustes de Conversão do Período;0.0000000000;S
06.981.381/0001-13;2025-03-31;1;CTC - CENTRO DE TECNOLOGIA CANAVIEIRA S.A.;023981;DF Individual - Demonstração das Mutações do Patrimônio Líquido;REAL;MIL;ÚLTIMO;2024-04-01;2025-03-31;Capital Social Integralizado;5.05.02.04;Ajustes de Conversão do Período;0.0000000000;S
06.981.381/0001-13;2025-03-31;1;CTC - CENTRO DE TECNOLOGIA CANAVIEIRA S.A.;023981;DF Individual - Demonstração das Mutações do Patrimônio Líquido;REAL;MIL;PENÚLTIMO;2023-04-01;2024-03-31;Reservas de Capital, Opções Outorgadas e Ações em Tesouraria;5.05.02.04;Ajustes de Conversão do Período;0.0000000000;S
06.981.381/0001-13;2025-03-31;1;CTC - CENTRO DE TECNOLOGIA CANAVIEIRA S.A.;023981;DF Individual - Demonstração das Mutações do Patrimônio Líquido;REAL;MIL;ÚLTIMO;2024-04-01;2025-03-31;Reservas de Capital, Opções Outorgadas e Ações em Tesouraria;5.05.02.04;Ajustes de Conversão do Período;0.0000000000;S
06.981.381/0001-13;2025-03-31;1;CTC - CENTRO DE TECNOLOGIA CANAVIEIRA S.A.;023981;DF Individual - Demonstração das Mutações do Patrimônio Líquido;REAL;MIL;PENÚLTIMO;2023-04-01;2024-03-31;Reservas de Lucro;5.05.02.04;Ajustes de Conversão do Período;0.0000000000;S
06.981.381/0001-13;2025-03-31;1;CTC - CENTRO DE TECNOLOGIA CANAVIEIRA S.A.;023981;DF Individual - Demonstração das Mutações do Patrimônio Líquido;REAL;MIL;ÚLTIMO;2024-04-01;2025-03-31;Reservas de Lucro;5.05.02.04;Ajustes de Conversão do Período;0.0000000000;S
06.981.381/0001-13;2025-03-31;1;CTC - CENTRO DE TECNOLOGIA CANAVIEIRA S.A.;023981;DF Individual - Demonstração das Mutações do Patrimônio Líquido;REAL;MIL;PENÚLTIMO;2023-04-01;2024-03-31;Lucros ou Prejuízos Acumulados;5.05.02.04;Ajustes de Conversão do Período;0.0000000000;S
06.981.381/0001-13;2025-03-31;1;CTC - CENTRO DE TECNOLOGIA CANAVIEIRA S.A.;023981;DF Individual - Demonstração das Mutações do Patrimônio Líquido;REAL;MIL;ÚLTIMO;2024-04-01;2025-03-31;Lucros ou Prejuízos Acumulados;5.05.02.04;Ajustes de Conversão do Período;0.0000000000;S
06.981.381/0001-13;2025-03-31;1;CTC - CENTRO DE TECNOLOGIA CANAVIEIRA S.A.;023981;DF Individual - Demonstração das Mutações do Patrimônio Líquido;REAL;MIL;PENÚLTIMO;2023-04-01;2024-03-31;Outros Resultados Abrangentes;5.05.02.04;Ajustes de Conversão do Período;-85.0000000000;S
06.981.381/0001-13;2025-03-31;1;CTC - CENTRO DE TECNOLOGIA CANAVIEIRA S.A.;023981;DF Individual - Demonstração das Mutações do Patrimônio Líquido;REAL;MIL;ÚLTIMO;2024-04-01;2025-03-31;Outros Resultados Abrangentes;5.05.02.04;Ajustes de Conversão do Período;477.0000000000;S
06.981.381/0001-13;2025-03-31;1;CTC - CENTRO DE TECNOLOGIA CANAVIEIRA S.A.;023981;DF Individual - Demonstração das Mutações do Patrimônio Líquido;REAL;MIL;PENÚLTIMO;2023-04-01;2024-03-31;Patrimônio Líquido;5.05.02.04;Ajustes de Conversão do Período;-85.0000000000;S
06.981.381/0001-13;2025-03-31;1;CTC - CENTRO DE TECNOLOGIA CANAVIEIRA S.A.;023981;DF Individual - Demonstração das Mutações do Patrimônio Líquido;REAL;MIL;ÚLTIMO;2024-04-01;2025-03-31;Patrimônio Líquido;5.05.02.04;Ajustes de Conversão do Período;477.0000000000;S
06.981.381/0001-13;2025-03-31;1;CTC - CENTRO DE TECNOLOGIA CANAVIEIRA S.A.;023981;DF Individual - Demonstração das Mutações do Patrimônio Líquido;REAL;MIL;PENÚLTIMO;2023-04-01;2024-03-31;Capital Social Integralizado;5.05.02.05;Tributos s/ Ajustes de Conversão do Período;0.0000000000;S
06.981.381/0001-13;2025-03-31;1;CTC - CENTRO DE TECNOLOGIA CANAVIEIRA S.A.;023981;DF Individual - Demonstração das Mutações do Patrimônio Líquido;REAL;MIL;ÚLTIMO;2024-04-01;2025-03-31;Capital Social Integralizado;5.05.02.05;Tributos s/ Ajustes de Conversão do Período;0.0000000000;S
06.981.381/0001-13;2025-03-31;1;CTC - CENTRO DE TECNOLOGIA CANAVIEIRA S.A.;023981;DF Individual - Demonstração das Mutações do Patrimônio Líquido;REAL;MIL;PENÚLTIMO;2023-04-01;2024-03-31;Reservas de Capital, Opções Outorgadas e Ações em Tesouraria;5.05.02.05;Tributos s/ Ajustes de Conversão do Período;0.0000000000;S
06.981.381/0001-13;2025-03-31;1;CTC - CENTRO DE TECNOLOGIA CANAVIEIRA S.A.;023981;DF Individual - Demonstração das Mutações do Patrimônio Líquido;REAL;MIL;ÚLTIMO;2024-04-01;2025-03-31;Reservas de Capital, Opções Outorgadas e Ações em Tesouraria;5.05.02.05;Tributos s/ Ajustes de Conversão do Período;0.0000000000;S
06.981.381/0001-13;2025-03-31;1;CTC - CENTRO DE TECNOLOGIA CANAVIEIRA S.A.;023981;DF Individual - Demonstração das Mutações do Patrimônio Líquido;REAL;MIL;PENÚLTIMO;2023-04-01;2024-03-31;Reservas de Lucro;5.05.02.05;Tributos s/ Ajustes de Conversão do Período;0.0000000000;S
06.981.381/0001-13;2025-03-31;1;CTC - CENTRO DE TECNOLOGIA CANAVIEIRA S.A.;023981;DF Individual - Demonstração das Mutações do Patrimônio Líquido;REAL;MIL;ÚLTIMO;2024-04-01;2025-03-31;Reservas de Lucro;5.05.02.05;Tributos s/ Ajustes de Conversão do Período;0.0000000000;S
06.981.381/0001-13;2025-03-31;1;CTC - CENTRO DE TECNOLOGIA CANAVIEIRA S.A.;023981;DF Individual - Demonstração das Mutações do Patrimônio Líquido;REAL;MIL;PENÚLTIMO;2023-04-01;2024-03-31;Lucros ou Prejuízos Acumulados;5.05.02.05;Tributos s/ Ajustes de Conversão do Período;0.0000000000;S
06.981.381/0001-13;2025-03-31;1;CTC - CENTRO DE TECNOLOGIA CANAVIEIRA S.A.;023981;DF Individual - Demonstração das Mutações do Patrimônio Líquido;REAL;MIL;ÚLTIMO;2024-04-01;2025-03-31;Lucros ou Prejuízos Acumulados;5.05.02.05;Tributos s/ Ajustes de Conversão do Período;0.0000000000;S
06.981.381/0001-13;2025-03-31;1;CTC - CENTRO DE TECNOLOGIA CANAVIEIRA S.A.;023981;DF Individual - Demonstração das Mutações do Patrimônio Líquido;REAL;MIL;PENÚLTIMO;2023-04-01;2024-03-31;Outros Resultados Abrangentes;5.05.02.05;Tributos s/ Ajustes de Conversão do Período;660.0000000000;S
06.981.381/0001-13;2025-03-31;1;CTC - CENTRO DE TECNOLOGIA CANAVIEIRA S.A.;023981;DF Individual - Demonstração das Mutações do Patrimônio Líquido;REAL;MIL;ÚLTIMO;2024-04-01;2025-03-31;Outros Resultados Abrangentes;5.05.02.05;Tributos s/ Ajustes de Conversão do Período;0.0000000000;S
06.981.381/0001-13;2025-03-31;1;CTC - CENTRO DE TECNOLOGIA CANAVIEIRA S.A.;023981;DF Individual - Demonstração das Mutações do Patrimônio Líquido;REAL;MIL;PENÚLTIMO;2023-04-01;2024-03-31;Patrimônio Líquido;5.05.02.05;Tributos s/ Ajustes de Conversão do Período;660.0000000000;S
06.981.381/0001-13;2025-03-31;1;CTC - CENTRO DE TECNOLOGIA CANAVIEIRA S.A.;023981;DF Individual - Demonstração das Mutações do Patrimônio Líquido;REAL;MIL;ÚLTIMO;2024-04-01;2025-03-31;Patrimônio Líquido;5.05.02.05;Tributos s/ Ajustes de Conversão do Período;0.0000000000;S
06.981.381/0001-13;2025-03-31;1;CTC - CENTRO DE TECNOLOGIA CANAVIEIRA S.A.;023981;DF Individual - Demonstração das Mutações do Patrimônio Líquido;REAL;MIL;PENÚLTIMO;2023-04-01;2024-03-31;Capital Social Integralizado;5.05.02.06;Perdas atuariais com plano de benefícios definidos;0.0000000000;N
06.981.381/0001-13;2025-03-31;1;CTC - CENTRO DE TECNOLOGIA CANAVIEIRA S.A.;023981;DF Individual - Demonstração das Mutações do Patrimônio Líquido;REAL;MIL;ÚLTIMO;2024-04-01;2025-03-31;Capital Social Integralizado;5.05.02.06;Perdas atuariais;0.0000000000;N
06.981.381/0001-13;2025-03-31;1;CTC - CENTRO DE TECNOLOGIA CANAVIEIRA S.A.;023981;DF Individual - Demonstração das Mutações do Patrimônio Líquido;REAL;MIL;PENÚLTIMO;2023-04-01;2024-03-31;Reservas de Capital, Opções Outorgadas e Ações em Tesouraria;5.05.02.06;Perdas atuariais com plano de benefícios definidos;0.0000000000;N
06.981.381/0001-13;2025-03-31;1;CTC - CENTRO DE TECNOLOGIA CANAVIEIRA S.A.;023981;DF Individual - Demonstração das Mutações do Patrimônio Líquido;REAL;MIL;ÚLTIMO;2024-04-01;2025-03-31;Reservas de Capital, Opções Outorgadas e Ações em Tesouraria;5.05.02.06;Perdas atuariais;0.0000000000;N
06.981.381/0001-13;2025-03-31;1;CTC - CENTRO DE TECNOLOGIA CANAVIEIRA S.A.;023981;DF Individual - Demonstração das Mutações do Patrimônio Líquido;REAL;MIL;PENÚLTIMO;2023-04-01;2024-03-31;Reservas de Lucro;5.05.02.06;Perdas atuariais com plano de benefícios definidos;0.0000000000;N
06.981.381/0001-13;2025-03-31;1;CTC - CENTRO DE TECNOLOGIA CANAVIEIRA S.A.;023981;DF Individual - Demonstração das Mutações do Patrimônio Líquido;REAL;MIL;ÚLTIMO;2024-04-01;2025-03-31;Reservas de Lucro;5.05.02.06;Perdas atuariais;0.0000000000;N
06.981.381/0001-13;2025-03-31;1;CTC - CENTRO DE TECNOLOGIA CANAVIEIRA S.A.;023981;DF Individual - Demonstração das Mutações do Patrimônio Líquido;REAL;MIL;PENÚLTIMO;2023-04-01;2024-03-31;Lucros ou Prejuízos Acumulados;5.05.02.06;Perdas atuariais com plano de benefícios definidos;0.0000000000;N
06.981.381/0001-13;2025-03-31;1;CTC - CENTRO DE TECNOLOGIA CANAVIEIRA S.A.;023981;DF Individual - Demonstração das Mutações do Patrimônio Líquido;REAL;MIL;ÚLTIMO;2024-04-01;2025-03-31;Lucros ou Prejuízos Acumulados;5.05.02.06;Perdas atuariais;0.0000000000;N
06.981.381/0001-13;2025-03-31;1;CTC - CENTRO DE TECNOLOGIA CANAVIEIRA S.A.;023981;DF Individual - Demonstração das Mutações do Patrimônio Líquido;REAL;MIL;PENÚLTIMO;2023-04-01;2024-03-31;Outros Resultados Abrangentes;5.05.02.06;Perdas atuariais com plano de benefícios definidos;0.0000000000;N
06.981.381/0001-13;2025-03-31;1;CTC - CENTRO DE TECNOLOGIA CANAVIEIRA S.A.;023981;DF Individual - Demonstração das Mutações do Patrimônio Líquido;REAL;MIL;ÚLTIMO;2024-04-01;2025-03-31;Outros Resultados Abrangentes;5.05.02.06;Perdas atuariais;342.0000000000;N
06.981.381/0001-13;2025-03-31;1;CTC - CENTRO DE TECNOLOGIA CANAVIEIRA S.A.;023981;DF Individual - Demonstração das Mutações do Patrimônio Líquido;REAL;MIL;PENÚLTIMO;2023-04-01;2024-03-31;Patrimônio Líquido;5.05.02.06;Perdas atuariais com plano de benefícios definidos;0.0000000000;N
06.981.381/0001-13;2025-03-31;1;CTC - CENTRO DE TECNOLOGIA CANAVIEIRA S.A.;023981;DF Individual - Demonstração das Mutações do Patrimônio Líquido;REAL;MIL;ÚLTIMO;2024-04-01;2025-03-31;Patrimônio Líquido;5.05.02.06;Perdas atuariais;342.0000000000;N
06.981.381/0001-13;2025-03-31;1;CTC - CENTRO DE TECNOLOGIA CANAVIEIRA S.A.;023981;DF Individual - Demonstração das Mutações do Patrimônio Líquido;REAL;MIL;PENÚLTIMO;2023-04-01;2024-03-31;Capital Social Integralizado;5.05.03;Reclassificações para o Resultado;0.0000000000;S
06.981.381/0001-13;2025-03-31;1;CTC - CENTRO DE TECNOLOGIA CANAVIEIRA S.A.;023981;DF Individual - Demonstração das Mutações do Patrimônio Líquido;REAL;MIL;ÚLTIMO;2024-04-01;2025-03-31;Capital Social Integralizado;5.05.03;Reclassificações para o Resultado;0.0000000000;S
06.981.381/0001-13;2025-03-31;1;CTC - CENTRO DE TECNOLOGIA CANAVIEIRA S.A.;023981;DF Individual - Demonstração das Mutações do Patrimônio Líquido;REAL;MIL;PENÚLTIMO;2023-04-01;2024-03-31;Reservas de Capital, Opções Outorgadas e Ações em Tesouraria;5.05.03;Reclassificações para o Resultado;0.0000000000;S
06.981.381/0001-13;2025-03-31;1;CTC - CENTRO DE TECNOLOGIA CANAVIEIRA S.A.;023981;DF Individual - Demonstração das Mutações do Patrimônio Líquido;REAL;MIL;ÚLTIMO;2024-04-01;2025-03-31;Reservas de Capital, Opções Outorgadas e Ações em Tesouraria;5.05.03;Reclassificações para o Resultado;0.0000000000;S
06.981.381/0001-13;2025-03-31;1;CTC - CENTRO DE TECNOLOGIA CANAVIEIRA S.A.;023981;DF Individual - Demonstração das Mutações do Patrimônio Líquido;REAL;MIL;PENÚLTIMO;2023-04-01;2024-03-31;Reservas de Lucro;5.05.03;Reclassificações para o Resultado;0.0000000000;S
06.981.381/0001-13;2025-03-31;1;CTC - CENTRO DE TECNOLOGIA CANAVIEIRA S.A.;023981;DF Individual - Demonstração das Mutações do Patrimônio Líquido;REAL;MIL;ÚLTIMO;2024-04-01;2025-03-31;Reservas de Lucro;5.05.03;Reclassificações para o Resultado;0.0000000000;S
06.981.381/0001-13;2025-03-31;1;CTC - CENTRO DE TECNOLOGIA CANAVIEIRA S.A.;023981;DF Individual - Demonstração das Mutações do Patrimônio Líquido;REAL;MIL;PENÚLTIMO;2023-04-01;2024-03-31;Lucros ou Prejuízos Acumulados;5.05.03;Reclassificações para o Resultado;0.0000000000;S
06.981.381/0001-13;2025-03-31;1;CTC - CENTRO DE TECNOLOGIA CANAVIEIRA S.A.;023981;DF Individual - Demonstração das Mutações do Patrimônio Líquido;REAL;MIL;ÚLTIMO;2024-04-01;2025-03-31;Lucros ou Prejuízos Acumulados;5.05.03;Reclassificações para o Resultado;0.0000000000;S
06.981.381/0001-13;2025-03-31;1;CTC - CENTRO DE TECNOLOGIA CANAVIEIRA S.A.;023981;DF Individual - Demonstração das Mutações do Patrimônio Líquido;REAL;MIL;PENÚLTIMO;2023-04-01;2024-03-31;Outros Resultados Abrangentes;5.05.03;Reclassificações para o Resultado;0.0000000000;S
06.981.381/0001-13;2025-03-31;1;CTC - CENTRO DE TECNOLOGIA CANAVIEIRA S.A.;023981;DF Individual - Demonstração das Mutações do Patrimônio Líquido;REAL;MIL;ÚLTIMO;2024-04-01;2025-03-31;Outros Resultados Abrangentes;5.05.03;Reclassificações para o Resultado;0.0000000000;S
06.981.381/0001-13;2025-03-31;1;CTC - CENTRO DE TECNOLOGIA CANAVIEIRA S.A.;023981;DF Individual - Demonstração das Mutações do Patrimônio Líquido;REAL;MIL;PENÚLTIMO;2023-04-01;2024-03-31;Patrimônio Líquido;5.05.03;Reclassificações para o Resultado;0.0000000000;S
06.981.381/0001-13;2025-03-31;1;CTC - CENTRO DE TECNOLOGIA CANAVIEIRA S.A.;023981;DF Individual - Demonstração das Mutações do Patrimônio Líquido;REAL;MIL;ÚLTIMO;2024-04-01;2025-03-31;Patrimônio Líquido;5.05.03;Reclassificações para o Resultado;0.0000000000;S
06.981.381/0001-13;2025-03-31;1;CTC - CENTRO DE TECNOLOGIA CANAVIEIRA S.A.;023981;DF Individual - Demonstração das Mutações do Patrimônio Líquido;REAL;MIL;PENÚLTIMO;2023-04-01;2024-03-31;Capital Social Integralizado;5.05.03.01;Ajustes de Instrumentos Financeiros;0.0000000000;S
06.981.381/0001-13;2025-03-31;1;CTC - CENTRO DE TECNOLOGIA CANAVIEIRA S.A.;023981;DF Individual - Demonstração das Mutações do Patrimônio Líquido;REAL;MIL;ÚLTIMO;2024-04-01;2025-03-31;Capital Social Integralizado;5.05.03.01;Ajustes de Instrumentos Financeiros;0.0000000000;S
06.981.381/0001-13;2025-03-31;1;CTC - CENTRO DE TECNOLOGIA CANAVIEIRA S.A.;023981;DF Individual - Demonstração das Mutações do Patrimônio Líquido;REAL;MIL;PENÚLTIMO;2023-04-01;2024-03-31;Reservas de Capital, Opções Outorgadas e Ações em Tesouraria;5.05.03.01;Ajustes de Instrumentos Financeiros;0.0000000000;S
06.981.381/0001-13;2025-03-31;1;CTC - CENTRO DE TECNOLOGIA CANAVIEIRA S.A.;023981;DF Individual - Demonstração das Mutações do Patrimônio Líquido;REAL;MIL;ÚLTIMO;2024-04-01;2025-03-31;Reservas de Capital, Opções Outorgadas e Ações em Tesouraria;5.05.03.01;Ajustes de Instrumentos Financeiros;0.0000000000;S
06.981.381/0001-13;2025-03-31;1;CTC - CENTRO DE TECNOLOGIA CANAVIEIRA S.A.;023981;DF Individual - Demonstração das Mutações do Patrimônio Líquido;REAL;MIL;PENÚLTIMO;2023-04-01;2024-03-31;Reservas de Lucro;5.05.03.01;Ajustes de Instrumentos Financeiros;0.0000000000;S
06.981.381/0001-13;2025-03-31;1;CTC - CENTRO DE TECNOLOGIA CANAVIEIRA S.A.;023981;DF Individual - Demonstração das Mutações do Patrimônio Líquido;REAL;MIL;ÚLTIMO;2024-04-01;2025-03-31;Reservas de Lucro;5.05.03.01;Ajustes de Instrumentos Financeiros;0.0000000000;S
06.981.381/0001-13;2025-03-31;1;CTC - CENTRO DE TECNOLOGIA CANAVIEIRA S.A.;023981;DF Individual - Demonstração das Mutações do Patrimônio Líquido;REAL;MIL;PENÚLTIMO;2023-04-01;2024-03-31;Lucros ou Prejuízos Acumulados;5.05.03.01;Ajustes de Instrumentos Financeiros;0.0000000000;S
06.981.381/0001-13;2025-03-31;1;CTC - CENTRO DE TECNOLOGIA CANAVIEIRA S.A.;023981;DF Individual - Demonstração das Mutações do Patrimônio Líquido;REAL;MIL;ÚLTIMO;2024-04-01;2025-03-31;Lucros ou Prejuízos Acumulados;5.05.03.01;Ajustes de Instrumentos Financeiros;0.0000000000;S
06.981.381/0001-13;2025-03-31;1;CTC - CENTRO DE TECNOLOGIA CANAVIEIRA S.A.;023981;DF Individual - Demonstração das Mutações do Patrimônio Líquido;REAL;MIL;PENÚLTIMO;2023-04-01;2024-03-31;Outros Resultados Abrangentes;5.05.03.01;Ajustes de Instrumentos Financeiros;0.0000000000;S
06.981.381/0001-13;2025-03-31;1;CTC - CENTRO DE TECNOLOGIA CANAVIEIRA S.A.;023981;DF Individual - Demonstração das Mutações do Patrimônio Líquido;REAL;MIL;ÚLTIMO;2024-04-01;2025-03-31;Outros Resultados Abrangentes;5.05.03.01;Ajustes de Instrumentos Financeiros;0.0000000000;S
06.981.381/0001-13;2025-03-31;1;CTC - CENTRO DE TECNOLOGIA CANAVIEIRA S.A.;023981;DF Individual - Demonstração das Mutações do Patrimônio Líquido;REAL;MIL;PENÚLTIMO;2023-04-01;2024-03-31;Patrimônio Líquido;5.05.03.01;Ajustes de Instrumentos Financeiros;0.0000000000;S
06.981.381/0001-13;2025-03-31;1;CTC - CENTRO DE TECNOLOGIA CANAVIEIRA S.A.;023981;DF Individual - Demonstração das Mutações do Patrimônio Líquido;REAL;MIL;ÚLTIMO;2024-04-01;2025-03-31;Patrimônio Líquido;5.05.03.01;Ajustes de Instrumentos Financeiros;0.0000000000;S
06.981.381/0001-13;2025-03-31;1;CTC - CENTRO DE TECNOLOGIA CANAVIEIRA S.A.;023981;DF Individual - Demonstração das Mutações do Patrimônio Líquido;REAL;MIL;PENÚLTIMO;2023-04-01;2024-03-31;Capital Social Integralizado;5.06;Mutações Internas do Patrimônio Líquido;0.0000000000;S
06.981.381/0001-13;2025-03-31;1;CTC - CENTRO DE TECNOLOGIA CANAVIEIRA S.A.;023981;DF Individual - Demonstração das Mutações do Patrimônio Líquido;REAL;MIL;ÚLTIMO;2024-04-01;2025-03-31;Capital Social Integralizado;5.06;Mutações Internas do Patrimônio Líquido;0.0000000000;S
06.981.381/0001-13;2025-03-31;1;CTC - CENTRO DE TECNOLOGIA CANAVIEIRA S.A.;023981;DF Individual - Demonstração das Mutações do Patrimônio Líquido;REAL;MIL;PENÚLTIMO;2023-04-01;2024-03-31;Reservas de Capital, Opções Outorgadas e Ações em Tesouraria;5.06;Mutações Internas do Patrimônio Líquido;0.0000000000;S
06.981.381/0001-13;2025-03-31;1;CTC - CENTRO DE TECNOLOGIA CANAVIEIRA S.A.;023981;DF Individual - Demonstração das Mutações do Patrimônio Líquido;REAL;MIL;ÚLTIMO;2024-04-01;2025-03-31;Reservas de Capital, Opções Outorgadas e Ações em Tesouraria;5.06;Mutações Internas do Patrimônio Líquido;0.0000000000;S
06.981.381/0001-13;2025-03-31;1;CTC - CENTRO DE TECNOLOGIA CANAVIEIRA S.A.;023981;DF Individual - Demonstração das Mutações do Patrimônio Líquido;REAL;MIL;PENÚLTIMO;2023-04-01;2024-03-31;Reservas de Lucro;5.06;Mutações Internas do Patrimônio Líquido;116134.0000000000;S
06.981.381/0001-13;2025-03-31;1;CTC - CENTRO DE TECNOLOGIA CANAVIEIRA S.A.;023981;DF Individual - Demonstração das Mutações do Patrimônio Líquido;REAL;MIL;ÚLTIMO;2024-04-01;2025-03-31;Reservas de Lucro;5.06;Mutações Internas do Patrimônio Líquido;139847.0000000000;S
06.981.381/0001-13;2025-03-31;1;CTC - CENTRO DE TECNOLOGIA CANAVIEIRA S.A.;023981;DF Individual - Demonstração das Mutações do Patrimônio Líquido;REAL;MIL;PENÚLTIMO;2023-04-01;2024-03-31;Lucros ou Prejuízos Acumulados;5.06;Mutações Internas do Patrimônio Líquido;-116134.0000000000;S
06.981.381/0001-13;2025-03-31;1;CTC - CENTRO DE TECNOLOGIA CANAVIEIRA S.A.;023981;DF Individual - Demonstração das Mutações do Patrimônio Líquido;REAL;MIL;ÚLTIMO;2024-04-01;2025-03-31;Lucros ou Prejuízos Acumulados;5.06;Mutações Internas do Patrimônio Líquido;-139847.0000000000;S
06.981.381/0001-13;2025-03-31;1;CTC - CENTRO DE TECNOLOGIA CANAVIEIRA S.A.;023981;DF Individual - Demonstração das Mutações do Patrimônio Líquido;REAL;MIL;PENÚLTIMO;2023-04-01;2024-03-31;Outros Resultados Abrangentes;5.06;Mutações Internas do Patrimônio Líquido;0.0000000000;S
06.981.381/0001-13;2025-03-31;1;CTC - CENTRO DE TECNOLOGIA CANAVIEIRA S.A.;023981;DF Individual - Demonstração das Mutações do Patrimônio Líquido;REAL;MIL;ÚLTIMO;2024-04-01;2025-03-31;Outros Resultados Abrangentes;5.06;Mutações Internas do Patrimônio Líquido;0.0000000000;S
06.981.381/0001-13;2025-03-31;1;CTC - CENTRO DE TECNOLOGIA CANAVIEIRA S.A.;023981;DF Individual - Demonstração das Mutações do Patrimônio Líquido;REAL;MIL;PENÚLTIMO;2023-04-01;2024-03-31;Patrimônio Líquido;5.06;Mutações Internas do Patrimônio Líquido;0.0000000000;S
06.981.381/0001-13;2025-03-31;1;CTC - CENTRO DE TECNOLOGIA CANAVIEIRA S.A.;023981;DF Individual - Demonstração das Mutações do Patrimônio Líquido;REAL;MIL;ÚLTIMO;2024-04-01;2025-03-31;Patrimônio Líquido;5.06;Mutações Internas do Patrimônio Líquido;0.0000000000;S
06.981.381/0001-13;2025-03-31;1;CTC - CENTRO DE TECNOLOGIA CANAVIEIRA S.A.;023981;DF Individual - Demonstração das Mutações do Patrimônio Líquido;REAL;MIL;PENÚLTIMO;2023-04-01;2024-03-31;Capital Social Integralizado;5.06.01;Constituição de Reservas;0.0000000000;S
06.981.381/0001-13;2025-03-31;1;CTC - CENTRO DE TECNOLOGIA CANAVIEIRA S.A.;023981;DF Individual - Demonstração das Mutações do Patrimônio Líquido;REAL;MIL;ÚLTIMO;2024-04-01;2025-03-31;Capital Social Integralizado;5.06.01;Constituição de Reservas;0.0000000000;S
06.981.381/0001-13;2025-03-31;1;CTC - CENTRO DE TECNOLOGIA CANAVIEIRA S.A.;023981;DF Individual - Demonstração das Mutações do Patrimônio Líquido;REAL;MIL;PENÚLTIMO;2023-04-01;2024-03-31;Reservas de Capital, Opções Outorgadas e Ações em Tesouraria;5.06.01;Constituição de Reservas;0.0000000000;S
06.981.381/0001-13;2025-03-31;1;CTC - CENTRO DE TECNOLOGIA CANAVIEIRA S.A.;023981;DF Individual - Demonstração das Mutações do Patrimônio Líquido;REAL;MIL;ÚLTIMO;2024-04-01;2025-03-31;Reservas de Capital, Opções Outorgadas e Ações em Tesouraria;5.06.01;Constituição de Reservas;0.0000000000;S
06.981.381/0001-13;2025-03-31;1;CTC - CENTRO DE TECNOLOGIA CANAVIEIRA S.A.;023981;DF Individual - Demonstração das Mutações do Patrimônio Líquido;REAL;MIL;PENÚLTIMO;2023-04-01;2024-03-31;Reservas de Lucro;5.06.01;Constituição de Reservas;116134.0000000000;S
06.981.381/0001-13;2025-03-31;1;CTC - CENTRO DE TECNOLOGIA CANAVIEIRA S.A.;023981;DF Individual - Demonstração das Mutações do Patrimônio Líquido;REAL;MIL;ÚLTIMO;2024-04-01;2025-03-31;Reservas de Lucro;5.06.01;Constituição de Reservas;139847.0000000000;S
06.981.381/0001-13;2025-03-31;1;CTC - CENTRO DE TECNOLOGIA CANAVIEIRA S.A.;023981;DF Individual - Demonstração das Mutações do Patrimônio Líquido;REAL;MIL;PENÚLTIMO;2023-04-01;2024-03-31;Lucros ou Prejuízos Acumulados;5.06.01;Constituição de Reservas;-116134.0000000000;S
06.981.381/0001-13;2025-03-31;1;CTC - CENTRO DE TECNOLOGIA CANAVIEIRA S.A.;023981;DF Individual - Demonstração das Mutações do Patrimônio Líquido;REAL;MIL;ÚLTIMO;2024-04-01;2025-03-31;Lucros ou Prejuízos Acumulados;5.06.01;Constituição de Reservas;-139847.0000000000;S
06.981.381/0001-13;2025-03-31;1;CTC - CENTRO DE TECNOLOGIA CANAVIEIRA S.A.;023981;DF Individual - Demonstração das Mutações do Patrimônio Líquido;REAL;MIL;PENÚLTIMO;2023-04-01;2024-03-31;Outros Resultados Abrangentes;5.06.01;Constituição de Reservas;0.0000000000;S
06.981.381/0001-13;2025-03-31;1;CTC - CENTRO DE TECNOLOGIA CANAVIEIRA S.A.;023981;DF Individual - Demonstração das Mutações do Patrimônio Líquido;REAL;MIL;ÚLTIMO;2024-04-01;2025-03-31;Outros Resultados Abrangentes;5.06.01;Constituição de Reservas;0.0000000000;S
06.981.381/0001-13;2025-03-31;1;CTC - CENTRO DE TECNOLOGIA CANAVIEIRA S.A.;023981;DF Individual - Demonstração das Mutações do Patrimônio Líquido;REAL;MIL;PENÚLTIMO;2023-04-01;2024-03-31;Patrimônio Líquido;5.06.01;Constituição de Reservas;0.0000000000;S
06.981.381/0001-13;2025-03-31;1;CTC - CENTRO DE TECNOLOGIA CANAVIEIRA S.A.;023981;DF Individual - Demonstração das Mutações do Patrimônio Líquido;REAL;MIL;ÚLTIMO;2024-04-01;2025-03-31;Patrimônio Líquido;5.06.01;Constituição de Reservas;0.0000000000;S
06.981.381/0001-13;2025-03-31;1;CTC - CENTRO DE TECNOLOGIA CANAVIEIRA S.A.;023981;DF Individual - Demonstração das Mutações do Patrimônio Líquido;REAL;MIL;PENÚLTIMO;2023-04-01;2024-03-31;Capital Social Integralizado;5.06.02;Realização da Reserva Reavaliação;0.0000000000;S
06.981.381/0001-13;2025-03-31;1;CTC - CENTRO DE TECNOLOGIA CANAVIEIRA S.A.;023981;DF Individual - Demonstração das Mutações do Patrimônio Líquido;REAL;MIL;ÚLTIMO;2024-04-01;2025-03-31;Capital Social Integralizado;5.06.02;Realização da Reserva Reavaliação;0.0000000000;S
06.981.381/0001-13;2025-03-31;1;CTC - CENTRO DE TECNOLOGIA CANAVIEIRA S.A.;023981;DF Individual - Demonstração das Mutações do Patrimônio Líquido;REAL;MIL;PENÚLTIMO;2023-04-01;2024-03-31;Reservas de Capital, Opções Outorgadas e Ações em Tesouraria;5.06.02;Realização da Reserva Reavaliação;0.0000000000;S
06.981.381/0001-13;2025-03-31;1;CTC - CENTRO DE TECNOLOGIA CANAVIEIRA S.A.;023981;DF Individual - Demonstração das Mutações do Patrimônio Líquido;REAL;MIL;ÚLTIMO;2024-04-01;2025-03-31;Reservas de Capital, Opções Outorgadas e Ações em Tesouraria;5.06.02;Realização da Reserva Reavaliação;0.0000000000;S
06.981.381/0001-13;2025-03-31;1;CTC - CENTRO DE TECNOLOGIA CANAVIEIRA S.A.;023981;DF Individual - Demonstração das Mutações do Patrimônio Líquido;REAL;MIL;PENÚLTIMO;2023-04-01;2024-03-31;Reservas de Lucro;5.06.02;Realização da Reserva Reavaliação;0.0000000000;S
06.981.381/0001-13;2025-03-31;1;CTC - CENTRO DE TECNOLOGIA CANAVIEIRA S.A.;023981;DF Individual - Demonstração das Mutações do Patrimônio Líquido;REAL;MIL;ÚLTIMO;2024-04-01;2025-03-31;Reservas de Lucro;5.06.02;Realização da Reserva Reavaliação;0.0000000000;S
06.981.381/0001-13;2025-03-31;1;CTC - CENTRO DE TECNOLOGIA CANAVIEIRA S.A.;023981;DF Individual - Demonstração das Mutações do Patrimônio Líquido;REAL;MIL;PENÚLTIMO;2023-04-01;2024-03-31;Lucros ou Prejuízos Acumulados;5.06.02;Realização da Reserva Reavaliação;0.0000000000;S
06.981.381/0001-13;2025-03-31;1;CTC - CENTRO DE TECNOLOGIA CANAVIEIRA S.A.;023981;DF Individual - Demonstração das Mutações do Patrimônio Líquido;REAL;MIL;ÚLTIMO;2024-04-01;2025-03-31;Lucros ou Prejuízos Acumulados;5.06.02;Realização da Reserva Reavaliação;0.0000000000;S
06.981.381/0001-13;2025-03-31;1;CTC - CENTRO DE TECNOLOGIA CANAVIEIRA S.A.;023981;DF Individual - Demonstração das Mutações do Patrimônio Líquido;REAL;MIL;PENÚLTIMO;2023-04-01;2024-03-31;Outros Resultados Abrangentes;5.06.02;Realização da Reserva Reavaliação;0.0000000000;S
06.981.381/0001-13;2025-03-31;1;CTC - CENTRO DE TECNOLOGIA CANAVIEIRA S.A.;023981;DF Individual - Demonstração das Mutações do Patrimônio Líquido;REAL;MIL;ÚLTIMO;2024-04-01;2025-03-31;Outros Resultados Abrangentes;5.06.02;Realização da Reserva Reavaliação;0.0000000000;S
06.981.381/0001-13;2025-03-31;1;CTC - CENTRO DE TECNOLOGIA CANAVIEIRA S.A.;023981;DF Individual - Demonstração das Mutações do Patrimônio Líquido;REAL;MIL;PENÚLTIMO;2023-04-01;2024-03-31;Patrimônio Líquido;5.06.02;Realização da Reserva Reavaliação;0.0000000000;S
06.981.381/0001-13;2025-03-31;1;CTC - CENTRO DE TECNOLOGIA CANAVIEIRA S.A.;023981;DF Individual - Demonstração das Mutações do Patrimônio Líquido;REAL;MIL;ÚLTIMO;2024-04-01;2025-03-31;Patrimônio Líquido;5.06.02;Realização da Reserva Reavaliação;0.0000000000;S
06.981.381/0001-13;2025-03-31;1;CTC - CENTRO DE TECNOLOGIA CANAVIEIRA S.A.;023981;DF Individual - Demonstração das Mutações do Patrimônio Líquido;REAL;MIL;PENÚLTIMO;2023-04-01;2024-03-31;Capital Social Integralizado;5.06.03;Tributos sobre a Realização da Reserva de Reavaliação;0.0000000000;S
06.981.381/0001-13;2025-03-31;1;CTC - CENTRO DE TECNOLOGIA CANAVIEIRA S.A.;023981;DF Individual - Demonstração das Mutações do Patrimônio Líquido;REAL;MIL;ÚLTIMO;2024-04-01;2025-03-31;Capital Social Integralizado;5.06.03;Tributos sobre a Realização da Reserva de Reavaliação;0.0000000000;S
06.981.381/0001-13;2025-03-31;1;CTC - CENTRO DE TECNOLOGIA CANAVIEIRA S.A.;023981;DF Individual - Demonstração das Mutações do Patrimônio Líquido;REAL;MIL;PENÚLTIMO;2023-04-01;2024-03-31;Reservas de Capital, Opções Outorgadas e Ações em Tesouraria;5.06.03;Tributos sobre a Realização da Reserva de Reavaliação;0.0000000000;S
06.981.381/0001-13;2025-03-31;1;CTC - CENTRO DE TECNOLOGIA CANAVIEIRA S.A.;023981;DF Individual - Demonstração das Mutações do Patrimônio Líquido;REAL;MIL;ÚLTIMO;2024-04-01;2025-03-31;Reservas de Capital, Opções Outorgadas e Ações em Tesouraria;5.06.03;Tributos sobre a Realização da Reserva de Reavaliação;0.0000000000;S
06.981.381/0001-13;2025-03-31;1;CTC - CENTRO DE TECNOLOGIA CANAVIEIRA S.A.;023981;DF Individual - Demonstração das Mutações do Patrimônio Líquido;REAL;MIL;PENÚLTIMO;2023-04-01;2024-03-31;Reservas de Lucro;5.06.03;Tributos sobre a Realização da Reserva de Reavaliação;0.0000000000;S
06.981.381/0001-13;2025-03-31;1;CTC - CENTRO DE TECNOLOGIA CANAVIEIRA S.A.;023981;DF Individual - Demonstração das Mutações do Patrimônio Líquido;REAL;MIL;ÚLTIMO;2024-04-01;2025-03-31;Reservas de Lucro;5.06.03;Tributos sobre a Realização da Reserva de Reavaliação;0.0000000000;S
06.981.381/0001-13;2025-03-31;1;CTC - CENTRO DE TECNOLOGIA CANAVIEIRA S.A.;023981;DF Individual - Demonstração das Mutações do Patrimônio Líquido;REAL;MIL;PENÚLTIMO;2023-04-01;2024-03-31;Lucros ou Prejuízos Acumulados;5.06.03;Tributos sobre a Realização da Reserva de Reavaliação;0.0000000000;S
06.981.381/0001-13;2025-03-31;1;CTC - CENTRO DE TECNOLOGIA CANAVIEIRA S.A.;023981;DF Individual - Demonstração das Mutações do Patrimônio Líquido;REAL;MIL;ÚLTIMO;2024-04-01;2025-03-31;Lucros ou Prejuízos Acumulados;5.06.03;Tributos sobre a Realização da Reserva de Reavaliação;0.0000000000;S
06.981.381/0001-13;2025-03-31;1;CTC - CENTRO DE TECNOLOGIA CANAVIEIRA S.A.;023981;DF Individual - Demonstração das Mutações do Patrimônio Líquido;REAL;MIL;PENÚLTIMO;2023-04-01;2024-03-31;Outros Resultados Abrangentes;5.06.03;Tributos sobre a Realização da Reserva de Reavaliação;0.0000000000;S
06.981.381/0001-13;2025-03-31;1;CTC - CENTRO DE TECNOLOGIA CANAVIEIRA S.A.;023981;DF Individual - Demonstração das Mutações do Patrimônio Líquido;REAL;MIL;ÚLTIMO;2024-04-01;2025-03-31;Outros Resultados Abrangentes;5.06.03;Tributos sobre a Realização da Reserva de Reavaliação;0.0000000000;S
06.981.381/0001-13;2025-03-31;1;CTC - CENTRO DE TECNOLOGIA CANAVIEIRA S.A.;023981;DF Individual - Demonstração das Mutações do Patrimônio Líquido;REAL;MIL;PENÚLTIMO;2023-04-01;2024-03-31;Patrimônio Líquido;5.06.03;Tributos sobre a Realização da Reserva de Reavaliação;0.0000000000;S
06.981.381/0001-13;2025-03-31;1;CTC - CENTRO DE TECNOLOGIA CANAVIEIRA S.A.;023981;DF Individual - Demonstração das Mutações do Patrimônio Líquido;REAL;MIL;ÚLTIMO;2024-04-01;2025-03-31;Patrimônio Líquido;5.06.03;Tributos sobre a Realização da Reserva de Reavaliação;0.0000000000;S
06.981.381/0001-13;2025-03-31;1;CTC - CENTRO DE TECNOLOGIA CANAVIEIRA S.A.;023981;DF Individual - Demonstração das Mutações do Patrimônio Líquido;REAL;MIL;PENÚLTIMO;2023-04-01;2024-03-31;Capital Social Integralizado;5.07;Saldos Finais;562203.0000000000;S
06.981.381/0001-13;2025-03-31;1;CTC - CENTRO DE TECNOLOGIA CANAVIEIRA S.A.;023981;DF Individual - Demonstração das Mutações do Patrimônio Líquido;REAL;MIL;ÚLTIMO;2024-04-01;2025-03-31;Capital Social Integralizado;5.07;Saldos Finais;562203.0000000000;S
06.981.381/0001-13;2025-03-31;1;CTC - CENTRO DE TECNOLOGIA CANAVIEIRA S.A.;023981;DF Individual - Demonstração das Mutações do Patrimônio Líquido;REAL;MIL;PENÚLTIMO;2023-04-01;2024-03-31;Reservas de Capital, Opções Outorgadas e Ações em Tesouraria;5.07;Saldos Finais;0.0000000000;S
06.981.381/0001-13;2025-03-31;1;CTC - CENTRO DE TECNOLOGIA CANAVIEIRA S.A.;023981;DF Individual - Demonstração das Mutações do Patrimônio Líquido;REAL;MIL;ÚLTIMO;2024-04-01;2025-03-31;Reservas de Capital, Opções Outorgadas e Ações em Tesouraria;5.07;Saldos Finais;0.0000000000;S
06.981.381/0001-13;2025-03-31;1;CTC - CENTRO DE TECNOLOGIA CANAVIEIRA S.A.;023981;DF Individual - Demonstração das Mutações do Patrimônio Líquido;REAL;MIL;PENÚLTIMO;2023-04-01;2024-03-31;Reservas de Lucro;5.07;Saldos Finais;415535.0000000000;S
06.981.381/0001-13;2025-03-31;1;CTC - CENTRO DE TECNOLOGIA CANAVIEIRA S.A.;023981;DF Individual - Demonstração das Mutações do Patrimônio Líquido;REAL;MIL;ÚLTIMO;2024-04-01;2025-03-31;Reservas de Lucro;5.07;Saldos Finais;561254.0000000000;S
06.981.381/0001-13;2025-03-31;1;CTC - CENTRO DE TECNOLOGIA CANAVIEIRA S.A.;023981;DF Individual - Demonstração das Mutações do Patrimônio Líquido;REAL;MIL;PENÚLTIMO;2023-04-01;2024-03-31;Lucros ou Prejuízos Acumulados;5.07;Saldos Finais;0.0000000000;S
06.981.381/0001-13;2025-03-31;1;CTC - CENTRO DE TECNOLOGIA CANAVIEIRA S.A.;023981;DF Individual - Demonstração das Mutações do Patrimônio Líquido;REAL;MIL;ÚLTIMO;2024-04-01;2025-03-31;Lucros ou Prejuízos Acumulados;5.07;Saldos Finais;0.0000000000;S
06.981.381/0001-13;2025-03-31;1;CTC - CENTRO DE TECNOLOGIA CANAVIEIRA S.A.;023981;DF Individual - Demonstração das Mutações do Patrimônio Líquido;REAL;MIL;PENÚLTIMO;2023-04-01;2024-03-31;Outros Resultados Abrangentes;5.07;Saldos Finais;1893.0000000000;S
06.981.381/0001-13;2025-03-31;1;CTC - CENTRO DE TECNOLOGIA CANAVIEIRA S.A.;023981;DF Individual - Demonstração das Mutações do Patrimônio Líquido;REAL;MIL;ÚLTIMO;2024-04-01;2025-03-31;Outros Resultados Abrangentes;5.07;Saldos Finais;2712.0000000000;S
06.981.381/0001-13;2025-03-31;1;CTC - CENTRO DE TECNOLOGIA CANAVIEIRA S.A.;023981;DF Individual - Demonstração das Mutações do Patrimônio Líquido;REAL;MIL;PENÚLTIMO;2023-04-01;2024-03-31;Patrimônio Líquido;5.07;Saldos Finais;979631.0000000000;S
06.981.381/0001-13;2025-03-31;1;CTC - CENTRO DE TECNOLOGIA CANAVIEIRA S.A.;023981;DF Individual - Demonstração das Mutações do Patrimônio Líquido;REAL;MIL;ÚLTIMO;2024-04-01;2025-03-31;Patrimônio Líquido;5.07;Saldos Finais;1126169.0000000000;S
07.628.528/0001-59;2025-06-30;1;BRASILAGRO - CIA BRAS DE PROP AGRICOLAS;020036;DF Individual - Demonstração das Mutações do Patrimônio Líquido;REAL;MIL;PENÚLTIMO;2023-07-01;2024-06-30;Capital Social Integralizado;5.01;Saldos Iniciais;1576642.0000000000;S
07.628.528/0001-59;2025-06-30;1;BRASILAGRO - CIA BRAS DE PROP AGRICOLAS;020036;DF Individual - Demonstração das Mutações do Patrimônio Líquido;REAL;MIL;ÚLTIMO;2024-07-01;2025-06-30;Capital Social Integralizado;5.01;Saldos Iniciais;1576645.0000000000;S
07.628.528/0001-59;2025-06-30;1;BRASILAGRO - CIA BRAS DE PROP AGRICOLAS;020036;DF Individual - Demonstração das Mutações do Patrimônio Líquido;REAL;MIL;PENÚLTIMO;2023-07-01;2024-06-30;Reservas de Capital, Opções Outorgadas e Ações em Tesouraria;5.01;Saldos Iniciais;-64230.0000000000;S
07.628.528/0001-59;2025-06-30;1;BRASILAGRO - CIA BRAS DE PROP AGRICOLAS;020036;DF Individual - Demonstração das Mutações do Patrimônio Líquido;REAL;MIL;ÚLTIMO;2024-07-01;2025-06-30;Reservas de Capital, Opções Outorgadas e Ações em Tesouraria;5.01;Saldos Iniciais;-53233.0000000000;S
07.628.528/0001-59;2025-06-30;1;BRASILAGRO - CIA BRAS DE PROP AGRICOLAS;020036;DF Individual - Demonstração das Mutações do Patrimônio Líquido;REAL;MIL;PENÚLTIMO;2023-07-01;2024-06-30;Reservas de Lucro;5.01;Saldos Iniciais;364888.0000000000;S
07.628.528/0001-59;2025-06-30;1;BRASILAGRO - CIA BRAS DE PROP AGRICOLAS;020036;DF Individual - Demonstração das Mutações do Patrimônio Líquido;REAL;MIL;ÚLTIMO;2024-07-01;2025-06-30;Reservas de Lucro;5.01;Saldos Iniciais;436761.0000000000;S
07.628.528/0001-59;2025-06-30;1;BRASILAGRO - CIA BRAS DE PROP AGRICOLAS;020036;DF Individual - Demonstração das Mutações do Patrimônio Líquido;REAL;MIL;PENÚLTIMO;2023-07-01;2024-06-30;Lucros ou Prejuízos Acumulados;5.01;Saldos Iniciais;256223.0000000000;S
07.628.528/0001-59;2025-06-30;1;BRASILAGRO - CIA BRAS DE PROP AGRICOLAS;020036;DF Individual - Demonstração das Mutações do Patrimônio Líquido;REAL;MIL;ÚLTIMO;2024-07-01;2025-06-30;Lucros ou Prejuízos Acumulados;5.01;Saldos Iniciais;101119.0000000000;S
07.628.528/0001-59;2025-06-30;1;BRASILAGRO - CIA BRAS DE PROP AGRICOLAS;020036;DF Individual - Demonstração das Mutações do Patrimônio Líquido;REAL;MIL;PENÚLTIMO;2023-07-01;2024-06-30;Outros Resultados Abrangentes;5.01;Saldos Iniciais;63619.0000000000;S
07.628.528/0001-59;2025-06-30;1;BRASILAGRO - CIA BRAS DE PROP AGRICOLAS;020036;DF Individual - Demonstração das Mutações do Patrimônio Líquido;REAL;MIL;ÚLTIMO;2024-07-01;2025-06-30;Outros Resultados Abrangentes;5.01;Saldos Iniciais;118387.0000000000;S
07.628.528/0001-59;2025-06-30;1;BRASILAGRO - CIA BRAS DE PROP AGRICOLAS;020036;DF Individual - Demonstração das Mutações do Patrimônio Líquido;REAL;MIL;PENÚLTIMO;2023-07-01;2024-06-30;Patrimônio Líquido;5.01;Saldos Iniciais;2197142.0000000000;S
07.628.528/0001-59;2025-06-30;1;BRASILAGRO - CIA BRAS DE PROP AGRICOLAS;020036;DF Individual - Demonstração das Mutações do Patrimônio Líquido;REAL;MIL;ÚLTIMO;2024-07-01;2025-06-30;Patrimônio Líquido;5.01;Saldos Iniciais;2179679.0000000000;S
07.628.528/0001-59;2025-06-30;1;BRASILAGRO - CIA BRAS DE PROP AGRICOLAS;020036;DF Individual - Demonstração das Mutações do Patrimônio Líquido;REAL;MIL;PENÚLTIMO;2023-07-01;2024-06-30;Capital Social Integralizado;5.02;Ajustes de Exercícios Anteriores;0.0000000000;S
07.628.528/0001-59;2025-06-30;1;BRASILAGRO - CIA BRAS DE PROP AGRICOLAS;020036;DF Individual - Demonstração das Mutações do Patrimônio Líquido;REAL;MIL;ÚLTIMO;2024-07-01;2025-06-30;Capital Social Integralizado;5.02;Ajustes de Exercícios Anteriores;0.0000000000;S
07.628.528/0001-59;2025-06-30;1;BRASILAGRO - CIA BRAS DE PROP AGRICOLAS;020036;DF Individual - Demonstração das Mutações do Patrimônio Líquido;REAL;MIL;PENÚLTIMO;2023-07-01;2024-06-30;Reservas de Capital, Opções Outorgadas e Ações em Tesouraria;5.02;Ajustes de Exercícios Anteriores;0.0000000000;S
07.628.528/0001-59;2025-06-30;1;BRASILAGRO - CIA BRAS DE PROP AGRICOLAS;020036;DF Individual - Demonstração das Mutações do Patrimônio Líquido;REAL;MIL;ÚLTIMO;2024-07-01;2025-06-30;Reservas de Capital, Opções Outorgadas e Ações em Tesouraria;5.02;Ajustes de Exercícios Anteriores;0.0000000000;S
07.628.528/0001-59;2025-06-30;1;BRASILAGRO - CIA BRAS DE PROP AGRICOLAS;020036;DF Individual - Demonstração das Mutações do Patrimônio Líquido;REAL;MIL;PENÚLTIMO;2023-07-01;2024-06-30;Reservas de Lucro;5.02;Ajustes de Exercícios Anteriores;6.0000000000;S
07.628.528/0001-59;2025-06-30;1;BRASILAGRO - CIA BRAS DE PROP AGRICOLAS;020036;DF Individual - Demonstração das Mutações do Patrimônio Líquido;REAL;MIL;ÚLTIMO;2024-07-01;2025-06-30;Reservas de Lucro;5.02;Ajustes de Exercícios Anteriores;0.0000000000;S
07.628.528/0001-59;2025-06-30;1;BRASILAGRO - CIA BRAS DE PROP AGRICOLAS;020036;DF Individual - Demonstração das Mutações do Patrimônio Líquido;REAL;MIL;PENÚLTIMO;2023-07-01;2024-06-30;Lucros ou Prejuízos Acumulados;5.02;Ajustes de Exercícios Anteriores;0.0000000000;S
07.628.528/0001-59;2025-06-30;1;BRASILAGRO - CIA BRAS DE PROP AGRICOLAS;020036;DF Individual - Demonstração das Mutações do Patrimônio Líquido;REAL;MIL;ÚLTIMO;2024-07-01;2025-06-30;Lucros ou Prejuízos Acumulados;5.02;Ajustes de Exercícios Anteriores;0.0000000000;S
07.628.528/0001-59;2025-06-30;1;BRASILAGRO - CIA BRAS DE PROP AGRICOLAS;020036;DF Individual - Demonstração das Mutações do Patrimônio Líquido;REAL;MIL;PENÚLTIMO;2023-07-01;2024-06-30;Outros Resultados Abrangentes;5.02;Ajustes de Exercícios Anteriores;0.0000000000;S
07.628.528/0001-59;2025-06-30;1;BRASILAGRO - CIA BRAS DE PROP AGRICOLAS;020036;DF Individual - Demonstração das Mutações do Patrimônio Líquido;REAL;MIL;ÚLTIMO;2024-07-01;2025-06-30;Outros Resultados Abrangentes;5.02;Ajustes de Exercícios Anteriores;0.0000000000;S
07.628.528/0001-59;2025-06-30;1;BRASILAGRO - CIA BRAS DE PROP AGRICOLAS;020036;DF Individual - Demonstração das Mutações do Patrimônio Líquido;REAL;MIL;PENÚLTIMO;2023-07-01;2024-06-30;Patrimônio Líquido;5.02;Ajustes de Exercícios Anteriores;6.0000000000;S
07.628.528/0001-59;2025-06-30;1;BRASILAGRO - CIA BRAS DE PROP AGRICOLAS;020036;DF Individual - Demonstração das Mutações do Patrimônio Líquido;REAL;MIL;ÚLTIMO;2024-07-01;2025-06-30;Patrimônio Líquido;5.02;Ajustes de Exercícios Anteriores;0.0000000000;S
07.628.528/0001-59;2025-06-30;1;BRASILAGRO - CIA BRAS DE PROP AGRICOLAS;020036;DF Individual - Demonstração das Mutações do Patrimônio Líquido;REAL;MIL;PENÚLTIMO;2023-07-01;2024-06-30;Capital Social Integralizado;5.02.01;Dividendos não reclamados;0.0000000000;N
07.628.528/0001-59;2025-06-30;1;BRASILAGRO - CIA BRAS DE PROP AGRICOLAS;020036;DF Individual - Demonstração das Mutações do Patrimônio Líquido;REAL;MIL;PENÚLTIMO;2023-07-01;2024-06-30;Reservas de Capital, Opções Outorgadas e Ações em Tesouraria;5.02.01;Dividendos não reclamados;0.0000000000;N
07.628.528/0001-59;2025-06-30;1;BRASILAGRO - CIA BRAS DE PROP AGRICOLAS;020036;DF Individual - Demonstração das Mutações do Patrimônio Líquido;REAL;MIL;PENÚLTIMO;2023-07-01;2024-06-30;Reservas de Lucro;5.02.01;Dividendos não reclamados;6.0000000000;N
07.628.528/0001-59;2025-06-30;1;BRASILAGRO - CIA BRAS DE PROP AGRICOLAS;020036;DF Individual - Demonstração das Mutações do Patrimônio Líquido;REAL;MIL;PENÚLTIMO;2023-07-01;2024-06-30;Lucros ou Prejuízos Acumulados;5.02.01;Dividendos não reclamados;0.0000000000;N
07.628.528/0001-59;2025-06-30;1;BRASILAGRO - CIA BRAS DE PROP AGRICOLAS;020036;DF Individual - Demonstração das Mutações do Patrimônio Líquido;REAL;MIL;PENÚLTIMO;2023-07-01;2024-06-30;Outros Resultados Abrangentes;5.02.01;Dividendos não reclamados;0.0000000000;N
07.628.528/0001-59;2025-06-30;1;BRASILAGRO - CIA BRAS DE PROP AGRICOLAS;020036;DF Individual - Demonstração das Mutações do Patrimônio Líquido;REAL;MIL;PENÚLTIMO;2023-07-01;2024-06-30;Patrimônio Líquido;5.02.01;Dividendos não reclamados;6.0000000000;N
07.628.528/0001-59;2025-06-30;1;BRASILAGRO - CIA BRAS DE PROP AGRICOLAS;020036;DF Individual - Demonstração das Mutações do Patrimônio Líquido;REAL;MIL;PENÚLTIMO;2023-07-01;2024-06-30;Capital Social Integralizado;5.03;Saldos Iniciais Ajustados;1576642.0000000000;S
07.628.528/0001-59;2025-06-30;1;BRASILAGRO - CIA BRAS DE PROP AGRICOLAS;020036;DF Individual - Demonstração das Mutações do Patrimônio Líquido;REAL;MIL;ÚLTIMO;2024-07-01;2025-06-30;Capital Social Integralizado;5.03;Saldos Iniciais Ajustados;1576645.0000000000;S
07.628.528/0001-59;2025-06-30;1;BRASILAGRO - CIA BRAS DE PROP AGRICOLAS;020036;DF Individual - Demonstração das Mutações do Patrimônio Líquido;REAL;MIL;PENÚLTIMO;2023-07-01;2024-06-30;Reservas de Capital, Opções Outorgadas e Ações em Tesouraria;5.03;Saldos Iniciais Ajustados;-64230.0000000000;S
07.628.528/0001-59;2025-06-30;1;BRASILAGRO - CIA BRAS DE PROP AGRICOLAS;020036;DF Individual - Demonstração das Mutações do Patrimônio Líquido;REAL;MIL;ÚLTIMO;2024-07-01;2025-06-30;Reservas de Capital, Opções Outorgadas e Ações em Tesouraria;5.03;Saldos Iniciais Ajustados;-53233.0000000000;S
07.628.528/0001-59;2025-06-30;1;BRASILAGRO - CIA BRAS DE PROP AGRICOLAS;020036;DF Individual - Demonstração das Mutações do Patrimônio Líquido;REAL;MIL;PENÚLTIMO;2023-07-01;2024-06-30;Reservas de Lucro;5.03;Saldos Iniciais Ajustados;364894.0000000000;S
07.628.528/0001-59;2025-06-30;1;BRASILAGRO - CIA BRAS DE PROP AGRICOLAS;020036;DF Individual - Demonstração das Mutações do Patrimônio Líquido;REAL;MIL;ÚLTIMO;2024-07-01;2025-06-30;Reservas de Lucro;5.03;Saldos Iniciais Ajustados;436761.0000000000;S
07.628.528/0001-59;2025-06-30;1;BRASILAGRO - CIA BRAS DE PROP AGRICOLAS;020036;DF Individual - Demonstração das Mutações do Patrimônio Líquido;REAL;MIL;PENÚLTIMO;2023-07-01;2024-06-30;Lucros ou Prejuízos Acumulados;5.03;Saldos Iniciais Ajustados;256223.0000000000;S
07.628.528/0001-59;2025-06-30;1;BRASILAGRO - CIA BRAS DE PROP AGRICOLAS;020036;DF Individual - Demonstração das Mutações do Patrimônio Líquido;REAL;MIL;ÚLTIMO;2024-07-01;2025-06-30;Lucros ou Prejuízos Acumulados;5.03;Saldos Iniciais Ajustados;101119.0000000000;S
07.628.528/0001-59;2025-06-30;1;BRASILAGRO - CIA BRAS DE PROP AGRICOLAS;020036;DF Individual - Demonstração das Mutações do Patrimônio Líquido;REAL;MIL;PENÚLTIMO;2023-07-01;2024-06-30;Outros Resultados Abrangentes;5.03;Saldos Iniciais Ajustados;63619.0000000000;S
07.628.528/0001-59;2025-06-30;1;BRASILAGRO - CIA BRAS DE PROP AGRICOLAS;020036;DF Individual - Demonstração das Mutações do Patrimônio Líquido;REAL;MIL;ÚLTIMO;2024-07-01;2025-06-30;Outros Resultados Abrangentes;5.03;Saldos Iniciais Ajustados;118387.0000000000;S
07.628.528/0001-59;2025-06-30;1;BRASILAGRO - CIA BRAS DE PROP AGRICOLAS;020036;DF Individual - Demonstração das Mutações do Patrimônio Líquido;REAL;MIL;PENÚLTIMO;2023-07-01;2024-06-30;Patrimônio Líquido;5.03;Saldos Iniciais Ajustados;2197148.0000000000;S
07.628.528/0001-59;2025-06-30;1;BRASILAGRO - CIA BRAS DE PROP AGRICOLAS;020036;DF Individual - Demonstração das Mutações do Patrimônio Líquido;REAL;MIL;ÚLTIMO;2024-07-01;2025-06-30;Patrimônio Líquido;5.03;Saldos Iniciais Ajustados;2179679.0000000000;S
07.628.528/0001-59;2025-06-30;1;BRASILAGRO - CIA BRAS DE PROP AGRICOLAS;020036;DF Individual - Demonstração das Mutações do Patrimônio Líquido;REAL;MIL;PENÚLTIMO;2023-07-01;2024-06-30;Capital Social Integralizado;5.04;Transações de Capital com os Sócios;3.0000000000;S
07.628.528/0001-59;2025-06-30;1;BRASILAGRO - CIA BRAS DE PROP AGRICOLAS;020036;DF Individual - Demonstração das Mutações do Patrimônio Líquido;REAL;MIL;ÚLTIMO;2024-07-01;2025-06-30;Capital Social Integralizado;5.04;Transações de Capital com os Sócios;0.0000000000;S
07.628.528/0001-59;2025-06-30;1;BRASILAGRO - CIA BRAS DE PROP AGRICOLAS;020036;DF Individual - Demonstração das Mutações do Patrimônio Líquido;REAL;MIL;PENÚLTIMO;2023-07-01;2024-06-30;Reservas de Capital, Opções Outorgadas e Ações em Tesouraria;5.04;Transações de Capital com os Sócios;10997.0000000000;S
07.628.528/0001-59;2025-06-30;1;BRASILAGRO - CIA BRAS DE PROP AGRICOLAS;020036;DF Individual - Demonstração das Mutações do Patrimônio Líquido;REAL;MIL;ÚLTIMO;2024-07-01;2025-06-30;Reservas de Capital, Opções Outorgadas e Ações em Tesouraria;5.04;Transações de Capital com os Sócios;1392.0000000000;S
07.628.528/0001-59;2025-06-30;1;BRASILAGRO - CIA BRAS DE PROP AGRICOLAS;020036;DF Individual - Demonstração das Mutações do Patrimônio Líquido;REAL;MIL;PENÚLTIMO;2023-07-01;2024-06-30;Reservas de Lucro;5.04;Transações de Capital com os Sócios;0.0000000000;S
07.628.528/0001-59;2025-06-30;1;BRASILAGRO - CIA BRAS DE PROP AGRICOLAS;020036;DF Individual - Demonstração das Mutações do Patrimônio Líquido;REAL;MIL;ÚLTIMO;2024-07-01;2025-06-30;Reservas de Lucro;5.04;Transações de Capital com os Sócios;0.0000000000;S
07.628.528/0001-59;2025-06-30;1;BRASILAGRO - CIA BRAS DE PROP AGRICOLAS;020036;DF Individual - Demonstração das Mutações do Patrimônio Líquido;REAL;MIL;PENÚLTIMO;2023-07-01;2024-06-30;Lucros ou Prejuízos Acumulados;5.04;Transações de Capital com os Sócios;-256223.0000000000;S
07.628.528/0001-59;2025-06-30;1;BRASILAGRO - CIA BRAS DE PROP AGRICOLAS;020036;DF Individual - Demonstração das Mutações do Patrimônio Líquido;REAL;MIL;ÚLTIMO;2024-07-01;2025-06-30;Lucros ou Prejuízos Acumulados;5.04;Transações de Capital com os Sócios;-101119.0000000000;S
07.628.528/0001-59;2025-06-30;1;BRASILAGRO - CIA BRAS DE PROP AGRICOLAS;020036;DF Individual - Demonstração das Mutações do Patrimônio Líquido;REAL;MIL;PENÚLTIMO;2023-07-01;2024-06-30;Outros Resultados Abrangentes;5.04;Transações de Capital com os Sócios;0.0000000000;S
07.628.528/0001-59;2025-06-30;1;BRASILAGRO - CIA BRAS DE PROP AGRICOLAS;020036;DF Individual - Demonstração das Mutações do Patrimônio Líquido;REAL;MIL;ÚLTIMO;2024-07-01;2025-06-30;Outros Resultados Abrangentes;5.04;Transações de Capital com os Sócios;0.0000000000;S
07.628.528/0001-59;2025-06-30;1;BRASILAGRO - CIA BRAS DE PROP AGRICOLAS;020036;DF Individual - Demonstração das Mutações do Patrimônio Líquido;REAL;MIL;PENÚLTIMO;2023-07-01;2024-06-30;Patrimônio Líquido;5.04;Transações de Capital com os Sócios;-245223.0000000000;S
07.628.528/0001-59;2025-06-30;1;BRASILAGRO - CIA BRAS DE PROP AGRICOLAS;020036;DF Individual - Demonstração das Mutações do Patrimônio Líquido;REAL;MIL;ÚLTIMO;2024-07-01;2025-06-30;Patrimônio Líquido;5.04;Transações de Capital com os Sócios;-99727.0000000000;S
07.628.528/0001-59;2025-06-30;1;BRASILAGRO - CIA BRAS DE PROP AGRICOLAS;020036;DF Individual - Demonstração das Mutações do Patrimônio Líquido;REAL;MIL;PENÚLTIMO;2023-07-01;2024-06-30;Capital Social Integralizado;5.04.01;Aumentos de Capital;3.0000000000;S
07.628.528/0001-59;2025-06-30;1;BRASILAGRO - CIA BRAS DE PROP AGRICOLAS;020036;DF Individual - Demonstração das Mutações do Patrimônio Líquido;REAL;MIL;ÚLTIMO;2024-07-01;2025-06-30;Capital Social Integralizado;5.04.01;Aumentos de Capital;0.0000000000;S
07.628.528/0001-59;2025-06-30;1;BRASILAGRO - CIA BRAS DE PROP AGRICOLAS;020036;DF Individual - Demonstração das Mutações do Patrimônio Líquido;REAL;MIL;PENÚLTIMO;2023-07-01;2024-06-30;Reservas de Capital, Opções Outorgadas e Ações em Tesouraria;5.04.01;Aumentos de Capital;0.0000000000;S
07.628.528/0001-59;2025-06-30;1;BRASILAGRO - CIA BRAS DE PROP AGRICOLAS;020036;DF Individual - Demonstração das Mutações do Patrimônio Líquido;REAL;MIL;ÚLTIMO;2024-07-01;2025-06-30;Reservas de Capital, Opções Outorgadas e Ações em Tesouraria;5.04.01;Aumentos de Capital;0.0000000000;S
07.628.528/0001-59;2025-06-30;1;BRASILAGRO - CIA BRAS DE PROP AGRICOLAS;020036;DF Individual - Demonstração das Mutações do Patrimônio Líquido;REAL;MIL;PENÚLTIMO;2023-07-01;2024-06-30;Reservas de Lucro;5.04.01;Aumentos de Capital;0.0000000000;S
07.628.528/0001-59;2025-06-30;1;BRASILAGRO - CIA BRAS DE PROP AGRICOLAS;020036;DF Individual - Demonstração das Mutações do Patrimônio Líquido;REAL;MIL;ÚLTIMO;2024-07-01;2025-06-30;Reservas de Lucro;5.04.01;Aumentos de Capital;0.0000000000;S
07.628.528/0001-59;2025-06-30;1;BRASILAGRO - CIA BRAS DE PROP AGRICOLAS;020036;DF Individual - Demonstração das Mutações do Patrimônio Líquido;REAL;MIL;PENÚLTIMO;2023-07-01;2024-06-30;Lucros ou Prejuízos Acumulados;5.04.01;Aumentos de Capital;0.0000000000;S
07.628.528/0001-59;2025-06-30;1;BRASILAGRO - CIA BRAS DE PROP AGRICOLAS;020036;DF Individual - Demonstração das Mutações do Patrimônio Líquido;REAL;MIL;ÚLTIMO;2024-07-01;2025-06-30;Lucros ou Prejuízos Acumulados;5.04.01;Aumentos de Capital;0.0000000000;S
07.628.528/0001-59;2025-06-30;1;BRASILAGRO - CIA BRAS DE PROP AGRICOLAS;020036;DF Individual - Demonstração das Mutações do Patrimônio Líquido;REAL;MIL;PENÚLTIMO;2023-07-01;2024-06-30;Outros Resultados Abrangentes;5.04.01;Aumentos de Capital;0.0000000000;S
07.628.528/0001-59;2025-06-30;1;BRASILAGRO - CIA BRAS DE PROP AGRICOLAS;020036;DF Individual - Demonstração das Mutações do Patrimônio Líquido;REAL;MIL;ÚLTIMO;2024-07-01;2025-06-30;Outros Resultados Abrangentes;5.04.01;Aumentos de Capital;0.0000000000;S
07.628.528/0001-59;2025-06-30;1;BRASILAGRO - CIA BRAS DE PROP AGRICOLAS;020036;DF Individual - Demonstração das Mutações do Patrimônio Líquido;REAL;MIL;PENÚLTIMO;2023-07-01;2024-06-30;Patrimônio Líquido;5.04.01;Aumentos de Capital;3.0000000000;S
07.628.528/0001-59;2025-06-30;1;BRASILAGRO - CIA BRAS DE PROP AGRICOLAS;020036;DF Individual - Demonstração das Mutações do Patrimônio Líquido;REAL;MIL;ÚLTIMO;2024-07-01;2025-06-30;Patrimônio Líquido;5.04.01;Aumentos de Capital;0.0000000000;S
07.628.528/0001-59;2025-06-30;1;BRASILAGRO - CIA BRAS DE PROP AGRICOLAS;020036;DF Individual - Demonstração das Mutações do Patrimônio Líquido;REAL;MIL;PENÚLTIMO;2023-07-01;2024-06-30;Capital Social Integralizado;5.04.02;Gastos com Emissão de Ações;0.0000000000;S
07.628.528/0001-59;2025-06-30;1;BRASILAGRO - CIA BRAS DE PROP AGRICOLAS;020036;DF Individual - Demonstração das Mutações do Patrimônio Líquido;REAL;MIL;ÚLTIMO;2024-07-01;2025-06-30;Capital Social Integralizado;5.04.02;Gastos com Emissão de Ações;0.0000000000;S
07.628.528/0001-59;2025-06-30;1;BRASILAGRO - CIA BRAS DE PROP AGRICOLAS;020036;DF Individual - Demonstração das Mutações do Patrimônio Líquido;REAL;MIL;PENÚLTIMO;2023-07-01;2024-06-30;Reservas de Capital, Opções Outorgadas e Ações em Tesouraria;5.04.02;Gastos com Emissão de Ações;0.0000000000;S
07.628.528/0001-59;2025-06-30;1;BRASILAGRO - CIA BRAS DE PROP AGRICOLAS;020036;DF Individual - Demonstração das Mutações do Patrimônio Líquido;REAL;MIL;ÚLTIMO;2024-07-01;2025-06-30;Reservas de Capital, Opções Outorgadas e Ações em Tesouraria;5.04.02;Gastos com Emissão de Ações;0.0000000000;S
07.628.528/0001-59;2025-06-30;1;BRASILAGRO - CIA BRAS DE PROP AGRICOLAS;020036;DF Individual - Demonstração das Mutações do Patrimônio Líquido;REAL;MIL;PENÚLTIMO;2023-07-01;2024-06-30;Reservas de Lucro;5.04.02;Gastos com Emissão de Ações;0.0000000000;S
07.628.528/0001-59;2025-06-30;1;BRASILAGRO - CIA BRAS DE PROP AGRICOLAS;020036;DF Individual - Demonstração das Mutações do Patrimônio Líquido;REAL;MIL;ÚLTIMO;2024-07-01;2025-06-30;Reservas de Lucro;5.04.02;Gastos com Emissão de Ações;0.0000000000;S
07.628.528/0001-59;2025-06-30;1;BRASILAGRO - CIA BRAS DE PROP AGRICOLAS;020036;DF Individual - Demonstração das Mutações do Patrimônio Líquido;REAL;MIL;PENÚLTIMO;2023-07-01;2024-06-30;Lucros ou Prejuízos Acumulados;5.04.02;Gastos com Emissão de Ações;0.0000000000;S
07.628.528/0001-59;2025-06-30;1;BRASILAGRO - CIA BRAS DE PROP AGRICOLAS;020036;DF Individual - Demonstração das Mutações do Patrimônio Líquido;REAL;MIL;ÚLTIMO;2024-07-01;2025-06-30;Lucros ou Prejuízos Acumulados;5.04.02;Gastos com Emissão de Ações;0.0000000000;S
07.628.528/0001-59;2025-06-30;1;BRASILAGRO - CIA BRAS DE PROP AGRICOLAS;020036;DF Individual - Demonstração das Mutações do Patrimônio Líquido;REAL;MIL;PENÚLTIMO;2023-07-01;2024-06-30;Outros Resultados Abrangentes;5.04.02;Gastos com Emissão de Ações;0.0000000000;S
07.628.528/0001-59;2025-06-30;1;BRASILAGRO - CIA BRAS DE PROP AGRICOLAS;020036;DF Individual - Demonstração das Mutações do Patrimônio Líquido;REAL;MIL;ÚLTIMO;2024-07-01;2025-06-30;Outros Resultados Abrangentes;5.04.02;Gastos com Emissão de Ações;0.0000000000;S
07.628.528/0001-59;2025-06-30;1;BRASILAGRO - CIA BRAS DE PROP AGRICOLAS;020036;DF Individual - Demonstração das Mutações do Patrimônio Líquido;REAL;MIL;PENÚLTIMO;2023-07-01;2024-06-30;Patrimônio Líquido;5.04.02;Gastos com Emissão de Ações;0.0000000000;S
07.628.528/0001-59;2025-06-30;1;BRASILAGRO - CIA BRAS DE PROP AGRICOLAS;020036;DF Individual - Demonstração das Mutações do Patrimônio Líquido;REAL;MIL;ÚLTIMO;2024-07-01;2025-06-30;Patrimônio Líquido;5.04.02;Gastos com Emissão de Ações;0.0000000000;S
07.628.528/0001-59;2025-06-30;1;BRASILAGRO - CIA BRAS DE PROP AGRICOLAS;020036;DF Individual - Demonstração das Mutações do Patrimônio Líquido;REAL;MIL;PENÚLTIMO;2023-07-01;2024-06-30;Capital Social Integralizado;5.04.03;Opções Outorgadas Reconhecidas;0.0000000000;S
07.628.528/0001-59;2025-06-30;1;BRASILAGRO - CIA BRAS DE PROP AGRICOLAS;020036;DF Individual - Demonstração das Mutações do Patrimônio Líquido;REAL;MIL;ÚLTIMO;2024-07-01;2025-06-30;Capital Social Integralizado;5.04.03;Opções Outorgadas Reconhecidas;0.0000000000;S
07.628.528/0001-59;2025-06-30;1;BRASILAGRO - CIA BRAS DE PROP AGRICOLAS;020036;DF Individual - Demonstração das Mutações do Patrimônio Líquido;REAL;MIL;PENÚLTIMO;2023-07-01;2024-06-30;Reservas de Capital, Opções Outorgadas e Ações em Tesouraria;5.04.03;Opções Outorgadas Reconhecidas;0.0000000000;S
07.628.528/0001-59;2025-06-30;1;BRASILAGRO - CIA BRAS DE PROP AGRICOLAS;020036;DF Individual - Demonstração das Mutações do Patrimônio Líquido;REAL;MIL;ÚLTIMO;2024-07-01;2025-06-30;Reservas de Capital, Opções Outorgadas e Ações em Tesouraria;5.04.03;Opções Outorgadas Reconhecidas;0.0000000000;S
07.628.528/0001-59;2025-06-30;1;BRASILAGRO - CIA BRAS DE PROP AGRICOLAS;020036;DF Individual - Demonstração das Mutações do Patrimônio Líquido;REAL;MIL;PENÚLTIMO;2023-07-01;2024-06-30;Reservas de Lucro;5.04.03;Opções Outorgadas Reconhecidas;0.0000000000;S
07.628.528/0001-59;2025-06-30;1;BRASILAGRO - CIA BRAS DE PROP AGRICOLAS;020036;DF Individual - Demonstração das Mutações do Patrimônio Líquido;REAL;MIL;ÚLTIMO;2024-07-01;2025-06-30;Reservas de Lucro;5.04.03;Opções Outorgadas Reconhecidas;0.0000000000;S
07.628.528/0001-59;2025-06-30;1;BRASILAGRO - CIA BRAS DE PROP AGRICOLAS;020036;DF Individual - Demonstração das Mutações do Patrimônio Líquido;REAL;MIL;PENÚLTIMO;2023-07-01;2024-06-30;Lucros ou Prejuízos Acumulados;5.04.03;Opções Outorgadas Reconhecidas;0.0000000000;S
07.628.528/0001-59;2025-06-30;1;BRASILAGRO - CIA BRAS DE PROP AGRICOLAS;020036;DF Individual - Demonstração das Mutações do Patrimônio Líquido;REAL;MIL;ÚLTIMO;2024-07-01;2025-06-30;Lucros ou Prejuízos Acumulados;5.04.03;Opções Outorgadas Reconhecidas;0.0000000000;S
07.628.528/0001-59;2025-06-30;1;BRASILAGRO - CIA BRAS DE PROP AGRICOLAS;020036;DF Individual - Demonstração das Mutações do Patrimônio Líquido;REAL;MIL;PENÚLTIMO;2023-07-01;2024-06-30;Outros Resultados Abrangentes;5.04.03;Opções Outorgadas Reconhecidas;0.0000000000;S
07.628.528/0001-59;2025-06-30;1;BRASILAGRO - CIA BRAS DE PROP AGRICOLAS;020036;DF Individual - Demonstração das Mutações do Patrimônio Líquido;REAL;MIL;ÚLTIMO;2024-07-01;2025-06-30;Outros Resultados Abrangentes;5.04.03;Opções Outorgadas Reconhecidas;0.0000000000;S
07.628.528/0001-59;2025-06-30;1;BRASILAGRO - CIA BRAS DE PROP AGRICOLAS;020036;DF Individual - Demonstração das Mutações do Patrimônio Líquido;REAL;MIL;PENÚLTIMO;2023-07-01;2024-06-30;Patrimônio Líquido;5.04.03;Opções Outorgadas Reconhecidas;0.0000000000;S
07.628.528/0001-59;2025-06-30;1;BRASILAGRO - CIA BRAS DE PROP AGRICOLAS;020036;DF Individual - Demonstração das Mutações do Patrimônio Líquido;REAL;MIL;ÚLTIMO;2024-07-01;2025-06-30;Patrimônio Líquido;5.04.03;Opções Outorgadas Reconhecidas;0.0000000000;S
07.628.528/0001-59;2025-06-30;1;BRASILAGRO - CIA BRAS DE PROP AGRICOLAS;020036;DF Individual - Demonstração das Mutações do Patrimônio Líquido;REAL;MIL;PENÚLTIMO;2023-07-01;2024-06-30;Capital Social Integralizado;5.04.04;Ações em Tesouraria Adquiridas;0.0000000000;S
07.628.528/0001-59;2025-06-30;1;BRASILAGRO - CIA BRAS DE PROP AGRICOLAS;020036;DF Individual - Demonstração das Mutações do Patrimônio Líquido;REAL;MIL;ÚLTIMO;2024-07-01;2025-06-30;Capital Social Integralizado;5.04.04;Ações em Tesouraria Adquiridas;0.0000000000;S
07.628.528/0001-59;2025-06-30;1;BRASILAGRO - CIA BRAS DE PROP AGRICOLAS;020036;DF Individual - Demonstração das Mutações do Patrimônio Líquido;REAL;MIL;PENÚLTIMO;2023-07-01;2024-06-30;Reservas de Capital, Opções Outorgadas e Ações em Tesouraria;5.04.04;Ações em Tesouraria Adquiridas;0.0000000000;S
07.628.528/0001-59;2025-06-30;1;BRASILAGRO - CIA BRAS DE PROP AGRICOLAS;020036;DF Individual - Demonstração das Mutações do Patrimônio Líquido;REAL;MIL;ÚLTIMO;2024-07-01;2025-06-30;Reservas de Capital, Opções Outorgadas e Ações em Tesouraria;5.04.04;Ações em Tesouraria Adquiridas;0.0000000000;S
07.628.528/0001-59;2025-06-30;1;BRASILAGRO - CIA BRAS DE PROP AGRICOLAS;020036;DF Individual - Demonstração das Mutações do Patrimônio Líquido;REAL;MIL;PENÚLTIMO;2023-07-01;2024-06-30;Reservas de Lucro;5.04.04;Ações em Tesouraria Adquiridas;0.0000000000;S
07.628.528/0001-59;2025-06-30;1;BRASILAGRO - CIA BRAS DE PROP AGRICOLAS;020036;DF Individual - Demonstração das Mutações do Patrimônio Líquido;REAL;MIL;ÚLTIMO;2024-07-01;2025-06-30;Reservas de Lucro;5.04.04;Ações em Tesouraria Adquiridas;0.0000000000;S
07.628.528/0001-59;2025-06-30;1;BRASILAGRO - CIA BRAS DE PROP AGRICOLAS;020036;DF Individual - Demonstração das Mutações do Patrimônio Líquido;REAL;MIL;PENÚLTIMO;2023-07-01;2024-06-30;Lucros ou Prejuízos Acumulados;5.04.04;Ações em Tesouraria Adquiridas;0.0000000000;S
07.628.528/0001-59;2025-06-30;1;BRASILAGRO - CIA BRAS DE PROP AGRICOLAS;020036;DF Individual - Demonstração das Mutações do Patrimônio Líquido;REAL;MIL;ÚLTIMO;2024-07-01;2025-06-30;Lucros ou Prejuízos Acumulados;5.04.04;Ações em Tesouraria Adquiridas;0.0000000000;S
07.628.528/0001-59;2025-06-30;1;BRASILAGRO - CIA BRAS DE PROP AGRICOLAS;020036;DF Individual - Demonstração das Mutações do Patrimônio Líquido;REAL;MIL;PENÚLTIMO;2023-07-01;2024-06-30;Outros Resultados Abrangentes;5.04.04;Ações em Tesouraria Adquiridas;0.0000000000;S
07.628.528/0001-59;2025-06-30;1;BRASILAGRO - CIA BRAS DE PROP AGRICOLAS;020036;DF Individual - Demonstração das Mutações do Patrimônio Líquido;REAL;MIL;ÚLTIMO;2024-07-01;2025-06-30;Outros Resultados Abrangentes;5.04.04;Ações em Tesouraria Adquiridas;0.0000000000;S
07.628.528/0001-59;2025-06-30;1;BRASILAGRO - CIA BRAS DE PROP AGRICOLAS;020036;DF Individual - Demonstração das Mutações do Patrimônio Líquido;REAL;MIL;PENÚLTIMO;2023-07-01;2024-06-30;Patrimônio Líquido;5.04.04;Ações em Tesouraria Adquiridas;0.0000000000;S
07.628.528/0001-59;2025-06-30;1;BRASILAGRO - CIA BRAS DE PROP AGRICOLAS;020036;DF Individual - Demonstração das Mutações do Patrimônio Líquido;REAL;MIL;ÚLTIMO;2024-07-01;2025-06-30;Patrimônio Líquido;5.04.04;Ações em Tesouraria Adquiridas;0.0000000000;S
07.628.528/0001-59;2025-06-30;1;BRASILAGRO - CIA BRAS DE PROP AGRICOLAS;020036;DF Individual - Demonstração das Mutações do Patrimônio Líquido;REAL;MIL;PENÚLTIMO;2023-07-01;2024-06-30;Capital Social Integralizado;5.04.05;Ações em Tesouraria Vendidas;0.0000000000;S
07.628.528/0001-59;2025-06-30;1;BRASILAGRO - CIA BRAS DE PROP AGRICOLAS;020036;DF Individual - Demonstração das Mutações do Patrimônio Líquido;REAL;MIL;ÚLTIMO;2024-07-01;2025-06-30;Capital Social Integralizado;5.04.05;Ações em Tesouraria Vendidas;0.0000000000;S
07.628.528/0001-59;2025-06-30;1;BRASILAGRO - CIA BRAS DE PROP AGRICOLAS;020036;DF Individual - Demonstração das Mutações do Patrimônio Líquido;REAL;MIL;PENÚLTIMO;2023-07-01;2024-06-30;Reservas de Capital, Opções Outorgadas e Ações em Tesouraria;5.04.05;Ações em Tesouraria Vendidas;0.0000000000;S
07.628.528/0001-59;2025-06-30;1;BRASILAGRO - CIA BRAS DE PROP AGRICOLAS;020036;DF Individual - Demonstração das Mutações do Patrimônio Líquido;REAL;MIL;ÚLTIMO;2024-07-01;2025-06-30;Reservas de Capital, Opções Outorgadas e Ações em Tesouraria;5.04.05;Ações em Tesouraria Vendidas;0.0000000000;S
07.628.528/0001-59;2025-06-30;1;BRASILAGRO - CIA BRAS DE PROP AGRICOLAS;020036;DF Individual - Demonstração das Mutações do Patrimônio Líquido;REAL;MIL;PENÚLTIMO;2023-07-01;2024-06-30;Reservas de Lucro;5.04.05;Ações em Tesouraria Vendidas;0.0000000000;S
07.628.528/0001-59;2025-06-30;1;BRASILAGRO - CIA BRAS DE PROP AGRICOLAS;020036;DF Individual - Demonstração das Mutações do Patrimônio Líquido;REAL;MIL;ÚLTIMO;2024-07-01;2025-06-30;Reservas de Lucro;5.04.05;Ações em Tesouraria Vendidas;0.0000000000;S
07.628.528/0001-59;2025-06-30;1;BRASILAGRO - CIA BRAS DE PROP AGRICOLAS;020036;DF Individual - Demonstração das Mutações do Patrimônio Líquido;REAL;MIL;PENÚLTIMO;2023-07-01;2024-06-30;Lucros ou Prejuízos Acumulados;5.04.05;Ações em Tesouraria Vendidas;0.0000000000;S
07.628.528/0001-59;2025-06-30;1;BRASILAGRO - CIA BRAS DE PROP AGRICOLAS;020036;DF Individual - Demonstração das Mutações do Patrimônio Líquido;REAL;MIL;ÚLTIMO;2024-07-01;2025-06-30;Lucros ou Prejuízos Acumulados;5.04.05;Ações em Tesouraria Vendidas;0.0000000000;S
07.628.528/0001-59;2025-06-30;1;BRASILAGRO - CIA BRAS DE PROP AGRICOLAS;020036;DF Individual - Demonstração das Mutações do Patrimônio Líquido;REAL;MIL;PENÚLTIMO;2023-07-01;2024-06-30;Outros Resultados Abrangentes;5.04.05;Ações em Tesouraria Vendidas;0.0000000000;S
07.628.528/0001-59;2025-06-30;1;BRASILAGRO - CIA BRAS DE PROP AGRICOLAS;020036;DF Individual - Demonstração das Mutações do Patrimônio Líquido;REAL;MIL;ÚLTIMO;2024-07-01;2025-06-30;Outros Resultados Abrangentes;5.04.05;Ações em Tesouraria Vendidas;0.0000000000;S
07.628.528/0001-59;2025-06-30;1;BRASILAGRO - CIA BRAS DE PROP AGRICOLAS;020036;DF Individual - Demonstração das Mutações do Patrimônio Líquido;REAL;MIL;PENÚLTIMO;2023-07-01;2024-06-30;Patrimônio Líquido;5.04.05;Ações em Tesouraria Vendidas;0.0000000000;S
07.628.528/0001-59;2025-06-30;1;BRASILAGRO - CIA BRAS DE PROP AGRICOLAS;020036;DF Individual - Demonstração das Mutações do Patrimônio Líquido;REAL;MIL;ÚLTIMO;2024-07-01;2025-06-30;Patrimônio Líquido;5.04.05;Ações em Tesouraria Vendidas;0.0000000000;S
07.628.528/0001-59;2025-06-30;1;BRASILAGRO - CIA BRAS DE PROP AGRICOLAS;020036;DF Individual - Demonstração das Mutações do Patrimônio Líquido;REAL;MIL;PENÚLTIMO;2023-07-01;2024-06-30;Capital Social Integralizado;5.04.06;Dividendos;0.0000000000;S
07.628.528/0001-59;2025-06-30;1;BRASILAGRO - CIA BRAS DE PROP AGRICOLAS;020036;DF Individual - Demonstração das Mutações do Patrimônio Líquido;REAL;MIL;ÚLTIMO;2024-07-01;2025-06-30;Capital Social Integralizado;5.04.06;Dividendos;0.0000000000;S
07.628.528/0001-59;2025-06-30;1;BRASILAGRO - CIA BRAS DE PROP AGRICOLAS;020036;DF Individual - Demonstração das Mutações do Patrimônio Líquido;REAL;MIL;PENÚLTIMO;2023-07-01;2024-06-30;Reservas de Capital, Opções Outorgadas e Ações em Tesouraria;5.04.06;Dividendos;0.0000000000;S
07.628.528/0001-59;2025-06-30;1;BRASILAGRO - CIA BRAS DE PROP AGRICOLAS;020036;DF Individual - Demonstração das Mutações do Patrimônio Líquido;REAL;MIL;ÚLTIMO;2024-07-01;2025-06-30;Reservas de Capital, Opções Outorgadas e Ações em Tesouraria;5.04.06;Dividendos;0.0000000000;S
07.628.528/0001-59;2025-06-30;1;BRASILAGRO - CIA BRAS DE PROP AGRICOLAS;020036;DF Individual - Demonstração das Mutações do Patrimônio Líquido;REAL;MIL;PENÚLTIMO;2023-07-01;2024-06-30;Reservas de Lucro;5.04.06;Dividendos;0.0000000000;S
07.628.528/0001-59;2025-06-30;1;BRASILAGRO - CIA BRAS DE PROP AGRICOLAS;020036;DF Individual - Demonstração das Mutações do Patrimônio Líquido;REAL;MIL;ÚLTIMO;2024-07-01;2025-06-30;Reservas de Lucro;5.04.06;Dividendos;0.0000000000;S
07.628.528/0001-59;2025-06-30;1;BRASILAGRO - CIA BRAS DE PROP AGRICOLAS;020036;DF Individual - Demonstração das Mutações do Patrimônio Líquido;REAL;MIL;PENÚLTIMO;2023-07-01;2024-06-30;Lucros ou Prejuízos Acumulados;5.04.06;Dividendos;0.0000000000;S
07.628.528/0001-59;2025-06-30;1;BRASILAGRO - CIA BRAS DE PROP AGRICOLAS;020036;DF Individual - Demonstração das Mutações do Patrimônio Líquido;REAL;MIL;ÚLTIMO;2024-07-01;2025-06-30;Lucros ou Prejuízos Acumulados;5.04.06;Dividendos;-101119.0000000000;S
07.628.528/0001-59;2025-06-30;1;BRASILAGRO - CIA BRAS DE PROP AGRICOLAS;020036;DF Individual - Demonstração das Mutações do Patrimônio Líquido;REAL;MIL;PENÚLTIMO;2023-07-01;2024-06-30;Outros Resultados Abrangentes;5.04.06;Dividendos;0.0000000000;S
07.628.528/0001-59;2025-06-30;1;BRASILAGRO - CIA BRAS DE PROP AGRICOLAS;020036;DF Individual - Demonstração das Mutações do Patrimônio Líquido;REAL;MIL;ÚLTIMO;2024-07-01;2025-06-30;Outros Resultados Abrangentes;5.04.06;Dividendos;0.0000000000;S
07.628.528/0001-59;2025-06-30;1;BRASILAGRO - CIA BRAS DE PROP AGRICOLAS;020036;DF Individual - Demonstração das Mutações do Patrimônio Líquido;REAL;MIL;PENÚLTIMO;2023-07-01;2024-06-30;Patrimônio Líquido;5.04.06;Dividendos;0.0000000000;S
07.628.528/0001-59;2025-06-30;1;BRASILAGRO - CIA BRAS DE PROP AGRICOLAS;020036;DF Individual - Demonstração das Mutações do Patrimônio Líquido;REAL;MIL;ÚLTIMO;2024-07-01;2025-06-30;Patrimônio Líquido;5.04.06;Dividendos;-101119.0000000000;S
07.628.528/0001-59;2025-06-30;1;BRASILAGRO - CIA BRAS DE PROP AGRICOLAS;020036;DF Individual - Demonstração das Mutações do Patrimônio Líquido;REAL;MIL;PENÚLTIMO;2023-07-01;2024-06-30;Capital Social Integralizado;5.04.07;Juros sobre Capital Próprio;0.0000000000;S
07.628.528/0001-59;2025-06-30;1;BRASILAGRO - CIA BRAS DE PROP AGRICOLAS;020036;DF Individual - Demonstração das Mutações do Patrimônio Líquido;REAL;MIL;ÚLTIMO;2024-07-01;2025-06-30;Capital Social Integralizado;5.04.07;Juros sobre Capital Próprio;0.0000000000;S
07.628.528/0001-59;2025-06-30;1;BRASILAGRO - CIA BRAS DE PROP AGRICOLAS;020036;DF Individual - Demonstração das Mutações do Patrimônio Líquido;REAL;MIL;PENÚLTIMO;2023-07-01;2024-06-30;Reservas de Capital, Opções Outorgadas e Ações em Tesouraria;5.04.07;Juros sobre Capital Próprio;0.0000000000;S
07.628.528/0001-59;2025-06-30;1;BRASILAGRO - CIA BRAS DE PROP AGRICOLAS;020036;DF Individual - Demonstração das Mutações do Patrimônio Líquido;REAL;MIL;ÚLTIMO;2024-07-01;2025-06-30;Reservas de Capital, Opções Outorgadas e Ações em Tesouraria;5.04.07;Juros sobre Capital Próprio;0.0000000000;S
07.628.528/0001-59;2025-06-30;1;BRASILAGRO - CIA BRAS DE PROP AGRICOLAS;020036;DF Individual - Demonstração das Mutações do Patrimônio Líquido;REAL;MIL;PENÚLTIMO;2023-07-01;2024-06-30;Reservas de Lucro;5.04.07;Juros sobre Capital Próprio;0.0000000000;S
07.628.528/0001-59;2025-06-30;1;BRASILAGRO - CIA BRAS DE PROP AGRICOLAS;020036;DF Individual - Demonstração das Mutações do Patrimônio Líquido;REAL;MIL;ÚLTIMO;2024-07-01;2025-06-30;Reservas de Lucro;5.04.07;Juros sobre Capital Próprio;0.0000000000;S
07.628.528/0001-59;2025-06-30;1;BRASILAGRO - CIA BRAS DE PROP AGRICOLAS;020036;DF Individual - Demonstração das Mutações do Patrimônio Líquido;REAL;MIL;PENÚLTIMO;2023-07-01;2024-06-30;Lucros ou Prejuízos Acumulados;5.04.07;Juros sobre Capital Próprio;0.0000000000;S
07.628.528/0001-59;2025-06-30;1;BRASILAGRO - CIA BRAS DE PROP AGRICOLAS;020036;DF Individual - Demonstração das Mutações do Patrimônio Líquido;REAL;MIL;ÚLTIMO;2024-07-01;2025-06-30;Lucros ou Prejuízos Acumulados;5.04.07;Juros sobre Capital Próprio;0.0000000000;S
07.628.528/0001-59;2025-06-30;1;BRASILAGRO - CIA BRAS DE PROP AGRICOLAS;020036;DF Individual - Demonstração das Mutações do Patrimônio Líquido;REAL;MIL;PENÚLTIMO;2023-07-01;2024-06-30;Outros Resultados Abrangentes;5.04.07;Juros sobre Capital Próprio;0.0000000000;S
07.628.528/0001-59;2025-06-30;1;BRASILAGRO - CIA BRAS DE PROP AGRICOLAS;020036;DF Individual - Demonstração das Mutações do Patrimônio Líquido;REAL;MIL;ÚLTIMO;2024-07-01;2025-06-30;Outros Resultados Abrangentes;5.04.07;Juros sobre Capital Próprio;0.0000000000;S
07.628.528/0001-59;2025-06-30;1;BRASILAGRO - CIA BRAS DE PROP AGRICOLAS;020036;DF Individual - Demonstração das Mutações do Patrimônio Líquido;REAL;MIL;PENÚLTIMO;2023-07-01;2024-06-30;Patrimônio Líquido;5.04.07;Juros sobre Capital Próprio;0.0000000000;S
07.628.528/0001-59;2025-06-30;1;BRASILAGRO - CIA BRAS DE PROP AGRICOLAS;020036;DF Individual - Demonstração das Mutações do Patrimônio Líquido;REAL;MIL;ÚLTIMO;2024-07-01;2025-06-30;Patrimônio Líquido;5.04.07;Juros sobre Capital Próprio;0.0000000000;S
07.628.528/0001-59;2025-06-30;1;BRASILAGRO - CIA BRAS DE PROP AGRICOLAS;020036;DF Individual - Demonstração das Mutações do Patrimônio Líquido;REAL;MIL;PENÚLTIMO;2023-07-01;2024-06-30;Capital Social Integralizado;5.04.08;Plano de remuneração em ações;0.0000000000;N
07.628.528/0001-59;2025-06-30;1;BRASILAGRO - CIA BRAS DE PROP AGRICOLAS;020036;DF Individual - Demonstração das Mutações do Patrimônio Líquido;REAL;MIL;ÚLTIMO;2024-07-01;2025-06-30;Capital Social Integralizado;5.04.08;Plano de Remuneração em Ações;0.0000000000;N
07.628.528/0001-59;2025-06-30;1;BRASILAGRO - CIA BRAS DE PROP AGRICOLAS;020036;DF Individual - Demonstração das Mutações do Patrimônio Líquido;REAL;MIL;PENÚLTIMO;2023-07-01;2024-06-30;Reservas de Capital, Opções Outorgadas e Ações em Tesouraria;5.04.08;Plano de remuneração em ações;1800.0000000000;N
07.628.528/0001-59;2025-06-30;1;BRASILAGRO - CIA BRAS DE PROP AGRICOLAS;020036;DF Individual - Demonstração das Mutações do Patrimônio Líquido;REAL;MIL;ÚLTIMO;2024-07-01;2025-06-30;Reservas de Capital, Opções Outorgadas e Ações em Tesouraria;5.04.08;Plano de Remuneração em Ações;1392.0000000000;N
07.628.528/0001-59;2025-06-30;1;BRASILAGRO - CIA BRAS DE PROP AGRICOLAS;020036;DF Individual - Demonstração das Mutações do Patrimônio Líquido;REAL;MIL;PENÚLTIMO;2023-07-01;2024-06-30;Reservas de Lucro;5.04.08;Plano de remuneração em ações;0.0000000000;N
07.628.528/0001-59;2025-06-30;1;BRASILAGRO - CIA BRAS DE PROP AGRICOLAS;020036;DF Individual - Demonstração das Mutações do Patrimônio Líquido;REAL;MIL;ÚLTIMO;2024-07-01;2025-06-30;Reservas de Lucro;5.04.08;Plano de Remuneração em Ações;0.0000000000;N
07.628.528/0001-59;2025-06-30;1;BRASILAGRO - CIA BRAS DE PROP AGRICOLAS;020036;DF Individual - Demonstração das Mutações do Patrimônio Líquido;REAL;MIL;PENÚLTIMO;2023-07-01;2024-06-30;Lucros ou Prejuízos Acumulados;5.04.08;Plano de remuneração em ações;0.0000000000;N
07.628.528/0001-59;2025-06-30;1;BRASILAGRO - CIA BRAS DE PROP AGRICOLAS;020036;DF Individual - Demonstração das Mutações do Patrimônio Líquido;REAL;MIL;ÚLTIMO;2024-07-01;2025-06-30;Lucros ou Prejuízos Acumulados;5.04.08;Plano de Remuneração em Ações;0.0000000000;N
07.628.528/0001-59;2025-06-30;1;BRASILAGRO - CIA BRAS DE PROP AGRICOLAS;020036;DF Individual - Demonstração das Mutações do Patrimônio Líquido;REAL;MIL;PENÚLTIMO;2023-07-01;2024-06-30;Outros Resultados Abrangentes;5.04.08;Plano de remuneração em ações;0.0000000000;N
07.628.528/0001-59;2025-06-30;1;BRASILAGRO - CIA BRAS DE PROP AGRICOLAS;020036;DF Individual - Demonstração das Mutações do Patrimônio Líquido;REAL;MIL;ÚLTIMO;2024-07-01;2025-06-30;Outros Resultados Abrangentes;5.04.08;Plano de Remuneração em Ações;0.0000000000;N
07.628.528/0001-59;2025-06-30;1;BRASILAGRO - CIA BRAS DE PROP AGRICOLAS;020036;DF Individual - Demonstração das Mutações do Patrimônio Líquido;REAL;MIL;PENÚLTIMO;2023-07-01;2024-06-30;Patrimônio Líquido;5.04.08;Plano de remuneração em ações;1800.0000000000;N
07.628.528/0001-59;2025-06-30;1;BRASILAGRO - CIA BRAS DE PROP AGRICOLAS;020036;DF Individual - Demonstração das Mutações do Patrimônio Líquido;REAL;MIL;ÚLTIMO;2024-07-01;2025-06-30;Patrimônio Líquido;5.04.08;Plano de Remuneração em Ações;1392.0000000000;N
07.628.528/0001-59;2025-06-30;1;BRASILAGRO - CIA BRAS DE PROP AGRICOLAS;020036;DF Individual - Demonstração das Mutações do Patrimônio Líquido;REAL;MIL;PENÚLTIMO;2023-07-01;2024-06-30;Capital Social Integralizado;5.04.09;Pagamento plano  de remuneração em ações;0.0000000000;N
07.628.528/0001-59;2025-06-30;1;BRASILAGRO - CIA BRAS DE PROP AGRICOLAS;020036;DF Individual - Demonstração das Mutações do Patrimônio Líquido;REAL;MIL;PENÚLTIMO;2023-07-01;2024-06-30;Reservas de Capital, Opções Outorgadas e Ações em Tesouraria;5.04.09;Pagamento plano  de remuneração em ações;-1178.0000000000;N
07.628.528/0001-59;2025-06-30;1;BRASILAGRO - CIA BRAS DE PROP AGRICOLAS;020036;DF Individual - Demonstração das Mutações do Patrimônio Líquido;REAL;MIL;PENÚLTIMO;2023-07-01;2024-06-30;Reservas de Lucro;5.04.09;Pagamento plano  de remuneração em ações;0.0000000000;N
07.628.528/0001-59;2025-06-30;1;BRASILAGRO - CIA BRAS DE PROP AGRICOLAS;020036;DF Individual - Demonstração das Mutações do Patrimônio Líquido;REAL;MIL;PENÚLTIMO;2023-07-01;2024-06-30;Lucros ou Prejuízos Acumulados;5.04.09;Pagamento plano  de remuneração em ações;0.0000000000;N
07.628.528/0001-59;2025-06-30;1;BRASILAGRO - CIA BRAS DE PROP AGRICOLAS;020036;DF Individual - Demonstração das Mutações do Patrimônio Líquido;REAL;MIL;PENÚLTIMO;2023-07-01;2024-06-30;Outros Resultados Abrangentes;5.04.09;Pagamento plano  de remuneração em ações;0.0000000000;N
07.628.528/0001-59;2025-06-30;1;BRASILAGRO - CIA BRAS DE PROP AGRICOLAS;020036;DF Individual - Demonstração das Mutações do Patrimônio Líquido;REAL;MIL;PENÚLTIMO;2023-07-01;2024-06-30;Patrimônio Líquido;5.04.09;Pagamento plano  de remuneração em ações;-1178.0000000000;N
07.628.528/0001-59;2025-06-30;1;BRASILAGRO - CIA BRAS DE PROP AGRICOLAS;020036;DF Individual - Demonstração das Mutações do Patrimônio Líquido;REAL;MIL;PENÚLTIMO;2023-07-01;2024-06-30;Capital Social Integralizado;5.04.10;Pagamento de dividendos adicionais;0.0000000000;N
07.628.528/0001-59;2025-06-30;1;BRASILAGRO - CIA BRAS DE PROP AGRICOLAS;020036;DF Individual - Demonstração das Mutações do Patrimônio Líquido;REAL;MIL;ÚLTIMO;2024-07-01;2025-06-30;Capital Social Integralizado;5.04.10;Pagamento de Dividendos Intermediários;0.0000000000;N
07.628.528/0001-59;2025-06-30;1;BRASILAGRO - CIA BRAS DE PROP AGRICOLAS;020036;DF Individual - Demonstração das Mutações do Patrimônio Líquido;REAL;MIL;PENÚLTIMO;2023-07-01;2024-06-30;Reservas de Capital, Opções Outorgadas e Ações em Tesouraria;5.04.10;Pagamento de dividendos adicionais;0.0000000000;N
07.628.528/0001-59;2025-06-30;1;BRASILAGRO - CIA BRAS DE PROP AGRICOLAS;020036;DF Individual - Demonstração das Mutações do Patrimônio Líquido;REAL;MIL;ÚLTIMO;2024-07-01;2025-06-30;Reservas de Capital, Opções Outorgadas e Ações em Tesouraria;5.04.10;Pagamento de Dividendos Intermediários;0.0000000000;N
07.628.528/0001-59;2025-06-30;1;BRASILAGRO - CIA BRAS DE PROP AGRICOLAS;020036;DF Individual - Demonstração das Mutações do Patrimônio Líquido;REAL;MIL;PENÚLTIMO;2023-07-01;2024-06-30;Reservas de Lucro;5.04.10;Pagamento de dividendos adicionais;0.0000000000;N
07.628.528/0001-59;2025-06-30;1;BRASILAGRO - CIA BRAS DE PROP AGRICOLAS;020036;DF Individual - Demonstração das Mutações do Patrimônio Líquido;REAL;MIL;ÚLTIMO;2024-07-01;2025-06-30;Reservas de Lucro;5.04.10;Pagamento de Dividendos Intermediários;0.0000000000;N
07.628.528/0001-59;2025-06-30;1;BRASILAGRO - CIA BRAS DE PROP AGRICOLAS;020036;DF Individual - Demonstração das Mutações do Patrimônio Líquido;REAL;MIL;PENÚLTIMO;2023-07-01;2024-06-30;Lucros ou Prejuízos Acumulados;5.04.10;Pagamento de dividendos adicionais;-256223.0000000000;N
07.628.528/0001-59;2025-06-30;1;BRASILAGRO - CIA BRAS DE PROP AGRICOLAS;020036;DF Individual - Demonstração das Mutações do Patrimônio Líquido;REAL;MIL;ÚLTIMO;2024-07-01;2025-06-30;Lucros ou Prejuízos Acumulados;5.04.10;Pagamento de Dividendos Intermediários;0.0000000000;N
07.628.528/0001-59;2025-06-30;1;BRASILAGRO - CIA BRAS DE PROP AGRICOLAS;020036;DF Individual - Demonstração das Mutações do Patrimônio Líquido;REAL;MIL;PENÚLTIMO;2023-07-01;2024-06-30;Outros Resultados Abrangentes;5.04.10;Pagamento de dividendos adicionais;0.0000000000;N
07.628.528/0001-59;2025-06-30;1;BRASILAGRO - CIA BRAS DE PROP AGRICOLAS;020036;DF Individual - Demonstração das Mutações do Patrimônio Líquido;REAL;MIL;ÚLTIMO;2024-07-01;2025-06-30;Outros Resultados Abrangentes;5.04.10;Pagamento de Dividendos Intermediários;0.0000000000;N
07.628.528/0001-59;2025-06-30;1;BRASILAGRO - CIA BRAS DE PROP AGRICOLAS;020036;DF Individual - Demonstração das Mutações do Patrimônio Líquido;REAL;MIL;PENÚLTIMO;2023-07-01;2024-06-30;Patrimônio Líquido;5.04.10;Pagamento de dividendos adicionais;-256223.0000000000;N
07.628.528/0001-59;2025-06-30;1;BRASILAGRO - CIA BRAS DE PROP AGRICOLAS;020036;DF Individual - Demonstração das Mutações do Patrimônio Líquido;REAL;MIL;ÚLTIMO;2024-07-01;2025-06-30;Patrimônio Líquido;5.04.10;Pagamento de Dividendos Intermediários;0.0000000000;N
07.628.528/0001-59;2025-06-30;1;BRASILAGRO - CIA BRAS DE PROP AGRICOLAS;020036;DF Individual - Demonstração das Mutações do Patrimônio Líquido;REAL;MIL;PENÚLTIMO;2023-07-01;2024-06-30;Capital Social Integralizado;5.04.11;Desbloqueio de ações oriundas de combinação de negócios;0.0000000000;N
07.628.528/0001-59;2025-06-30;1;BRASILAGRO - CIA BRAS DE PROP AGRICOLAS;020036;DF Individual - Demonstração das Mutações do Patrimônio Líquido;REAL;MIL;PENÚLTIMO;2023-07-01;2024-06-30;Reservas de Capital, Opções Outorgadas e Ações em Tesouraria;5.04.11;Desbloqueio de ações oriundas de combinação de negócios;14931.0000000000;N
07.628.528/0001-59;2025-06-30;1;BRASILAGRO - CIA BRAS DE PROP AGRICOLAS;020036;DF Individual - Demonstração das Mutações do Patrimônio Líquido;REAL;MIL;PENÚLTIMO;2023-07-01;2024-06-30;Reservas de Lucro;5.04.11;Desbloqueio de ações oriundas de combinação de negócios;0.0000000000;N
07.628.528/0001-59;2025-06-30;1;BRASILAGRO - CIA BRAS DE PROP AGRICOLAS;020036;DF Individual - Demonstração das Mutações do Patrimônio Líquido;REAL;MIL;PENÚLTIMO;2023-07-01;2024-06-30;Lucros ou Prejuízos Acumulados;5.04.11;Desbloqueio de ações oriundas de combinação de negócios;0.0000000000;N
07.628.528/0001-59;2025-06-30;1;BRASILAGRO - CIA BRAS DE PROP AGRICOLAS;020036;DF Individual - Demonstração das Mutações do Patrimônio Líquido;REAL;MIL;PENÚLTIMO;2023-07-01;2024-06-30;Outros Resultados Abrangentes;5.04.11;Desbloqueio de ações oriundas de combinação de negócios;0.0000000000;N
07.628.528/0001-59;2025-06-30;1;BRASILAGRO - CIA BRAS DE PROP AGRICOLAS;020036;DF Individual - Demonstração das Mutações do Patrimônio Líquido;REAL;MIL;PENÚLTIMO;2023-07-01;2024-06-30;Patrimônio Líquido;5.04.11;Desbloqueio de ações oriundas de combinação de negócios;14931.0000000000;N
07.628.528/0001-59;2025-06-30;1;BRASILAGRO - CIA BRAS DE PROP AGRICOLAS;020036;DF Individual - Demonstração das Mutações do Patrimônio Líquido;REAL;MIL;PENÚLTIMO;2023-07-01;2024-06-30;Capital Social Integralizado;5.04.12;Pagamento de encargos sobre plano de remuneração;0.0000000000;N
07.628.528/0001-59;2025-06-30;1;BRASILAGRO - CIA BRAS DE PROP AGRICOLAS;020036;DF Individual - Demonstração das Mutações do Patrimônio Líquido;REAL;MIL;PENÚLTIMO;2023-07-01;2024-06-30;Reservas de Capital, Opções Outorgadas e Ações em Tesouraria;5.04.12;Pagamento de encargos sobre plano de remuneração;-4556.0000000000;N
07.628.528/0001-59;2025-06-30;1;BRASILAGRO - CIA BRAS DE PROP AGRICOLAS;020036;DF Individual - Demonstração das Mutações do Patrimônio Líquido;REAL;MIL;PENÚLTIMO;2023-07-01;2024-06-30;Reservas de Lucro;5.04.12;Pagamento de encargos sobre plano de remuneração;0.0000000000;N
07.628.528/0001-59;2025-06-30;1;BRASILAGRO - CIA BRAS DE PROP AGRICOLAS;020036;DF Individual - Demonstração das Mutações do Patrimônio Líquido;REAL;MIL;PENÚLTIMO;2023-07-01;2024-06-30;Lucros ou Prejuízos Acumulados;5.04.12;Pagamento de encargos sobre plano de remuneração;0.0000000000;N
07.628.528/0001-59;2025-06-30;1;BRASILAGRO - CIA BRAS DE PROP AGRICOLAS;020036;DF Individual - Demonstração das Mutações do Patrimônio Líquido;REAL;MIL;PENÚLTIMO;2023-07-01;2024-06-30;Outros Resultados Abrangentes;5.04.12;Pagamento de encargos sobre plano de remuneração;0.0000000000;N
07.628.528/0001-59;2025-06-30;1;BRASILAGRO - CIA BRAS DE PROP AGRICOLAS;020036;DF Individual - Demonstração das Mutações do Patrimônio Líquido;REAL;MIL;PENÚLTIMO;2023-07-01;2024-06-30;Patrimônio Líquido;5.04.12;Pagamento de encargos sobre plano de remuneração;-4556.0000000000;N
07.628.528/0001-59;2025-06-30;1;BRASILAGRO - CIA BRAS DE PROP AGRICOLAS;020036;DF Individual - Demonstração das Mutações do Patrimônio Líquido;REAL;MIL;PENÚLTIMO;2023-07-01;2024-06-30;Capital Social Integralizado;5.05;Resultado Abrangente Total;0.0000000000;S
07.628.528/0001-59;2025-06-30;1;BRASILAGRO - CIA BRAS DE PROP AGRICOLAS;020036;DF Individual - Demonstração das Mutações do Patrimônio Líquido;REAL;MIL;ÚLTIMO;2024-07-01;2025-06-30;Capital Social Integralizado;5.05;Resultado Abrangente Total;0.0000000000;S
07.628.528/0001-59;2025-06-30;1;BRASILAGRO - CIA BRAS DE PROP AGRICOLAS;020036;DF Individual - Demonstração das Mutações do Patrimônio Líquido;REAL;MIL;PENÚLTIMO;2023-07-01;2024-06-30;Reservas de Capital, Opções Outorgadas e Ações em Tesouraria;5.05;Resultado Abrangente Total;0.0000000000;S
07.628.528/0001-59;2025-06-30;1;BRASILAGRO - CIA BRAS DE PROP AGRICOLAS;020036;DF Individual - Demonstração das Mutações do Patrimônio Líquido;REAL;MIL;ÚLTIMO;2024-07-01;2025-06-30;Reservas de Capital, Opções Outorgadas e Ações em Tesouraria;5.05;Resultado Abrangente Total;0.0000000000;S
07.628.528/0001-59;2025-06-30;1;BRASILAGRO - CIA BRAS DE PROP AGRICOLAS;020036;DF Individual - Demonstração das Mutações do Patrimônio Líquido;REAL;MIL;PENÚLTIMO;2023-07-01;2024-06-30;Reservas de Lucro;5.05;Resultado Abrangente Total;0.0000000000;S
07.628.528/0001-59;2025-06-30;1;BRASILAGRO - CIA BRAS DE PROP AGRICOLAS;020036;DF Individual - Demonstração das Mutações do Patrimônio Líquido;REAL;MIL;ÚLTIMO;2024-07-01;2025-06-30;Reservas de Lucro;5.05;Resultado Abrangente Total;0.0000000000;S
07.628.528/0001-59;2025-06-30;1;BRASILAGRO - CIA BRAS DE PROP AGRICOLAS;020036;DF Individual - Demonstração das Mutações do Patrimônio Líquido;REAL;MIL;PENÚLTIMO;2023-07-01;2024-06-30;Lucros ou Prejuízos Acumulados;5.05;Resultado Abrangente Total;226867.0000000000;S
07.628.528/0001-59;2025-06-30;1;BRASILAGRO - CIA BRAS DE PROP AGRICOLAS;020036;DF Individual - Demonstração das Mutações do Patrimônio Líquido;REAL;MIL;ÚLTIMO;2024-07-01;2025-06-30;Lucros ou Prejuízos Acumulados;5.05;Resultado Abrangente Total;0.0000000000;S
07.628.528/0001-59;2025-06-30;1;BRASILAGRO - CIA BRAS DE PROP AGRICOLAS;020036;DF Individual - Demonstração das Mutações do Patrimônio Líquido;REAL;MIL;PENÚLTIMO;2023-07-01;2024-06-30;Outros Resultados Abrangentes;5.05;Resultado Abrangente Total;54768.0000000000;S
07.628.528/0001-59;2025-06-30;1;BRASILAGRO - CIA BRAS DE PROP AGRICOLAS;020036;DF Individual - Demonstração das Mutações do Patrimônio Líquido;REAL;MIL;ÚLTIMO;2024-07-01;2025-06-30;Outros Resultados Abrangentes;5.05;Resultado Abrangente Total;-7463.0000000000;S
07.628.528/0001-59;2025-06-30;1;BRASILAGRO - CIA BRAS DE PROP AGRICOLAS;020036;DF Individual - Demonstração das Mutações do Patrimônio Líquido;REAL;MIL;PENÚLTIMO;2023-07-01;2024-06-30;Patrimônio Líquido;5.05;Resultado Abrangente Total;281635.0000000000;S
07.628.528/0001-59;2025-06-30;1;BRASILAGRO - CIA BRAS DE PROP AGRICOLAS;020036;DF Individual - Demonstração das Mutações do Patrimônio Líquido;REAL;MIL;ÚLTIMO;2024-07-01;2025-06-30;Patrimônio Líquido;5.05;Resultado Abrangente Total;97776.0000000000;S
07.628.528/0001-59;2025-06-30;1;BRASILAGRO - CIA BRAS DE PROP AGRICOLAS;020036;DF Individual - Demonstração das Mutações do Patrimônio Líquido;REAL;MIL;PENÚLTIMO;2023-07-01;2024-06-30;Capital Social Integralizado;5.05.01;Lucro Líquido do Período;0.0000000000;S
07.628.528/0001-59;2025-06-30;1;BRASILAGRO - CIA BRAS DE PROP AGRICOLAS;020036;DF Individual - Demonstração das Mutações do Patrimônio Líquido;REAL;MIL;ÚLTIMO;2024-07-01;2025-06-30;Capital Social Integralizado;5.05.01;Lucro Líquido do Período;0.0000000000;S
07.628.528/0001-59;2025-06-30;1;BRASILAGRO - CIA BRAS DE PROP AGRICOLAS;020036;DF Individual - Demonstração das Mutações do Patrimônio Líquido;REAL;MIL;PENÚLTIMO;2023-07-01;2024-06-30;Reservas de Capital, Opções Outorgadas e Ações em Tesouraria;5.05.01;Lucro Líquido do Período;0.0000000000;S
07.628.528/0001-59;2025-06-30;1;BRASILAGRO - CIA BRAS DE PROP AGRICOLAS;020036;DF Individual - Demonstração das Mutações do Patrimônio Líquido;REAL;MIL;ÚLTIMO;2024-07-01;2025-06-30;Reservas de Capital, Opções Outorgadas e Ações em Tesouraria;5.05.01;Lucro Líquido do Período;0.0000000000;S
07.628.528/0001-59;2025-06-30;1;BRASILAGRO - CIA BRAS DE PROP AGRICOLAS;020036;DF Individual - Demonstração das Mutações do Patrimônio Líquido;REAL;MIL;PENÚLTIMO;2023-07-01;2024-06-30;Reservas de Lucro;5.05.01;Lucro Líquido do Período;0.0000000000;S
07.628.528/0001-59;2025-06-30;1;BRASILAGRO - CIA BRAS DE PROP AGRICOLAS;020036;DF Individual - Demonstração das Mutações do Patrimônio Líquido;REAL;MIL;ÚLTIMO;2024-07-01;2025-06-30;Reservas de Lucro;5.05.01;Lucro Líquido do Período;0.0000000000;S
07.628.528/0001-59;2025-06-30;1;BRASILAGRO - CIA BRAS DE PROP AGRICOLAS;020036;DF Individual - Demonstração das Mutações do Patrimônio Líquido;REAL;MIL;PENÚLTIMO;2023-07-01;2024-06-30;Lucros ou Prejuízos Acumulados;5.05.01;Lucro Líquido do Período;226867.0000000000;S
07.628.528/0001-59;2025-06-30;1;BRASILAGRO - CIA BRAS DE PROP AGRICOLAS;020036;DF Individual - Demonstração das Mutações do Patrimônio Líquido;REAL;MIL;ÚLTIMO;2024-07-01;2025-06-30;Lucros ou Prejuízos Acumulados;5.05.01;Lucro Líquido do Período;0.0000000000;S
07.628.528/0001-59;2025-06-30;1;BRASILAGRO - CIA BRAS DE PROP AGRICOLAS;020036;DF Individual - Demonstração das Mutações do Patrimônio Líquido;REAL;MIL;PENÚLTIMO;2023-07-01;2024-06-30;Outros Resultados Abrangentes;5.05.01;Lucro Líquido do Período;0.0000000000;S
07.628.528/0001-59;2025-06-30;1;BRASILAGRO - CIA BRAS DE PROP AGRICOLAS;020036;DF Individual - Demonstração das Mutações do Patrimônio Líquido;REAL;MIL;ÚLTIMO;2024-07-01;2025-06-30;Outros Resultados Abrangentes;5.05.01;Lucro Líquido do Período;0.0000000000;S
07.628.528/0001-59;2025-06-30;1;BRASILAGRO - CIA BRAS DE PROP AGRICOLAS;020036;DF Individual - Demonstração das Mutações do Patrimônio Líquido;REAL;MIL;PENÚLTIMO;2023-07-01;2024-06-30;Patrimônio Líquido;5.05.01;Lucro Líquido do Período;226867.0000000000;S
07.628.528/0001-59;2025-06-30;1;BRASILAGRO - CIA BRAS DE PROP AGRICOLAS;020036;DF Individual - Demonstração das Mutações do Patrimônio Líquido;REAL;MIL;ÚLTIMO;2024-07-01;2025-06-30;Patrimônio Líquido;5.05.01;Lucro Líquido do Período;138019.0000000000;S
07.628.528/0001-59;2025-06-30;1;BRASILAGRO - CIA BRAS DE PROP AGRICOLAS;020036;DF Individual - Demonstração das Mutações do Patrimônio Líquido;REAL;MIL;PENÚLTIMO;2023-07-01;2024-06-30;Capital Social Integralizado;5.05.02;Outros Resultados Abrangentes;0.0000000000;S
07.628.528/0001-59;2025-06-30;1;BRASILAGRO - CIA BRAS DE PROP AGRICOLAS;020036;DF Individual - Demonstração das Mutações do Patrimônio Líquido;REAL;MIL;ÚLTIMO;2024-07-01;2025-06-30;Capital Social Integralizado;5.05.02;Outros Resultados Abrangentes;0.0000000000;S
07.628.528/0001-59;2025-06-30;1;BRASILAGRO - CIA BRAS DE PROP AGRICOLAS;020036;DF Individual - Demonstração das Mutações do Patrimônio Líquido;REAL;MIL;PENÚLTIMO;2023-07-01;2024-06-30;Reservas de Capital, Opções Outorgadas e Ações em Tesouraria;5.05.02;Outros Resultados Abrangentes;0.0000000000;S
07.628.528/0001-59;2025-06-30;1;BRASILAGRO - CIA BRAS DE PROP AGRICOLAS;020036;DF Individual - Demonstração das Mutações do Patrimônio Líquido;REAL;MIL;ÚLTIMO;2024-07-01;2025-06-30;Reservas de Capital, Opções Outorgadas e Ações em Tesouraria;5.05.02;Outros Resultados Abrangentes;0.0000000000;S
07.628.528/0001-59;2025-06-30;1;BRASILAGRO - CIA BRAS DE PROP AGRICOLAS;020036;DF Individual - Demonstração das Mutações do Patrimônio Líquido;REAL;MIL;PENÚLTIMO;2023-07-01;2024-06-30;Reservas de Lucro;5.05.02;Outros Resultados Abrangentes;0.0000000000;S
07.628.528/0001-59;2025-06-30;1;BRASILAGRO - CIA BRAS DE PROP AGRICOLAS;020036;DF Individual - Demonstração das Mutações do Patrimônio Líquido;REAL;MIL;ÚLTIMO;2024-07-01;2025-06-30;Reservas de Lucro;5.05.02;Outros Resultados Abrangentes;0.0000000000;S
07.628.528/0001-59;2025-06-30;1;BRASILAGRO - CIA BRAS DE PROP AGRICOLAS;020036;DF Individual - Demonstração das Mutações do Patrimônio Líquido;REAL;MIL;PENÚLTIMO;2023-07-01;2024-06-30;Lucros ou Prejuízos Acumulados;5.05.02;Outros Resultados Abrangentes;0.0000000000;S
07.628.528/0001-59;2025-06-30;1;BRASILAGRO - CIA BRAS DE PROP AGRICOLAS;020036;DF Individual - Demonstração das Mutações do Patrimônio Líquido;REAL;MIL;ÚLTIMO;2024-07-01;2025-06-30;Lucros ou Prejuízos Acumulados;5.05.02;Outros Resultados Abrangentes;0.0000000000;S
07.628.528/0001-59;2025-06-30;1;BRASILAGRO - CIA BRAS DE PROP AGRICOLAS;020036;DF Individual - Demonstração das Mutações do Patrimônio Líquido;REAL;MIL;PENÚLTIMO;2023-07-01;2024-06-30;Outros Resultados Abrangentes;5.05.02;Outros Resultados Abrangentes;54768.0000000000;S
07.628.528/0001-59;2025-06-30;1;BRASILAGRO - CIA BRAS DE PROP AGRICOLAS;020036;DF Individual - Demonstração das Mutações do Patrimônio Líquido;REAL;MIL;ÚLTIMO;2024-07-01;2025-06-30;Outros Resultados Abrangentes;5.05.02;Outros Resultados Abrangentes;-7463.0000000000;S
07.628.528/0001-59;2025-06-30;1;BRASILAGRO - CIA BRAS DE PROP AGRICOLAS;020036;DF Individual - Demonstração das Mutações do Patrimônio Líquido;REAL;MIL;PENÚLTIMO;2023-07-01;2024-06-30;Patrimônio Líquido;5.05.02;Outros Resultados Abrangentes;54768.0000000000;S
07.628.528/0001-59;2025-06-30;1;BRASILAGRO - CIA BRAS DE PROP AGRICOLAS;020036;DF Individual - Demonstração das Mutações do Patrimônio Líquido;REAL;MIL;ÚLTIMO;2024-07-01;2025-06-30;Patrimônio Líquido;5.05.02;Outros Resultados Abrangentes;-7463.0000000000;S
07.628.528/0001-59;2025-06-30;1;BRASILAGRO - CIA BRAS DE PROP AGRICOLAS;020036;DF Individual - Demonstração das Mutações do Patrimônio Líquido;REAL;MIL;PENÚLTIMO;2023-07-01;2024-06-30;Capital Social Integralizado;5.05.02.01;Ajustes de Instrumentos Financeiros;0.0000000000;S
07.628.528/0001-59;2025-06-30;1;BRASILAGRO - CIA BRAS DE PROP AGRICOLAS;020036;DF Individual - Demonstração das Mutações do Patrimônio Líquido;REAL;MIL;ÚLTIMO;2024-07-01;2025-06-30;Capital Social Integralizado;5.05.02.01;Ajustes de Instrumentos Financeiros;0.0000000000;S
07.628.528/0001-59;2025-06-30;1;BRASILAGRO - CIA BRAS DE PROP AGRICOLAS;020036;DF Individual - Demonstração das Mutações do Patrimônio Líquido;REAL;MIL;PENÚLTIMO;2023-07-01;2024-06-30;Reservas de Capital, Opções Outorgadas e Ações em Tesouraria;5.05.02.01;Ajustes de Instrumentos Financeiros;0.0000000000;S
07.628.528/0001-59;2025-06-30;1;BRASILAGRO - CIA BRAS DE PROP AGRICOLAS;020036;DF Individual - Demonstração das Mutações do Patrimônio Líquido;REAL;MIL;ÚLTIMO;2024-07-01;2025-06-30;Reservas de Capital, Opções Outorgadas e Ações em Tesouraria;5.05.02.01;Ajustes de Instrumentos Financeiros;0.0000000000;S
07.628.528/0001-59;2025-06-30;1;BRASILAGRO - CIA BRAS DE PROP AGRICOLAS;020036;DF Individual - Demonstração das Mutações do Patrimônio Líquido;REAL;MIL;PENÚLTIMO;2023-07-01;2024-06-30;Reservas de Lucro;5.05.02.01;Ajustes de Instrumentos Financeiros;0.0000000000;S
07.628.528/0001-59;2025-06-30;1;BRASILAGRO - CIA BRAS DE PROP AGRICOLAS;020036;DF Individual - Demonstração das Mutações do Patrimônio Líquido;REAL;MIL;ÚLTIMO;2024-07-01;2025-06-30;Reservas de Lucro;5.05.02.01;Ajustes de Instrumentos Financeiros;0.0000000000;S
07.628.528/0001-59;2025-06-30;1;BRASILAGRO - CIA BRAS DE PROP AGRICOLAS;020036;DF Individual - Demonstração das Mutações do Patrimônio Líquido;REAL;MIL;PENÚLTIMO;2023-07-01;2024-06-30;Lucros ou Prejuízos Acumulados;5.05.02.01;Ajustes de Instrumentos Financeiros;0.0000000000;S
07.628.528/0001-59;2025-06-30;1;BRASILAGRO - CIA BRAS DE PROP AGRICOLAS;020036;DF Individual - Demonstração das Mutações do Patrimônio Líquido;REAL;MIL;ÚLTIMO;2024-07-01;2025-06-30;Lucros ou Prejuízos Acumulados;5.05.02.01;Ajustes de Instrumentos Financeiros;0.0000000000;S
07.628.528/0001-59;2025-06-30;1;BRASILAGRO - CIA BRAS DE PROP AGRICOLAS;020036;DF Individual - Demonstração das Mutações do Patrimônio Líquido;REAL;MIL;PENÚLTIMO;2023-07-01;2024-06-30;Outros Resultados Abrangentes;5.05.02.01;Ajustes de Instrumentos Financeiros;0.0000000000;S
07.628.528/0001-59;2025-06-30;1;BRASILAGRO - CIA BRAS DE PROP AGRICOLAS;020036;DF Individual - Demonstração das Mutações do Patrimônio Líquido;REAL;MIL;ÚLTIMO;2024-07-01;2025-06-30;Outros Resultados Abrangentes;5.05.02.01;Ajustes de Instrumentos Financeiros;0.0000000000;S
07.628.528/0001-59;2025-06-30;1;BRASILAGRO - CIA BRAS DE PROP AGRICOLAS;020036;DF Individual - Demonstração das Mutações do Patrimônio Líquido;REAL;MIL;PENÚLTIMO;2023-07-01;2024-06-30;Patrimônio Líquido;5.05.02.01;Ajustes de Instrumentos Financeiros;0.0000000000;S
07.628.528/0001-59;2025-06-30;1;BRASILAGRO - CIA BRAS DE PROP AGRICOLAS;020036;DF Individual - Demonstração das Mutações do Patrimônio Líquido;REAL;MIL;ÚLTIMO;2024-07-01;2025-06-30;Patrimônio Líquido;5.05.02.01;Ajustes de Instrumentos Financeiros;0.0000000000;S
07.628.528/0001-59;2025-06-30;1;BRASILAGRO - CIA BRAS DE PROP AGRICOLAS;020036;DF Individual - Demonstração das Mutações do Patrimônio Líquido;REAL;MIL;PENÚLTIMO;2023-07-01;2024-06-30;Capital Social Integralizado;5.05.02.02;Tributos s/ Ajustes Instrumentos Financeiros;0.0000000000;S
07.628.528/0001-59;2025-06-30;1;BRASILAGRO - CIA BRAS DE PROP AGRICOLAS;020036;DF Individual - Demonstração das Mutações do Patrimônio Líquido;REAL;MIL;ÚLTIMO;2024-07-01;2025-06-30;Capital Social Integralizado;5.05.02.02;Tributos s/ Ajustes Instrumentos Financeiros;0.0000000000;S
07.628.528/0001-59;2025-06-30;1;BRASILAGRO - CIA BRAS DE PROP AGRICOLAS;020036;DF Individual - Demonstração das Mutações do Patrimônio Líquido;REAL;MIL;PENÚLTIMO;2023-07-01;2024-06-30;Reservas de Capital, Opções Outorgadas e Ações em Tesouraria;5.05.02.02;Tributos s/ Ajustes Instrumentos Financeiros;0.0000000000;S
07.628.528/0001-59;2025-06-30;1;BRASILAGRO - CIA BRAS DE PROP AGRICOLAS;020036;DF Individual - Demonstração das Mutações do Patrimônio Líquido;REAL;MIL;ÚLTIMO;2024-07-01;2025-06-30;Reservas de Capital, Opções Outorgadas e Ações em Tesouraria;5.05.02.02;Tributos s/ Ajustes Instrumentos Financeiros;0.0000000000;S
07.628.528/0001-59;2025-06-30;1;BRASILAGRO - CIA BRAS DE PROP AGRICOLAS;020036;DF Individual - Demonstração das Mutações do Patrimônio Líquido;REAL;MIL;PENÚLTIMO;2023-07-01;2024-06-30;Reservas de Lucro;5.05.02.02;Tributos s/ Ajustes Instrumentos Financeiros;0.0000000000;S
07.628.528/0001-59;2025-06-30;1;BRASILAGRO - CIA BRAS DE PROP AGRICOLAS;020036;DF Individual - Demonstração das Mutações do Patrimônio Líquido;REAL;MIL;ÚLTIMO;2024-07-01;2025-06-30;Reservas de Lucro;5.05.02.02;Tributos s/ Ajustes Instrumentos Financeiros;0.0000000000;S
07.628.528/0001-59;2025-06-30;1;BRASILAGRO - CIA BRAS DE PROP AGRICOLAS;020036;DF Individual - Demonstração das Mutações do Patrimônio Líquido;REAL;MIL;PENÚLTIMO;2023-07-01;2024-06-30;Lucros ou Prejuízos Acumulados;5.05.02.02;Tributos s/ Ajustes Instrumentos Financeiros;0.0000000000;S
07.628.528/0001-59;2025-06-30;1;BRASILAGRO - CIA BRAS DE PROP AGRICOLAS;020036;DF Individual - Demonstração das Mutações do Patrimônio Líquido;REAL;MIL;ÚLTIMO;2024-07-01;2025-06-30;Lucros ou Prejuízos Acumulados;5.05.02.02;Tributos s/ Ajustes Instrumentos Financeiros;0.0000000000;S
07.628.528/0001-59;2025-06-30;1;BRASILAGRO - CIA BRAS DE PROP AGRICOLAS;020036;DF Individual - Demonstração das Mutações do Patrimônio Líquido;REAL;MIL;PENÚLTIMO;2023-07-01;2024-06-30;Outros Resultados Abrangentes;5.05.02.02;Tributos s/ Ajustes Instrumentos Financeiros;0.0000000000;S
07.628.528/0001-59;2025-06-30;1;BRASILAGRO - CIA BRAS DE PROP AGRICOLAS;020036;DF Individual - Demonstração das Mutações do Patrimônio Líquido;REAL;MIL;ÚLTIMO;2024-07-01;2025-06-30;Outros Resultados Abrangentes;5.05.02.02;Tributos s/ Ajustes Instrumentos Financeiros;0.0000000000;S
07.628.528/0001-59;2025-06-30;1;BRASILAGRO - CIA BRAS DE PROP AGRICOLAS;020036;DF Individual - Demonstração das Mutações do Patrimônio Líquido;REAL;MIL;PENÚLTIMO;2023-07-01;2024-06-30;Patrimônio Líquido;5.05.02.02;Tributos s/ Ajustes Instrumentos Financeiros;0.0000000000;S
07.628.528/0001-59;2025-06-30;1;BRASILAGRO - CIA BRAS DE PROP AGRICOLAS;020036;DF Individual - Demonstração das Mutações do Patrimônio Líquido;REAL;MIL;ÚLTIMO;2024-07-01;2025-06-30;Patrimônio Líquido;5.05.02.02;Tributos s/ Ajustes Instrumentos Financeiros;0.0000000000;S
07.628.528/0001-59;2025-06-30;1;BRASILAGRO - CIA BRAS DE PROP AGRICOLAS;020036;DF Individual - Demonstração das Mutações do Patrimônio Líquido;REAL;MIL;PENÚLTIMO;2023-07-01;2024-06-30;Capital Social Integralizado;5.05.02.03;Equiv. Patrim. s/Result. Abrang. Controladas e Coligadas;0.0000000000;S
07.628.528/0001-59;2025-06-30;1;BRASILAGRO - CIA BRAS DE PROP AGRICOLAS;020036;DF Individual - Demonstração das Mutações do Patrimônio Líquido;REAL;MIL;ÚLTIMO;2024-07-01;2025-06-30;Capital Social Integralizado;5.05.02.03;Equiv. Patrim. s/Result. Abrang. Controladas e Coligadas;0.0000000000;S
07.628.528/0001-59;2025-06-30;1;BRASILAGRO - CIA BRAS DE PROP AGRICOLAS;020036;DF Individual - Demonstração das Mutações do Patrimônio Líquido;REAL;MIL;PENÚLTIMO;2023-07-01;2024-06-30;Reservas de Capital, Opções Outorgadas e Ações em Tesouraria;5.05.02.03;Equiv. Patrim. s/Result. Abrang. Controladas e Coligadas;0.0000000000;S
07.628.528/0001-59;2025-06-30;1;BRASILAGRO - CIA BRAS DE PROP AGRICOLAS;020036;DF Individual - Demonstração das Mutações do Patrimônio Líquido;REAL;MIL;ÚLTIMO;2024-07-01;2025-06-30;Reservas de Capital, Opções Outorgadas e Ações em Tesouraria;5.05.02.03;Equiv. Patrim. s/Result. Abrang. Controladas e Coligadas;0.0000000000;S
07.628.528/0001-59;2025-06-30;1;BRASILAGRO - CIA BRAS DE PROP AGRICOLAS;020036;DF Individual - Demonstração das Mutações do Patrimônio Líquido;REAL;MIL;PENÚLTIMO;2023-07-01;2024-06-30;Reservas de Lucro;5.05.02.03;Equiv. Patrim. s/Result. Abrang. Controladas e Coligadas;0.0000000000;S
07.628.528/0001-59;2025-06-30;1;BRASILAGRO - CIA BRAS DE PROP AGRICOLAS;020036;DF Individual - Demonstração das Mutações do Patrimônio Líquido;REAL;MIL;ÚLTIMO;2024-07-01;2025-06-30;Reservas de Lucro;5.05.02.03;Equiv. Patrim. s/Result. Abrang. Controladas e Coligadas;0.0000000000;S
07.628.528/0001-59;2025-06-30;1;BRASILAGRO - CIA BRAS DE PROP AGRICOLAS;020036;DF Individual - Demonstração das Mutações do Patrimônio Líquido;REAL;MIL;PENÚLTIMO;2023-07-01;2024-06-30;Lucros ou Prejuízos Acumulados;5.05.02.03;Equiv. Patrim. s/Result. Abrang. Controladas e Coligadas;0.0000000000;S
07.628.528/0001-59;2025-06-30;1;BRASILAGRO - CIA BRAS DE PROP AGRICOLAS;020036;DF Individual - Demonstração das Mutações do Patrimônio Líquido;REAL;MIL;ÚLTIMO;2024-07-01;2025-06-30;Lucros ou Prejuízos Acumulados;5.05.02.03;Equiv. Patrim. s/Result. Abrang. Controladas e Coligadas;0.0000000000;S
07.628.528/0001-59;2025-06-30;1;BRASILAGRO - CIA BRAS DE PROP AGRICOLAS;020036;DF Individual - Demonstração das Mutações do Patrimônio Líquido;REAL;MIL;PENÚLTIMO;2023-07-01;2024-06-30;Outros Resultados Abrangentes;5.05.02.03;Equiv. Patrim. s/Result. Abrang. Controladas e Coligadas;0.0000000000;S
07.628.528/0001-59;2025-06-30;1;BRASILAGRO - CIA BRAS DE PROP AGRICOLAS;020036;DF Individual - Demonstração das Mutações do Patrimônio Líquido;REAL;MIL;ÚLTIMO;2024-07-01;2025-06-30;Outros Resultados Abrangentes;5.05.02.03;Equiv. Patrim. s/Result. Abrang. Controladas e Coligadas;0.0000000000;S
07.628.528/0001-59;2025-06-30;1;BRASILAGRO - CIA BRAS DE PROP AGRICOLAS;020036;DF Individual - Demonstração das Mutações do Patrimônio Líquido;REAL;MIL;PENÚLTIMO;2023-07-01;2024-06-30;Patrimônio Líquido;5.05.02.03;Equiv. Patrim. s/Result. Abrang. Controladas e Coligadas;0.0000000000;S
07.628.528/0001-59;2025-06-30;1;BRASILAGRO - CIA BRAS DE PROP AGRICOLAS;020036;DF Individual - Demonstração das Mutações do Patrimônio Líquido;REAL;MIL;ÚLTIMO;2024-07-01;2025-06-30;Patrimônio Líquido;5.05.02.03;Equiv. Patrim. s/Result. Abrang. Controladas e Coligadas;0.0000000000;S
07.628.528/0001-59;2025-06-30;1;BRASILAGRO - CIA BRAS DE PROP AGRICOLAS;020036;DF Individual - Demonstração das Mutações do Patrimônio Líquido;REAL;MIL;PENÚLTIMO;2023-07-01;2024-06-30;Capital Social Integralizado;5.05.02.04;Ajustes de Conversão do Período;0.0000000000;S
07.628.528/0001-59;2025-06-30;1;BRASILAGRO - CIA BRAS DE PROP AGRICOLAS;020036;DF Individual - Demonstração das Mutações do Patrimônio Líquido;REAL;MIL;ÚLTIMO;2024-07-01;2025-06-30;Capital Social Integralizado;5.05.02.04;Ajustes de Conversão do Período;0.0000000000;S
07.628.528/0001-59;2025-06-30;1;BRASILAGRO - CIA BRAS DE PROP AGRICOLAS;020036;DF Individual - Demonstração das Mutações do Patrimônio Líquido;REAL;MIL;PENÚLTIMO;2023-07-01;2024-06-30;Reservas de Capital, Opções Outorgadas e Ações em Tesouraria;5.05.02.04;Ajustes de Conversão do Período;0.0000000000;S
07.628.528/0001-59;2025-06-30;1;BRASILAGRO - CIA BRAS DE PROP AGRICOLAS;020036;DF Individual - Demonstração das Mutações do Patrimônio Líquido;REAL;MIL;ÚLTIMO;2024-07-01;2025-06-30;Reservas de Capital, Opções Outorgadas e Ações em Tesouraria;5.05.02.04;Ajustes de Conversão do Período;0.0000000000;S
07.628.528/0001-59;2025-06-30;1;BRASILAGRO - CIA BRAS DE PROP AGRICOLAS;020036;DF Individual - Demonstração das Mutações do Patrimônio Líquido;REAL;MIL;PENÚLTIMO;2023-07-01;2024-06-30;Reservas de Lucro;5.05.02.04;Ajustes de Conversão do Período;0.0000000000;S
07.628.528/0001-59;2025-06-30;1;BRASILAGRO - CIA BRAS DE PROP AGRICOLAS;020036;DF Individual - Demonstração das Mutações do Patrimônio Líquido;REAL;MIL;ÚLTIMO;2024-07-01;2025-06-30;Reservas de Lucro;5.05.02.04;Ajustes de Conversão do Período;0.0000000000;S
07.628.528/0001-59;2025-06-30;1;BRASILAGRO - CIA BRAS DE PROP AGRICOLAS;020036;DF Individual - Demonstração das Mutações do Patrimônio Líquido;REAL;MIL;PENÚLTIMO;2023-07-01;2024-06-30;Lucros ou Prejuízos Acumulados;5.05.02.04;Ajustes de Conversão do Período;0.0000000000;S
07.628.528/0001-59;2025-06-30;1;BRASILAGRO - CIA BRAS DE PROP AGRICOLAS;020036;DF Individual - Demonstração das Mutações do Patrimônio Líquido;REAL;MIL;ÚLTIMO;2024-07-01;2025-06-30;Lucros ou Prejuízos Acumulados;5.05.02.04;Ajustes de Conversão do Período;0.0000000000;S
07.628.528/0001-59;2025-06-30;1;BRASILAGRO - CIA BRAS DE PROP AGRICOLAS;020036;DF Individual - Demonstração das Mutações do Patrimônio Líquido;REAL;MIL;PENÚLTIMO;2023-07-01;2024-06-30;Outros Resultados Abrangentes;5.05.02.04;Ajustes de Conversão do Período;0.0000000000;S
07.628.528/0001-59;2025-06-30;1;BRASILAGRO - CIA BRAS DE PROP AGRICOLAS;020036;DF Individual - Demonstração das Mutações do Patrimônio Líquido;REAL;MIL;ÚLTIMO;2024-07-01;2025-06-30;Outros Resultados Abrangentes;5.05.02.04;Ajustes de Conversão do Período;0.0000000000;S
07.628.528/0001-59;2025-06-30;1;BRASILAGRO - CIA BRAS DE PROP AGRICOLAS;020036;DF Individual - Demonstração das Mutações do Patrimônio Líquido;REAL;MIL;PENÚLTIMO;2023-07-01;2024-06-30;Patrimônio Líquido;5.05.02.04;Ajustes de Conversão do Período;0.0000000000;S
07.628.528/0001-59;2025-06-30;1;BRASILAGRO - CIA BRAS DE PROP AGRICOLAS;020036;DF Individual - Demonstração das Mutações do Patrimônio Líquido;REAL;MIL;ÚLTIMO;2024-07-01;2025-06-30;Patrimônio Líquido;5.05.02.04;Ajustes de Conversão do Período;0.0000000000;S
07.628.528/0001-59;2025-06-30;1;BRASILAGRO - CIA BRAS DE PROP AGRICOLAS;020036;DF Individual - Demonstração das Mutações do Patrimônio Líquido;REAL;MIL;PENÚLTIMO;2023-07-01;2024-06-30;Capital Social Integralizado;5.05.02.05;Tributos s/ Ajustes de Conversão do Período;0.0000000000;S
07.628.528/0001-59;2025-06-30;1;BRASILAGRO - CIA BRAS DE PROP AGRICOLAS;020036;DF Individual - Demonstração das Mutações do Patrimônio Líquido;REAL;MIL;ÚLTIMO;2024-07-01;2025-06-30;Capital Social Integralizado;5.05.02.05;Tributos s/ Ajustes de Conversão do Período;0.0000000000;S
07.628.528/0001-59;2025-06-30;1;BRASILAGRO - CIA BRAS DE PROP AGRICOLAS;020036;DF Individual - Demonstração das Mutações do Patrimônio Líquido;REAL;MIL;PENÚLTIMO;2023-07-01;2024-06-30;Reservas de Capital, Opções Outorgadas e Ações em Tesouraria;5.05.02.05;Tributos s/ Ajustes de Conversão do Período;0.0000000000;S
07.628.528/0001-59;2025-06-30;1;BRASILAGRO - CIA BRAS DE PROP AGRICOLAS;020036;DF Individual - Demonstração das Mutações do Patrimônio Líquido;REAL;MIL;ÚLTIMO;2024-07-01;2025-06-30;Reservas de Capital, Opções Outorgadas e Ações em Tesouraria;5.05.02.05;Tributos s/ Ajustes de Conversão do Período;0.0000000000;S
07.628.528/0001-59;2025-06-30;1;BRASILAGRO - CIA BRAS DE PROP AGRICOLAS;020036;DF Individual - Demonstração das Mutações do Patrimônio Líquido;REAL;MIL;PENÚLTIMO;2023-07-01;2024-06-30;Reservas de Lucro;5.05.02.05;Tributos s/ Ajustes de Conversão do Período;0.0000000000;S
07.628.528/0001-59;2025-06-30;1;BRASILAGRO - CIA BRAS DE PROP AGRICOLAS;020036;DF Individual - Demonstração das Mutações do Patrimônio Líquido;REAL;MIL;ÚLTIMO;2024-07-01;2025-06-30;Reservas de Lucro;5.05.02.05;Tributos s/ Ajustes de Conversão do Período;0.0000000000;S
07.628.528/0001-59;2025-06-30;1;BRASILAGRO - CIA BRAS DE PROP AGRICOLAS;020036;DF Individual - Demonstração das Mutações do Patrimônio Líquido;REAL;MIL;PENÚLTIMO;2023-07-01;2024-06-30;Lucros ou Prejuízos Acumulados;5.05.02.05;Tributos s/ Ajustes de Conversão do Período;0.0000000000;S
07.628.528/0001-59;2025-06-30;1;BRASILAGRO - CIA BRAS DE PROP AGRICOLAS;020036;DF Individual - Demonstração das Mutações do Patrimônio Líquido;REAL;MIL;ÚLTIMO;2024-07-01;2025-06-30;Lucros ou Prejuízos Acumulados;5.05.02.05;Tributos s/ Ajustes de Conversão do Período;0.0000000000;S
07.628.528/0001-59;2025-06-30;1;BRASILAGRO - CIA BRAS DE PROP AGRICOLAS;020036;DF Individual - Demonstração das Mutações do Patrimônio Líquido;REAL;MIL;PENÚLTIMO;2023-07-01;2024-06-30;Outros Resultados Abrangentes;5.05.02.05;Tributos s/ Ajustes de Conversão do Período;0.0000000000;S
07.628.528/0001-59;2025-06-30;1;BRASILAGRO - CIA BRAS DE PROP AGRICOLAS;020036;DF Individual - Demonstração das Mutações do Patrimônio Líquido;REAL;MIL;ÚLTIMO;2024-07-01;2025-06-30;Outros Resultados Abrangentes;5.05.02.05;Tributos s/ Ajustes de Conversão do Período;0.0000000000;S
07.628.528/0001-59;2025-06-30;1;BRASILAGRO - CIA BRAS DE PROP AGRICOLAS;020036;DF Individual - Demonstração das Mutações do Patrimônio Líquido;REAL;MIL;PENÚLTIMO;2023-07-01;2024-06-30;Patrimônio Líquido;5.05.02.05;Tributos s/ Ajustes de Conversão do Período;0.0000000000;S
07.628.528/0001-59;2025-06-30;1;BRASILAGRO - CIA BRAS DE PROP AGRICOLAS;020036;DF Individual - Demonstração das Mutações do Patrimônio Líquido;REAL;MIL;ÚLTIMO;2024-07-01;2025-06-30;Patrimônio Líquido;5.05.02.05;Tributos s/ Ajustes de Conversão do Período;0.0000000000;S
07.628.528/0001-59;2025-06-30;1;BRASILAGRO - CIA BRAS DE PROP AGRICOLAS;020036;DF Individual - Demonstração das Mutações do Patrimônio Líquido;REAL;MIL;PENÚLTIMO;2023-07-01;2024-06-30;Capital Social Integralizado;5.05.02.06;Efeito na conversão de investimentos no exterior;0.0000000000;N
07.628.528/0001-59;2025-06-30;1;BRASILAGRO - CIA BRAS DE PROP AGRICOLAS;020036;DF Individual - Demonstração das Mutações do Patrimônio Líquido;REAL;MIL;PENÚLTIMO;2023-07-01;2024-06-30;Reservas de Capital, Opções Outorgadas e Ações em Tesouraria;5.05.02.06;Efeito na conversão de investimentos no exterior;0.0000000000;N
07.628.528/0001-59;2025-06-30;1;BRASILAGRO - CIA BRAS DE PROP AGRICOLAS;020036;DF Individual - Demonstração das Mutações do Patrimônio Líquido;REAL;MIL;PENÚLTIMO;2023-07-01;2024-06-30;Reservas de Lucro;5.05.02.06;Efeito na conversão de investimentos no exterior;0.0000000000;N
07.628.528/0001-59;2025-06-30;1;BRASILAGRO - CIA BRAS DE PROP AGRICOLAS;020036;DF Individual - Demonstração das Mutações do Patrimônio Líquido;REAL;MIL;PENÚLTIMO;2023-07-01;2024-06-30;Lucros ou Prejuízos Acumulados;5.05.02.06;Efeito na conversão de investimentos no exterior;0.0000000000;N
07.628.528/0001-59;2025-06-30;1;BRASILAGRO - CIA BRAS DE PROP AGRICOLAS;020036;DF Individual - Demonstração das Mutações do Patrimônio Líquido;REAL;MIL;PENÚLTIMO;2023-07-01;2024-06-30;Outros Resultados Abrangentes;5.05.02.06;Efeito na conversão de investimentos no exterior;54768.0000000000;N
07.628.528/0001-59;2025-06-30;1;BRASILAGRO - CIA BRAS DE PROP AGRICOLAS;020036;DF Individual - Demonstração das Mutações do Patrimônio Líquido;REAL;MIL;PENÚLTIMO;2023-07-01;2024-06-30;Patrimônio Líquido;5.05.02.06;Efeito na conversão de investimentos no exterior;54768.0000000000;N
07.628.528/0001-59;2025-06-30;1;BRASILAGRO - CIA BRAS DE PROP AGRICOLAS;020036;DF Individual - Demonstração das Mutações do Patrimônio Líquido;REAL;MIL;ÚLTIMO;2024-07-01;2025-06-30;Capital Social Integralizado;5.05.02.07;Efeito na conversão de investimentos no exterior;0.0000000000;N
07.628.528/0001-59;2025-06-30;1;BRASILAGRO - CIA BRAS DE PROP AGRICOLAS;020036;DF Individual - Demonstração das Mutações do Patrimônio Líquido;REAL;MIL;ÚLTIMO;2024-07-01;2025-06-30;Reservas de Capital, Opções Outorgadas e Ações em Tesouraria;5.05.02.07;Efeito na conversão de investimentos no exterior;0.0000000000;N
07.628.528/0001-59;2025-06-30;1;BRASILAGRO - CIA BRAS DE PROP AGRICOLAS;020036;DF Individual - Demonstração das Mutações do Patrimônio Líquido;REAL;MIL;ÚLTIMO;2024-07-01;2025-06-30;Reservas de Lucro;5.05.02.07;Efeito na conversão de investimentos no exterior;0.0000000000;N
07.628.528/0001-59;2025-06-30;1;BRASILAGRO - CIA BRAS DE PROP AGRICOLAS;020036;DF Individual - Demonstração das Mutações do Patrimônio Líquido;REAL;MIL;ÚLTIMO;2024-07-01;2025-06-30;Lucros ou Prejuízos Acumulados;5.05.02.07;Efeito na conversão de investimentos no exterior;0.0000000000;N
07.628.528/0001-59;2025-06-30;1;BRASILAGRO - CIA BRAS DE PROP AGRICOLAS;020036;DF Individual - Demonstração das Mutações do Patrimônio Líquido;REAL;MIL;ÚLTIMO;2024-07-01;2025-06-30;Outros Resultados Abrangentes;5.05.02.07;Efeito na conversão de investimentos no exterior;-7463.0000000000;N
07.628.528/0001-59;2025-06-30;1;BRASILAGRO - CIA BRAS DE PROP AGRICOLAS;020036;DF Individual - Demonstração das Mutações do Patrimônio Líquido;REAL;MIL;ÚLTIMO;2024-07-01;2025-06-30;Patrimônio Líquido;5.05.02.07;Efeito na conversão de investimentos no exterior;-7463.0000000000;N
07.628.528/0001-59;2025-06-30;1;BRASILAGRO - CIA BRAS DE PROP AGRICOLAS;020036;DF Individual - Demonstração das Mutações do Patrimônio Líquido;REAL;MIL;PENÚLTIMO;2023-07-01;2024-06-30;Capital Social Integralizado;5.05.03;Reclassificações para o Resultado;0.0000000000;S
07.628.528/0001-59;2025-06-30;1;BRASILAGRO - CIA BRAS DE PROP AGRICOLAS;020036;DF Individual - Demonstração das Mutações do Patrimônio Líquido;REAL;MIL;ÚLTIMO;2024-07-01;2025-06-30;Capital Social Integralizado;5.05.03;Reclassificações para o Resultado;0.0000000000;S
07.628.528/0001-59;2025-06-30;1;BRASILAGRO - CIA BRAS DE PROP AGRICOLAS;020036;DF Individual - Demonstração das Mutações do Patrimônio Líquido;REAL;MIL;PENÚLTIMO;2023-07-01;2024-06-30;Reservas de Capital, Opções Outorgadas e Ações em Tesouraria;5.05.03;Reclassificações para o Resultado;0.0000000000;S
07.628.528/0001-59;2025-06-30;1;BRASILAGRO - CIA BRAS DE PROP AGRICOLAS;020036;DF Individual - Demonstração das Mutações do Patrimônio Líquido;REAL;MIL;ÚLTIMO;2024-07-01;2025-06-30;Reservas de Capital, Opções Outorgadas e Ações em Tesouraria;5.05.03;Reclassificações para o Resultado;0.0000000000;S
07.628.528/0001-59;2025-06-30;1;BRASILAGRO - CIA BRAS DE PROP AGRICOLAS;020036;DF Individual - Demonstração das Mutações do Patrimônio Líquido;REAL;MIL;PENÚLTIMO;2023-07-01;2024-06-30;Reservas de Lucro;5.05.03;Reclassificações para o Resultado;0.0000000000;S
07.628.528/0001-59;2025-06-30;1;BRASILAGRO - CIA BRAS DE PROP AGRICOLAS;020036;DF Individual - Demonstração das Mutações do Patrimônio Líquido;REAL;MIL;ÚLTIMO;2024-07-01;2025-06-30;Reservas de Lucro;5.05.03;Reclassificações para o Resultado;0.0000000000;S
07.628.528/0001-59;2025-06-30;1;BRASILAGRO - CIA BRAS DE PROP AGRICOLAS;020036;DF Individual - Demonstração das Mutações do Patrimônio Líquido;REAL;MIL;PENÚLTIMO;2023-07-01;2024-06-30;Lucros ou Prejuízos Acumulados;5.05.03;Reclassificações para o Resultado;0.0000000000;S
07.628.528/0001-59;2025-06-30;1;BRASILAGRO - CIA BRAS DE PROP AGRICOLAS;020036;DF Individual - Demonstração das Mutações do Patrimônio Líquido;REAL;MIL;ÚLTIMO;2024-07-01;2025-06-30;Lucros ou Prejuízos Acumulados;5.05.03;Reclassificações para o Resultado;0.0000000000;S
07.628.528/0001-59;2025-06-30;1;BRASILAGRO - CIA BRAS DE PROP AGRICOLAS;020036;DF Individual - Demonstração das Mutações do Patrimônio Líquido;REAL;MIL;PENÚLTIMO;2023-07-01;2024-06-30;Outros Resultados Abrangentes;5.05.03;Reclassificações para o Resultado;0.0000000000;S
07.628.528/0001-59;2025-06-30;1;BRASILAGRO - CIA BRAS DE PROP AGRICOLAS;020036;DF Individual - Demonstração das Mutações do Patrimônio Líquido;REAL;MIL;ÚLTIMO;2024-07-01;2025-06-30;Outros Resultados Abrangentes;5.05.03;Reclassificações para o Resultado;0.0000000000;S
07.628.528/0001-59;2025-06-30;1;BRASILAGRO - CIA BRAS DE PROP AGRICOLAS;020036;DF Individual - Demonstração das Mutações do Patrimônio Líquido;REAL;MIL;PENÚLTIMO;2023-07-01;2024-06-30;Patrimônio Líquido;5.05.03;Reclassificações para o Resultado;0.0000000000;S
07.628.528/0001-59;2025-06-30;1;BRASILAGRO - CIA BRAS DE PROP AGRICOLAS;020036;DF Individual - Demonstração das Mutações do Patrimônio Líquido;REAL;MIL;ÚLTIMO;2024-07-01;2025-06-30;Patrimônio Líquido;5.05.03;Reclassificações para o Resultado;-32780.0000000000;S
07.628.528/0001-59;2025-06-30;1;BRASILAGRO - CIA BRAS DE PROP AGRICOLAS;020036;DF Individual - Demonstração das Mutações do Patrimônio Líquido;REAL;MIL;PENÚLTIMO;2023-07-01;2024-06-30;Capital Social Integralizado;5.05.03.01;Ajustes de Instrumentos Financeiros;0.0000000000;S
07.628.528/0001-59;2025-06-30;1;BRASILAGRO - CIA BRAS DE PROP AGRICOLAS;020036;DF Individual - Demonstração das Mutações do Patrimônio Líquido;REAL;MIL;ÚLTIMO;2024-07-01;2025-06-30;Capital Social Integralizado;5.05.03.01;Ajustes de Instrumentos Financeiros;0.0000000000;S
07.628.528/0001-59;2025-06-30;1;BRASILAGRO - CIA BRAS DE PROP AGRICOLAS;020036;DF Individual - Demonstração das Mutações do Patrimônio Líquido;REAL;MIL;PENÚLTIMO;2023-07-01;2024-06-30;Reservas de Capital, Opções Outorgadas e Ações em Tesouraria;5.05.03.01;Ajustes de Instrumentos Financeiros;0.0000000000;S
07.628.528/0001-59;2025-06-30;1;BRASILAGRO - CIA BRAS DE PROP AGRICOLAS;020036;DF Individual - Demonstração das Mutações do Patrimônio Líquido;REAL;MIL;ÚLTIMO;2024-07-01;2025-06-30;Reservas de Capital, Opções Outorgadas e Ações em Tesouraria;5.05.03.01;Ajustes de Instrumentos Financeiros;0.0000000000;S
07.628.528/0001-59;2025-06-30;1;BRASILAGRO - CIA BRAS DE PROP AGRICOLAS;020036;DF Individual - Demonstração das Mutações do Patrimônio Líquido;REAL;MIL;PENÚLTIMO;2023-07-01;2024-06-30;Reservas de Lucro;5.05.03.01;Ajustes de Instrumentos Financeiros;0.0000000000;S
07.628.528/0001-59;2025-06-30;1;BRASILAGRO - CIA BRAS DE PROP AGRICOLAS;020036;DF Individual - Demonstração das Mutações do Patrimônio Líquido;REAL;MIL;ÚLTIMO;2024-07-01;2025-06-30;Reservas de Lucro;5.05.03.01;Ajustes de Instrumentos Financeiros;0.0000000000;S
07.628.528/0001-59;2025-06-30;1;BRASILAGRO - CIA BRAS DE PROP AGRICOLAS;020036;DF Individual - Demonstração das Mutações do Patrimônio Líquido;REAL;MIL;PENÚLTIMO;2023-07-01;2024-06-30;Lucros ou Prejuízos Acumulados;5.05.03.01;Ajustes de Instrumentos Financeiros;0.0000000000;S
07.628.528/0001-59;2025-06-30;1;BRASILAGRO - CIA BRAS DE PROP AGRICOLAS;020036;DF Individual - Demonstração das Mutações do Patrimônio Líquido;REAL;MIL;ÚLTIMO;2024-07-01;2025-06-30;Lucros ou Prejuízos Acumulados;5.05.03.01;Ajustes de Instrumentos Financeiros;0.0000000000;S
07.628.528/0001-59;2025-06-30;1;BRASILAGRO - CIA BRAS DE PROP AGRICOLAS;020036;DF Individual - Demonstração das Mutações do Patrimônio Líquido;REAL;MIL;PENÚLTIMO;2023-07-01;2024-06-30;Outros Resultados Abrangentes;5.05.03.01;Ajustes de Instrumentos Financeiros;0.0000000000;S
07.628.528/0001-59;2025-06-30;1;BRASILAGRO - CIA BRAS DE PROP AGRICOLAS;020036;DF Individual - Demonstração das Mutações do Patrimônio Líquido;REAL;MIL;ÚLTIMO;2024-07-01;2025-06-30;Outros Resultados Abrangentes;5.05.03.01;Ajustes de Instrumentos Financeiros;0.0000000000;S
07.628.528/0001-59;2025-06-30;1;BRASILAGRO - CIA BRAS DE PROP AGRICOLAS;020036;DF Individual - Demonstração das Mutações do Patrimônio Líquido;REAL;MIL;PENÚLTIMO;2023-07-01;2024-06-30;Patrimônio Líquido;5.05.03.01;Ajustes de Instrumentos Financeiros;0.0000000000;S
07.628.528/0001-59;2025-06-30;1;BRASILAGRO - CIA BRAS DE PROP AGRICOLAS;020036;DF Individual - Demonstração das Mutações do Patrimônio Líquido;REAL;MIL;ÚLTIMO;2024-07-01;2025-06-30;Patrimônio Líquido;5.05.03.01;Ajustes de Instrumentos Financeiros;0.0000000000;S
07.628.528/0001-59;2025-06-30;1;BRASILAGRO - CIA BRAS DE PROP AGRICOLAS;020036;DF Individual - Demonstração das Mutações do Patrimônio Líquido;REAL;MIL;ÚLTIMO;2024-07-01;2025-06-30;Capital Social Integralizado;5.05.03.02;Dividendos Mínimos Obrigatórios;0.0000000000;N
07.628.528/0001-59;2025-06-30;1;BRASILAGRO - CIA BRAS DE PROP AGRICOLAS;020036;DF Individual - Demonstração das Mutações do Patrimônio Líquido;REAL;MIL;ÚLTIMO;2024-07-01;2025-06-30;Reservas de Capital, Opções Outorgadas e Ações em Tesouraria;5.05.03.02;Dividendos Mínimos Obrigatórios;0.0000000000;N
07.628.528/0001-59;2025-06-30;1;BRASILAGRO - CIA BRAS DE PROP AGRICOLAS;020036;DF Individual - Demonstração das Mutações do Patrimônio Líquido;REAL;MIL;ÚLTIMO;2024-07-01;2025-06-30;Reservas de Lucro;5.05.03.02;Dividendos Mínimos Obrigatórios;0.0000000000;N
07.628.528/0001-59;2025-06-30;1;BRASILAGRO - CIA BRAS DE PROP AGRICOLAS;020036;DF Individual - Demonstração das Mutações do Patrimônio Líquido;REAL;MIL;ÚLTIMO;2024-07-01;2025-06-30;Lucros ou Prejuízos Acumulados;5.05.03.02;Dividendos Mínimos Obrigatórios;0.0000000000;N
07.628.528/0001-59;2025-06-30;1;BRASILAGRO - CIA BRAS DE PROP AGRICOLAS;020036;DF Individual - Demonstração das Mutações do Patrimônio Líquido;REAL;MIL;ÚLTIMO;2024-07-01;2025-06-30;Outros Resultados Abrangentes;5.05.03.02;Dividendos Mínimos Obrigatórios;0.0000000000;N
07.628.528/0001-59;2025-06-30;1;BRASILAGRO - CIA BRAS DE PROP AGRICOLAS;020036;DF Individual - Demonstração das Mutações do Patrimônio Líquido;REAL;MIL;ÚLTIMO;2024-07-01;2025-06-30;Patrimônio Líquido;5.05.03.02;Dividendos Mínimos Obrigatórios;-32780.0000000000;N
07.628.528/0001-59;2025-06-30;1;BRASILAGRO - CIA BRAS DE PROP AGRICOLAS;020036;DF Individual - Demonstração das Mutações do Patrimônio Líquido;REAL;MIL;PENÚLTIMO;2023-07-01;2024-06-30;Capital Social Integralizado;5.06;Mutações Internas do Patrimônio Líquido;0.0000000000;S
07.628.528/0001-59;2025-06-30;1;BRASILAGRO - CIA BRAS DE PROP AGRICOLAS;020036;DF Individual - Demonstração das Mutações do Patrimônio Líquido;REAL;MIL;ÚLTIMO;2024-07-01;2025-06-30;Capital Social Integralizado;5.06;Mutações Internas do Patrimônio Líquido;0.0000000000;S
07.628.528/0001-59;2025-06-30;1;BRASILAGRO - CIA BRAS DE PROP AGRICOLAS;020036;DF Individual - Demonstração das Mutações do Patrimônio Líquido;REAL;MIL;PENÚLTIMO;2023-07-01;2024-06-30;Reservas de Capital, Opções Outorgadas e Ações em Tesouraria;5.06;Mutações Internas do Patrimônio Líquido;0.0000000000;S
07.628.528/0001-59;2025-06-30;1;BRASILAGRO - CIA BRAS DE PROP AGRICOLAS;020036;DF Individual - Demonstração das Mutações do Patrimônio Líquido;REAL;MIL;ÚLTIMO;2024-07-01;2025-06-30;Reservas de Capital, Opções Outorgadas e Ações em Tesouraria;5.06;Mutações Internas do Patrimônio Líquido;0.0000000000;S
07.628.528/0001-59;2025-06-30;1;BRASILAGRO - CIA BRAS DE PROP AGRICOLAS;020036;DF Individual - Demonstração das Mutações do Patrimônio Líquido;REAL;MIL;PENÚLTIMO;2023-07-01;2024-06-30;Reservas de Lucro;5.06;Mutações Internas do Patrimônio Líquido;172986.0000000000;S
07.628.528/0001-59;2025-06-30;1;BRASILAGRO - CIA BRAS DE PROP AGRICOLAS;020036;DF Individual - Demonstração das Mutações do Patrimônio Líquido;REAL;MIL;ÚLTIMO;2024-07-01;2025-06-30;Reservas de Lucro;5.06;Mutações Internas do Patrimônio Líquido;63019.0000000000;S
07.628.528/0001-59;2025-06-30;1;BRASILAGRO - CIA BRAS DE PROP AGRICOLAS;020036;DF Individual - Demonstração das Mutações do Patrimônio Líquido;REAL;MIL;PENÚLTIMO;2023-07-01;2024-06-30;Lucros ou Prejuízos Acumulados;5.06;Mutações Internas do Patrimônio Líquido;-226867.0000000000;S
07.628.528/0001-59;2025-06-30;1;BRASILAGRO - CIA BRAS DE PROP AGRICOLAS;020036;DF Individual - Demonstração das Mutações do Patrimônio Líquido;REAL;MIL;ÚLTIMO;2024-07-01;2025-06-30;Lucros ou Prejuízos Acumulados;5.06;Mutações Internas do Patrimônio Líquido;42220.0000000000;S
07.628.528/0001-59;2025-06-30;1;BRASILAGRO - CIA BRAS DE PROP AGRICOLAS;020036;DF Individual - Demonstração das Mutações do Patrimônio Líquido;REAL;MIL;PENÚLTIMO;2023-07-01;2024-06-30;Outros Resultados Abrangentes;5.06;Mutações Internas do Patrimônio Líquido;0.0000000000;S
07.628.528/0001-59;2025-06-30;1;BRASILAGRO - CIA BRAS DE PROP AGRICOLAS;020036;DF Individual - Demonstração das Mutações do Patrimônio Líquido;REAL;MIL;ÚLTIMO;2024-07-01;2025-06-30;Outros Resultados Abrangentes;5.06;Mutações Internas do Patrimônio Líquido;0.0000000000;S
07.628.528/0001-59;2025-06-30;1;BRASILAGRO - CIA BRAS DE PROP AGRICOLAS;020036;DF Individual - Demonstração das Mutações do Patrimônio Líquido;REAL;MIL;PENÚLTIMO;2023-07-01;2024-06-30;Patrimônio Líquido;5.06;Mutações Internas do Patrimônio Líquido;-53881.0000000000;S
07.628.528/0001-59;2025-06-30;1;BRASILAGRO - CIA BRAS DE PROP AGRICOLAS;020036;DF Individual - Demonstração das Mutações do Patrimônio Líquido;REAL;MIL;ÚLTIMO;2024-07-01;2025-06-30;Patrimônio Líquido;5.06;Mutações Internas do Patrimônio Líquido;0.0000000000;S
07.628.528/0001-59;2025-06-30;1;BRASILAGRO - CIA BRAS DE PROP AGRICOLAS;020036;DF Individual - Demonstração das Mutações do Patrimônio Líquido;REAL;MIL;PENÚLTIMO;2023-07-01;2024-06-30;Capital Social Integralizado;5.06.01;Constituição de Reservas;0.0000000000;S
07.628.528/0001-59;2025-06-30;1;BRASILAGRO - CIA BRAS DE PROP AGRICOLAS;020036;DF Individual - Demonstração das Mutações do Patrimônio Líquido;REAL;MIL;ÚLTIMO;2024-07-01;2025-06-30;Capital Social Integralizado;5.06.01;Constituição de Reservas;0.0000000000;S
07.628.528/0001-59;2025-06-30;1;BRASILAGRO - CIA BRAS DE PROP AGRICOLAS;020036;DF Individual - Demonstração das Mutações do Patrimônio Líquido;REAL;MIL;PENÚLTIMO;2023-07-01;2024-06-30;Reservas de Capital, Opções Outorgadas e Ações em Tesouraria;5.06.01;Constituição de Reservas;0.0000000000;S
07.628.528/0001-59;2025-06-30;1;BRASILAGRO - CIA BRAS DE PROP AGRICOLAS;020036;DF Individual - Demonstração das Mutações do Patrimônio Líquido;REAL;MIL;ÚLTIMO;2024-07-01;2025-06-30;Reservas de Capital, Opções Outorgadas e Ações em Tesouraria;5.06.01;Constituição de Reservas;0.0000000000;S
07.628.528/0001-59;2025-06-30;1;BRASILAGRO - CIA BRAS DE PROP AGRICOLAS;020036;DF Individual - Demonstração das Mutações do Patrimônio Líquido;REAL;MIL;PENÚLTIMO;2023-07-01;2024-06-30;Reservas de Lucro;5.06.01;Constituição de Reservas;60524.0000000000;S
07.628.528/0001-59;2025-06-30;1;BRASILAGRO - CIA BRAS DE PROP AGRICOLAS;020036;DF Individual - Demonstração das Mutações do Patrimônio Líquido;REAL;MIL;ÚLTIMO;2024-07-01;2025-06-30;Reservas de Lucro;5.06.01;Constituição de Reservas;63019.0000000000;S
07.628.528/0001-59;2025-06-30;1;BRASILAGRO - CIA BRAS DE PROP AGRICOLAS;020036;DF Individual - Demonstração das Mutações do Patrimônio Líquido;REAL;MIL;PENÚLTIMO;2023-07-01;2024-06-30;Lucros ou Prejuízos Acumulados;5.06.01;Constituição de Reservas;-60524.0000000000;S
07.628.528/0001-59;2025-06-30;1;BRASILAGRO - CIA BRAS DE PROP AGRICOLAS;020036;DF Individual - Demonstração das Mutações do Patrimônio Líquido;REAL;MIL;ÚLTIMO;2024-07-01;2025-06-30;Lucros ou Prejuízos Acumulados;5.06.01;Constituição de Reservas;0.0000000000;S
07.628.528/0001-59;2025-06-30;1;BRASILAGRO - CIA BRAS DE PROP AGRICOLAS;020036;DF Individual - Demonstração das Mutações do Patrimônio Líquido;REAL;MIL;PENÚLTIMO;2023-07-01;2024-06-30;Outros Resultados Abrangentes;5.06.01;Constituição de Reservas;0.0000000000;S
07.628.528/0001-59;2025-06-30;1;BRASILAGRO - CIA BRAS DE PROP AGRICOLAS;020036;DF Individual - Demonstração das Mutações do Patrimônio Líquido;REAL;MIL;ÚLTIMO;2024-07-01;2025-06-30;Outros Resultados Abrangentes;5.06.01;Constituição de Reservas;0.0000000000;S
07.628.528/0001-59;2025-06-30;1;BRASILAGRO - CIA BRAS DE PROP AGRICOLAS;020036;DF Individual - Demonstração das Mutações do Patrimônio Líquido;REAL;MIL;PENÚLTIMO;2023-07-01;2024-06-30;Patrimônio Líquido;5.06.01;Constituição de Reservas;0.0000000000;S
07.628.528/0001-59;2025-06-30;1;BRASILAGRO - CIA BRAS DE PROP AGRICOLAS;020036;DF Individual - Demonstração das Mutações do Patrimônio Líquido;REAL;MIL;ÚLTIMO;2024-07-01;2025-06-30;Patrimônio Líquido;5.06.01;Constituição de Reservas;0.0000000000;S
07.628.528/0001-59;2025-06-30;1;BRASILAGRO - CIA BRAS DE PROP AGRICOLAS;020036;DF Individual - Demonstração das Mutações do Patrimônio Líquido;REAL;MIL;PENÚLTIMO;2023-07-01;2024-06-30;Capital Social Integralizado;5.06.02;Realização da Reserva Reavaliação;0.0000000000;S
07.628.528/0001-59;2025-06-30;1;BRASILAGRO - CIA BRAS DE PROP AGRICOLAS;020036;DF Individual - Demonstração das Mutações do Patrimônio Líquido;REAL;MIL;ÚLTIMO;2024-07-01;2025-06-30;Capital Social Integralizado;5.06.02;Realização da Reserva Reavaliação;0.0000000000;S
07.628.528/0001-59;2025-06-30;1;BRASILAGRO - CIA BRAS DE PROP AGRICOLAS;020036;DF Individual - Demonstração das Mutações do Patrimônio Líquido;REAL;MIL;PENÚLTIMO;2023-07-01;2024-06-30;Reservas de Capital, Opções Outorgadas e Ações em Tesouraria;5.06.02;Realização da Reserva Reavaliação;0.0000000000;S
07.628.528/0001-59;2025-06-30;1;BRASILAGRO - CIA BRAS DE PROP AGRICOLAS;020036;DF Individual - Demonstração das Mutações do Patrimônio Líquido;REAL;MIL;ÚLTIMO;2024-07-01;2025-06-30;Reservas de Capital, Opções Outorgadas e Ações em Tesouraria;5.06.02;Realização da Reserva Reavaliação;0.0000000000;S
07.628.528/0001-59;2025-06-30;1;BRASILAGRO - CIA BRAS DE PROP AGRICOLAS;020036;DF Individual - Demonstração das Mutações do Patrimônio Líquido;REAL;MIL;PENÚLTIMO;2023-07-01;2024-06-30;Reservas de Lucro;5.06.02;Realização da Reserva Reavaliação;0.0000000000;S
07.628.528/0001-59;2025-06-30;1;BRASILAGRO - CIA BRAS DE PROP AGRICOLAS;020036;DF Individual - Demonstração das Mutações do Patrimônio Líquido;REAL;MIL;ÚLTIMO;2024-07-01;2025-06-30;Reservas de Lucro;5.06.02;Realização da Reserva Reavaliação;0.0000000000;S
07.628.528/0001-59;2025-06-30;1;BRASILAGRO - CIA BRAS DE PROP AGRICOLAS;020036;DF Individual - Demonstração das Mutações do Patrimônio Líquido;REAL;MIL;PENÚLTIMO;2023-07-01;2024-06-30;Lucros ou Prejuízos Acumulados;5.06.02;Realização da Reserva Reavaliação;0.0000000000;S
07.628.528/0001-59;2025-06-30;1;BRASILAGRO - CIA BRAS DE PROP AGRICOLAS;020036;DF Individual - Demonstração das Mutações do Patrimônio Líquido;REAL;MIL;ÚLTIMO;2024-07-01;2025-06-30;Lucros ou Prejuízos Acumulados;5.06.02;Realização da Reserva Reavaliação;0.0000000000;S
07.628.528/0001-59;2025-06-30;1;BRASILAGRO - CIA BRAS DE PROP AGRICOLAS;020036;DF Individual - Demonstração das Mutações do Patrimônio Líquido;REAL;MIL;PENÚLTIMO;2023-07-01;2024-06-30;Outros Resultados Abrangentes;5.06.02;Realização da Reserva Reavaliação;0.0000000000;S
07.628.528/0001-59;2025-06-30;1;BRASILAGRO - CIA BRAS DE PROP AGRICOLAS;020036;DF Individual - Demonstração das Mutações do Patrimônio Líquido;REAL;MIL;ÚLTIMO;2024-07-01;2025-06-30;Outros Resultados Abrangentes;5.06.02;Realização da Reserva Reavaliação;0.0000000000;S
07.628.528/0001-59;2025-06-30;1;BRASILAGRO - CIA BRAS DE PROP AGRICOLAS;020036;DF Individual - Demonstração das Mutações do Patrimônio Líquido;REAL;MIL;PENÚLTIMO;2023-07-01;2024-06-30;Patrimônio Líquido;5.06.02;Realização da Reserva Reavaliação;0.0000000000;S
07.628.528/0001-59;2025-06-30;1;BRASILAGRO - CIA BRAS DE PROP AGRICOLAS;020036;DF Individual - Demonstração das Mutações do Patrimônio Líquido;REAL;MIL;ÚLTIMO;2024-07-01;2025-06-30;Patrimônio Líquido;5.06.02;Realização da Reserva Reavaliação;0.0000000000;S
07.628.528/0001-59;2025-06-30;1;BRASILAGRO - CIA BRAS DE PROP AGRICOLAS;020036;DF Individual - Demonstração das Mutações do Patrimônio Líquido;REAL;MIL;PENÚLTIMO;2023-07-01;2024-06-30;Capital Social Integralizado;5.06.03;Tributos sobre a Realização da Reserva de Reavaliação;0.0000000000;S
07.628.528/0001-59;2025-06-30;1;BRASILAGRO - CIA BRAS DE PROP AGRICOLAS;020036;DF Individual - Demonstração das Mutações do Patrimônio Líquido;REAL;MIL;ÚLTIMO;2024-07-01;2025-06-30;Capital Social Integralizado;5.06.03;Tributos sobre a Realização da Reserva de Reavaliação;0.0000000000;S
07.628.528/0001-59;2025-06-30;1;BRASILAGRO - CIA BRAS DE PROP AGRICOLAS;020036;DF Individual - Demonstração das Mutações do Patrimônio Líquido;REAL;MIL;PENÚLTIMO;2023-07-01;2024-06-30;Reservas de Capital, Opções Outorgadas e Ações em Tesouraria;5.06.03;Tributos sobre a Realização da Reserva de Reavaliação;0.0000000000;S
07.628.528/0001-59;2025-06-30;1;BRASILAGRO - CIA BRAS DE PROP AGRICOLAS;020036;DF Individual - Demonstração das Mutações do Patrimônio Líquido;REAL;MIL;ÚLTIMO;2024-07-01;2025-06-30;Reservas de Capital, Opções Outorgadas e Ações em Tesouraria;5.06.03;Tributos sobre a Realização da Reserva de Reavaliação;0.0000000000;S
07.628.528/0001-59;2025-06-30;1;BRASILAGRO - CIA BRAS DE PROP AGRICOLAS;020036;DF Individual - Demonstração das Mutações do Patrimônio Líquido;REAL;MIL;PENÚLTIMO;2023-07-01;2024-06-30;Reservas de Lucro;5.06.03;Tributos sobre a Realização da Reserva de Reavaliação;0.0000000000;S
07.628.528/0001-59;2025-06-30;1;BRASILAGRO - CIA BRAS DE PROP AGRICOLAS;020036;DF Individual - Demonstração das Mutações do Patrimônio Líquido;REAL;MIL;ÚLTIMO;2024-07-01;2025-06-30;Reservas de Lucro;5.06.03;Tributos sobre a Realização da Reserva de Reavaliação;0.0000000000;S
07.628.528/0001-59;2025-06-30;1;BRASILAGRO - CIA BRAS DE PROP AGRICOLAS;020036;DF Individual - Demonstração das Mutações do Patrimônio Líquido;REAL;MIL;PENÚLTIMO;2023-07-01;2024-06-30;Lucros ou Prejuízos Acumulados;5.06.03;Tributos sobre a Realização da Reserva de Reavaliação;0.0000000000;S
07.628.528/0001-59;2025-06-30;1;BRASILAGRO - CIA BRAS DE PROP AGRICOLAS;020036;DF Individual - Demonstração das Mutações do Patrimônio Líquido;REAL;MIL;ÚLTIMO;2024-07-01;2025-06-30;Lucros ou Prejuízos Acumulados;5.06.03;Tributos sobre a Realização da Reserva de Reavaliação;0.0000000000;S
07.628.528/0001-59;2025-06-30;1;BRASILAGRO - CIA BRAS DE PROP AGRICOLAS;020036;DF Individual - Demonstração das Mutações do Patrimônio Líquido;REAL;MIL;PENÚLTIMO;2023-07-01;2024-06-30;Outros Resultados Abrangentes;5.06.03;Tributos sobre a Realização da Reserva de Reavaliação;0.0000000000;S
07.628.528/0001-59;2025-06-30;1;BRASILAGRO - CIA BRAS DE PROP AGRICOLAS;020036;DF Individual - Demonstração das Mutações do Patrimônio Líquido;REAL;MIL;ÚLTIMO;2024-07-01;2025-06-30;Outros Resultados Abrangentes;5.06.03;Tributos sobre a Realização da Reserva de Reavaliação;0.0000000000;S
07.628.528/0001-59;2025-06-30;1;BRASILAGRO - CIA BRAS DE PROP AGRICOLAS;020036;DF Individual - Demonstração das Mutações do Patrimônio Líquido;REAL;MIL;PENÚLTIMO;2023-07-01;2024-06-30;Patrimônio Líquido;5.06.03;Tributos sobre a Realização da Reserva de Reavaliação;0.0000000000;S
07.628.528/0001-59;2025-06-30;1;BRASILAGRO - CIA BRAS DE PROP AGRICOLAS;020036;DF Individual - Demonstração das Mutações do Patrimônio Líquido;REAL;MIL;ÚLTIMO;2024-07-01;2025-06-30;Patrimônio Líquido;5.06.03;Tributos sobre a Realização da Reserva de Reavaliação;0.0000000000;S
07.628.528/0001-59;2025-06-30;1;BRASILAGRO - CIA BRAS DE PROP AGRICOLAS;020036;DF Individual - Demonstração das Mutações do Patrimônio Líquido;REAL;MIL;PENÚLTIMO;2023-07-01;2024-06-30;Capital Social Integralizado;5.06.04;Dividendos mínimos obrigatórios;0.0000000000;N
07.628.528/0001-59;2025-06-30;1;BRASILAGRO - CIA BRAS DE PROP AGRICOLAS;020036;DF Individual - Demonstração das Mutações do Patrimônio Líquido;REAL;MIL;ÚLTIMO;2024-07-01;2025-06-30;Capital Social Integralizado;5.06.04;Constituição de reserva de investimento e expansão;0.0000000000;N
07.628.528/0001-59;2025-06-30;1;BRASILAGRO - CIA BRAS DE PROP AGRICOLAS;020036;DF Individual - Demonstração das Mutações do Patrimônio Líquido;REAL;MIL;PENÚLTIMO;2023-07-01;2024-06-30;Reservas de Capital, Opções Outorgadas e Ações em Tesouraria;5.06.04;Dividendos mínimos obrigatórios;0.0000000000;N
07.628.528/0001-59;2025-06-30;1;BRASILAGRO - CIA BRAS DE PROP AGRICOLAS;020036;DF Individual - Demonstração das Mutações do Patrimônio Líquido;REAL;MIL;ÚLTIMO;2024-07-01;2025-06-30;Reservas de Capital, Opções Outorgadas e Ações em Tesouraria;5.06.04;Constituição de reserva de investimento e expansão;0.0000000000;N
07.628.528/0001-59;2025-06-30;1;BRASILAGRO - CIA BRAS DE PROP AGRICOLAS;020036;DF Individual - Demonstração das Mutações do Patrimônio Líquido;REAL;MIL;PENÚLTIMO;2023-07-01;2024-06-30;Reservas de Lucro;5.06.04;Dividendos mínimos obrigatórios;0.0000000000;N
07.628.528/0001-59;2025-06-30;1;BRASILAGRO - CIA BRAS DE PROP AGRICOLAS;020036;DF Individual - Demonstração das Mutações do Patrimônio Líquido;REAL;MIL;ÚLTIMO;2024-07-01;2025-06-30;Reservas de Lucro;5.06.04;Constituição de reserva de investimento e expansão;0.0000000000;N
07.628.528/0001-59;2025-06-30;1;BRASILAGRO - CIA BRAS DE PROP AGRICOLAS;020036;DF Individual - Demonstração das Mutações do Patrimônio Líquido;REAL;MIL;PENÚLTIMO;2023-07-01;2024-06-30;Lucros ou Prejuízos Acumulados;5.06.04;Dividendos mínimos obrigatórios;-53881.0000000000;N
07.628.528/0001-59;2025-06-30;1;BRASILAGRO - CIA BRAS DE PROP AGRICOLAS;020036;DF Individual - Demonstração das Mutações do Patrimônio Líquido;REAL;MIL;ÚLTIMO;2024-07-01;2025-06-30;Lucros ou Prejuízos Acumulados;5.06.04;Constituição de reserva de investimento e expansão;0.0000000000;N
07.628.528/0001-59;2025-06-30;1;BRASILAGRO - CIA BRAS DE PROP AGRICOLAS;020036;DF Individual - Demonstração das Mutações do Patrimônio Líquido;REAL;MIL;PENÚLTIMO;2023-07-01;2024-06-30;Outros Resultados Abrangentes;5.06.04;Dividendos mínimos obrigatórios;0.0000000000;N
07.628.528/0001-59;2025-06-30;1;BRASILAGRO - CIA BRAS DE PROP AGRICOLAS;020036;DF Individual - Demonstração das Mutações do Patrimônio Líquido;REAL;MIL;ÚLTIMO;2024-07-01;2025-06-30;Outros Resultados Abrangentes;5.06.04;Constituição de reserva de investimento e expansão;0.0000000000;N
07.628.528/0001-59;2025-06-30;1;BRASILAGRO - CIA BRAS DE PROP AGRICOLAS;020036;DF Individual - Demonstração das Mutações do Patrimônio Líquido;REAL;MIL;PENÚLTIMO;2023-07-01;2024-06-30;Patrimônio Líquido;5.06.04;Dividendos mínimos obrigatórios;-53881.0000000000;N
07.628.528/0001-59;2025-06-30;1;BRASILAGRO - CIA BRAS DE PROP AGRICOLAS;020036;DF Individual - Demonstração das Mutações do Patrimônio Líquido;REAL;MIL;ÚLTIMO;2024-07-01;2025-06-30;Patrimônio Líquido;5.06.04;Constituição de reserva de investimento e expansão;0.0000000000;N
07.628.528/0001-59;2025-06-30;1;BRASILAGRO - CIA BRAS DE PROP AGRICOLAS;020036;DF Individual - Demonstração das Mutações do Patrimônio Líquido;REAL;MIL;PENÚLTIMO;2023-07-01;2024-06-30;Capital Social Integralizado;5.06.05;Constituição de reserva legal;0.0000000000;N
07.628.528/0001-59;2025-06-30;1;BRASILAGRO - CIA BRAS DE PROP AGRICOLAS;020036;DF Individual - Demonstração das Mutações do Patrimônio Líquido;REAL;MIL;ÚLTIMO;2024-07-01;2025-06-30;Capital Social Integralizado;5.06.05;Dividendos Adicionais Propostos;0.0000000000;N
07.628.528/0001-59;2025-06-30;1;BRASILAGRO - CIA BRAS DE PROP AGRICOLAS;020036;DF Individual - Demonstração das Mutações do Patrimônio Líquido;REAL;MIL;PENÚLTIMO;2023-07-01;2024-06-30;Reservas de Capital, Opções Outorgadas e Ações em Tesouraria;5.06.05;Constituição de reserva legal;0.0000000000;N
07.628.528/0001-59;2025-06-30;1;BRASILAGRO - CIA BRAS DE PROP AGRICOLAS;020036;DF Individual - Demonstração das Mutações do Patrimônio Líquido;REAL;MIL;ÚLTIMO;2024-07-01;2025-06-30;Reservas de Capital, Opções Outorgadas e Ações em Tesouraria;5.06.05;Dividendos Adicionais Propostos;0.0000000000;N
07.628.528/0001-59;2025-06-30;1;BRASILAGRO - CIA BRAS DE PROP AGRICOLAS;020036;DF Individual - Demonstração das Mutações do Patrimônio Líquido;REAL;MIL;PENÚLTIMO;2023-07-01;2024-06-30;Reservas de Lucro;5.06.05;Constituição de reserva legal;11343.0000000000;N
07.628.528/0001-59;2025-06-30;1;BRASILAGRO - CIA BRAS DE PROP AGRICOLAS;020036;DF Individual - Demonstração das Mutações do Patrimônio Líquido;REAL;MIL;ÚLTIMO;2024-07-01;2025-06-30;Reservas de Lucro;5.06.05;Dividendos Adicionais Propostos;0.0000000000;N
07.628.528/0001-59;2025-06-30;1;BRASILAGRO - CIA BRAS DE PROP AGRICOLAS;020036;DF Individual - Demonstração das Mutações do Patrimônio Líquido;REAL;MIL;PENÚLTIMO;2023-07-01;2024-06-30;Lucros ou Prejuízos Acumulados;5.06.05;Constituição de reserva legal;-11343.0000000000;N
07.628.528/0001-59;2025-06-30;1;BRASILAGRO - CIA BRAS DE PROP AGRICOLAS;020036;DF Individual - Demonstração das Mutações do Patrimônio Líquido;REAL;MIL;ÚLTIMO;2024-07-01;2025-06-30;Lucros ou Prejuízos Acumulados;5.06.05;Dividendos Adicionais Propostos;42220.0000000000;N
07.628.528/0001-59;2025-06-30;1;BRASILAGRO - CIA BRAS DE PROP AGRICOLAS;020036;DF Individual - Demonstração das Mutações do Patrimônio Líquido;REAL;MIL;PENÚLTIMO;2023-07-01;2024-06-30;Outros Resultados Abrangentes;5.06.05;Constituição de reserva legal;0.0000000000;N
07.628.528/0001-59;2025-06-30;1;BRASILAGRO - CIA BRAS DE PROP AGRICOLAS;020036;DF Individual - Demonstração das Mutações do Patrimônio Líquido;REAL;MIL;ÚLTIMO;2024-07-01;2025-06-30;Outros Resultados Abrangentes;5.06.05;Dividendos Adicionais Propostos;0.0000000000;N
07.628.528/0001-59;2025-06-30;1;BRASILAGRO - CIA BRAS DE PROP AGRICOLAS;020036;DF Individual - Demonstração das Mutações do Patrimônio Líquido;REAL;MIL;PENÚLTIMO;2023-07-01;2024-06-30;Patrimônio Líquido;5.06.05;Constituição de reserva legal;0.0000000000;N
07.628.528/0001-59;2025-06-30;1;BRASILAGRO - CIA BRAS DE PROP AGRICOLAS;020036;DF Individual - Demonstração das Mutações do Patrimônio Líquido;REAL;MIL;ÚLTIMO;2024-07-01;2025-06-30;Patrimônio Líquido;5.06.05;Dividendos Adicionais Propostos;0.0000000000;N
07.628.528/0001-59;2025-06-30;1;BRASILAGRO - CIA BRAS DE PROP AGRICOLAS;020036;DF Individual - Demonstração das Mutações do Patrimônio Líquido;REAL;MIL;PENÚLTIMO;2023-07-01;2024-06-30;Capital Social Integralizado;5.06.06;Dividendos adicionais propostos;0.0000000000;N
07.628.528/0001-59;2025-06-30;1;BRASILAGRO - CIA BRAS DE PROP AGRICOLAS;020036;DF Individual - Demonstração das Mutações do Patrimônio Líquido;REAL;MIL;PENÚLTIMO;2023-07-01;2024-06-30;Reservas de Capital, Opções Outorgadas e Ações em Tesouraria;5.06.06;Dividendos adicionais propostos;0.0000000000;N
07.628.528/0001-59;2025-06-30;1;BRASILAGRO - CIA BRAS DE PROP AGRICOLAS;020036;DF Individual - Demonstração das Mutações do Patrimônio Líquido;REAL;MIL;PENÚLTIMO;2023-07-01;2024-06-30;Reservas de Lucro;5.06.06;Dividendos adicionais propostos;101119.0000000000;N
07.628.528/0001-59;2025-06-30;1;BRASILAGRO - CIA BRAS DE PROP AGRICOLAS;020036;DF Individual - Demonstração das Mutações do Patrimônio Líquido;REAL;MIL;PENÚLTIMO;2023-07-01;2024-06-30;Lucros ou Prejuízos Acumulados;5.06.06;Dividendos adicionais propostos;-101119.0000000000;N
07.628.528/0001-59;2025-06-30;1;BRASILAGRO - CIA BRAS DE PROP AGRICOLAS;020036;DF Individual - Demonstração das Mutações do Patrimônio Líquido;REAL;MIL;PENÚLTIMO;2023-07-01;2024-06-30;Outros Resultados Abrangentes;5.06.06;Dividendos adicionais propostos;0.0000000000;N
07.628.528/0001-59;2025-06-30;1;BRASILAGRO - CIA BRAS DE PROP AGRICOLAS;020036;DF Individual - Demonstração das Mutações do Patrimônio Líquido;REAL;MIL;PENÚLTIMO;2023-07-01;2024-06-30;Patrimônio Líquido;5.06.06;Dividendos adicionais propostos;0.0000000000;N
07.628.528/0001-59;2025-06-30;1;BRASILAGRO - CIA BRAS DE PROP AGRICOLAS;020036;DF Individual - Demonstração das Mutações do Patrimônio Líquido;REAL;MIL;PENÚLTIMO;2023-07-01;2024-06-30;Capital Social Integralizado;5.07;Saldos Finais;1576645.0000000000;S
07.628.528/0001-59;2025-06-30;1;BRASILAGRO - CIA BRAS DE PROP AGRICOLAS;020036;DF Individual - Demonstração das Mutações do Patrimônio Líquido;REAL;MIL;ÚLTIMO;2024-07-01;2025-06-30;Capital Social Integralizado;5.07;Saldos Finais;1576645.0000000000;S
07.628.528/0001-59;2025-06-30;1;BRASILAGRO - CIA BRAS DE PROP AGRICOLAS;020036;DF Individual - Demonstração das Mutações do Patrimônio Líquido;REAL;MIL;PENÚLTIMO;2023-07-01;2024-06-30;Reservas de Capital, Opções Outorgadas e Ações em Tesouraria;5.07;Saldos Finais;-53233.0000000000;S
07.628.528/0001-59;2025-06-30;1;BRASILAGRO - CIA BRAS DE PROP AGRICOLAS;020036;DF Individual - Demonstração das Mutações do Patrimônio Líquido;REAL;MIL;ÚLTIMO;2024-07-01;2025-06-30;Reservas de Capital, Opções Outorgadas e Ações em Tesouraria;5.07;Saldos Finais;-51841.0000000000;S
07.628.528/0001-59;2025-06-30;1;BRASILAGRO - CIA BRAS DE PROP AGRICOLAS;020036;DF Individual - Demonstração das Mutações do Patrimônio Líquido;REAL;MIL;PENÚLTIMO;2023-07-01;2024-06-30;Reservas de Lucro;5.07;Saldos Finais;537880.0000000000;S
07.628.528/0001-59;2025-06-30;1;BRASILAGRO - CIA BRAS DE PROP AGRICOLAS;020036;DF Individual - Demonstração das Mutações do Patrimônio Líquido;REAL;MIL;ÚLTIMO;2024-07-01;2025-06-30;Reservas de Lucro;5.07;Saldos Finais;499780.0000000000;S
07.628.528/0001-59;2025-06-30;1;BRASILAGRO - CIA BRAS DE PROP AGRICOLAS;020036;DF Individual - Demonstração das Mutações do Patrimônio Líquido;REAL;MIL;PENÚLTIMO;2023-07-01;2024-06-30;Lucros ou Prejuízos Acumulados;5.07;Saldos Finais;0.0000000000;S
07.628.528/0001-59;2025-06-30;1;BRASILAGRO - CIA BRAS DE PROP AGRICOLAS;020036;DF Individual - Demonstração das Mutações do Patrimônio Líquido;REAL;MIL;ÚLTIMO;2024-07-01;2025-06-30;Lucros ou Prejuízos Acumulados;5.07;Saldos Finais;42220.0000000000;S
07.628.528/0001-59;2025-06-30;1;BRASILAGRO - CIA BRAS DE PROP AGRICOLAS;020036;DF Individual - Demonstração das Mutações do Patrimônio Líquido;REAL;MIL;PENÚLTIMO;2023-07-01;2024-06-30;Outros Resultados Abrangentes;5.07;Saldos Finais;118387.0000000000;S
07.628.528/0001-59;2025-06-30;1;BRASILAGRO - CIA BRAS DE PROP AGRICOLAS;020036;DF Individual - Demonstração das Mutações do Patrimônio Líquido;REAL;MIL;ÚLTIMO;2024-07-01;2025-06-30;Outros Resultados Abrangentes;5.07;Saldos Finais;110924.0000000000;S
07.628.528/0001-59;2025-06-30;1;BRASILAGRO - CIA BRAS DE PROP AGRICOLAS;020036;DF Individual - Demonstração das Mutações do Patrimônio Líquido;REAL;MIL;PENÚLTIMO;2023-07-01;2024-06-30;Patrimônio Líquido;5.07;Saldos Finais;2179679.0000000000;S
07.628.528/0001-59;2025-06-30;1;BRASILAGRO - CIA BRAS DE PROP AGRICOLAS;020036;DF Individual - Demonstração das Mutações do Patrimônio Líquido;REAL;MIL;ÚLTIMO;2024-07-01;2025-06-30;Patrimônio Líquido;5.07;Saldos Finais;2177728.0000000000;S
08.070.508/0001-78;2025-03-31;1;RAIZEN ENERGIA S.A.;023230;DF Individual - Demonstração das Mutações do Patrimônio Líquido;REAL;MIL;PENÚLTIMO;2023-04-01;2024-03-31;Capital Social Integralizado;5.01;Saldos Iniciais;19531609.0000000000;S
08.070.508/0001-78;2025-03-31;1;RAIZEN ENERGIA S.A.;023230;DF Individual - Demonstração das Mutações do Patrimônio Líquido;REAL;MIL;ÚLTIMO;2024-04-01;2025-03-31;Capital Social Integralizado;5.01;Saldos Iniciais;19531609.0000000000;S
08.070.508/0001-78;2025-03-31;1;RAIZEN ENERGIA S.A.;023230;DF Individual - Demonstração das Mutações do Patrimônio Líquido;REAL;MIL;PENÚLTIMO;2023-04-01;2024-03-31;Reservas de Capital, Opções Outorgadas e Ações em Tesouraria;5.01;Saldos Iniciais;1005306.0000000000;S
08.070.508/0001-78;2025-03-31;1;RAIZEN ENERGIA S.A.;023230;DF Individual - Demonstração das Mutações do Patrimônio Líquido;REAL;MIL;ÚLTIMO;2024-04-01;2025-03-31;Reservas de Capital, Opções Outorgadas e Ações em Tesouraria;5.01;Saldos Iniciais;243111.0000000000;S
08.070.508/0001-78;2025-03-31;1;RAIZEN ENERGIA S.A.;023230;DF Individual - Demonstração das Mutações do Patrimônio Líquido;REAL;MIL;PENÚLTIMO;2023-04-01;2024-03-31;Reservas de Lucro;5.01;Saldos Iniciais;2168558.0000000000;S
08.070.508/0001-78;2025-03-31;1;RAIZEN ENERGIA S.A.;023230;DF Individual - Demonstração das Mutações do Patrimônio Líquido;REAL;MIL;ÚLTIMO;2024-04-01;2025-03-31;Reservas de Lucro;5.01;Saldos Iniciais;396488.0000000000;S
08.070.508/0001-78;2025-03-31;1;RAIZEN ENERGIA S.A.;023230;DF Individual - Demonstração das Mutações do Patrimônio Líquido;REAL;MIL;PENÚLTIMO;2023-04-01;2024-03-31;Lucros ou Prejuízos Acumulados;5.01;Saldos Iniciais;0.0000000000;S
08.070.508/0001-78;2025-03-31;1;RAIZEN ENERGIA S.A.;023230;DF Individual - Demonstração das Mutações do Patrimônio Líquido;REAL;MIL;ÚLTIMO;2024-04-01;2025-03-31;Lucros ou Prejuízos Acumulados;5.01;Saldos Iniciais;-161415.0000000000;S
08.070.508/0001-78;2025-03-31;1;RAIZEN ENERGIA S.A.;023230;DF Individual - Demonstração das Mutações do Patrimônio Líquido;REAL;MIL;PENÚLTIMO;2023-04-01;2024-03-31;Outros Resultados Abrangentes;5.01;Saldos Iniciais;-559197.0000000000;S
08.070.508/0001-78;2025-03-31;1;RAIZEN ENERGIA S.A.;023230;DF Individual - Demonstração das Mutações do Patrimônio Líquido;REAL;MIL;ÚLTIMO;2024-04-01;2025-03-31;Outros Resultados Abrangentes;5.01;Saldos Iniciais;-1717.0000000000;S
08.070.508/0001-78;2025-03-31;1;RAIZEN ENERGIA S.A.;023230;DF Individual - Demonstração das Mutações do Patrimônio Líquido;REAL;MIL;PENÚLTIMO;2023-04-01;2024-03-31;Patrimônio Líquido;5.01;Saldos Iniciais;22146276.0000000000;S
08.070.508/0001-78;2025-03-31;1;RAIZEN ENERGIA S.A.;023230;DF Individual - Demonstração das Mutações do Patrimônio Líquido;REAL;MIL;ÚLTIMO;2024-04-01;2025-03-31;Patrimônio Líquido;5.01;Saldos Iniciais;20008076.0000000000;S
08.070.508/0001-78;2025-03-31;1;RAIZEN ENERGIA S.A.;023230;DF Individual - Demonstração das Mutações do Patrimônio Líquido;REAL;MIL;PENÚLTIMO;2023-04-01;2024-03-31;Capital Social Integralizado;5.02;Ajustes de Exercícios Anteriores;0.0000000000;S
08.070.508/0001-78;2025-03-31;1;RAIZEN ENERGIA S.A.;023230;DF Individual - Demonstração das Mutações do Patrimônio Líquido;REAL;MIL;ÚLTIMO;2024-04-01;2025-03-31;Capital Social Integralizado;5.02;Ajustes de Exercícios Anteriores;0.0000000000;S
08.070.508/0001-78;2025-03-31;1;RAIZEN ENERGIA S.A.;023230;DF Individual - Demonstração das Mutações do Patrimônio Líquido;REAL;MIL;PENÚLTIMO;2023-04-01;2024-03-31;Reservas de Capital, Opções Outorgadas e Ações em Tesouraria;5.02;Ajustes de Exercícios Anteriores;0.0000000000;S
08.070.508/0001-78;2025-03-31;1;RAIZEN ENERGIA S.A.;023230;DF Individual - Demonstração das Mutações do Patrimônio Líquido;REAL;MIL;ÚLTIMO;2024-04-01;2025-03-31;Reservas de Capital, Opções Outorgadas e Ações em Tesouraria;5.02;Ajustes de Exercícios Anteriores;0.0000000000;S
08.070.508/0001-78;2025-03-31;1;RAIZEN ENERGIA S.A.;023230;DF Individual - Demonstração das Mutações do Patrimônio Líquido;REAL;MIL;PENÚLTIMO;2023-04-01;2024-03-31;Reservas de Lucro;5.02;Ajustes de Exercícios Anteriores;0.0000000000;S
08.070.508/0001-78;2025-03-31;1;RAIZEN ENERGIA S.A.;023230;DF Individual - Demonstração das Mutações do Patrimônio Líquido;REAL;MIL;ÚLTIMO;2024-04-01;2025-03-31;Reservas de Lucro;5.02;Ajustes de Exercícios Anteriores;0.0000000000;S
08.070.508/0001-78;2025-03-31;1;RAIZEN ENERGIA S.A.;023230;DF Individual - Demonstração das Mutações do Patrimônio Líquido;REAL;MIL;PENÚLTIMO;2023-04-01;2024-03-31;Lucros ou Prejuízos Acumulados;5.02;Ajustes de Exercícios Anteriores;0.0000000000;S
08.070.508/0001-78;2025-03-31;1;RAIZEN ENERGIA S.A.;023230;DF Individual - Demonstração das Mutações do Patrimônio Líquido;REAL;MIL;ÚLTIMO;2024-04-01;2025-03-31;Lucros ou Prejuízos Acumulados;5.02;Ajustes de Exercícios Anteriores;0.0000000000;S
08.070.508/0001-78;2025-03-31;1;RAIZEN ENERGIA S.A.;023230;DF Individual - Demonstração das Mutações do Patrimônio Líquido;REAL;MIL;PENÚLTIMO;2023-04-01;2024-03-31;Outros Resultados Abrangentes;5.02;Ajustes de Exercícios Anteriores;0.0000000000;S
08.070.508/0001-78;2025-03-31;1;RAIZEN ENERGIA S.A.;023230;DF Individual - Demonstração das Mutações do Patrimônio Líquido;REAL;MIL;ÚLTIMO;2024-04-01;2025-03-31;Outros Resultados Abrangentes;5.02;Ajustes de Exercícios Anteriores;0.0000000000;S
08.070.508/0001-78;2025-03-31;1;RAIZEN ENERGIA S.A.;023230;DF Individual - Demonstração das Mutações do Patrimônio Líquido;REAL;MIL;PENÚLTIMO;2023-04-01;2024-03-31;Patrimônio Líquido;5.02;Ajustes de Exercícios Anteriores;0.0000000000;S
08.070.508/0001-78;2025-03-31;1;RAIZEN ENERGIA S.A.;023230;DF Individual - Demonstração das Mutações do Patrimônio Líquido;REAL;MIL;ÚLTIMO;2024-04-01;2025-03-31;Patrimônio Líquido;5.02;Ajustes de Exercícios Anteriores;0.0000000000;S
08.070.508/0001-78;2025-03-31;1;RAIZEN ENERGIA S.A.;023230;DF Individual - Demonstração das Mutações do Patrimônio Líquido;REAL;MIL;PENÚLTIMO;2023-04-01;2024-03-31;Capital Social Integralizado;5.03;Saldos Iniciais Ajustados;19531609.0000000000;S
08.070.508/0001-78;2025-03-31;1;RAIZEN ENERGIA S.A.;023230;DF Individual - Demonstração das Mutações do Patrimônio Líquido;REAL;MIL;ÚLTIMO;2024-04-01;2025-03-31;Capital Social Integralizado;5.03;Saldos Iniciais Ajustados;19531609.0000000000;S
08.070.508/0001-78;2025-03-31;1;RAIZEN ENERGIA S.A.;023230;DF Individual - Demonstração das Mutações do Patrimônio Líquido;REAL;MIL;PENÚLTIMO;2023-04-01;2024-03-31;Reservas de Capital, Opções Outorgadas e Ações em Tesouraria;5.03;Saldos Iniciais Ajustados;1005306.0000000000;S
08.070.508/0001-78;2025-03-31;1;RAIZEN ENERGIA S.A.;023230;DF Individual - Demonstração das Mutações do Patrimônio Líquido;REAL;MIL;ÚLTIMO;2024-04-01;2025-03-31;Reservas de Capital, Opções Outorgadas e Ações em Tesouraria;5.03;Saldos Iniciais Ajustados;243111.0000000000;S
08.070.508/0001-78;2025-03-31;1;RAIZEN ENERGIA S.A.;023230;DF Individual - Demonstração das Mutações do Patrimônio Líquido;REAL;MIL;PENÚLTIMO;2023-04-01;2024-03-31;Reservas de Lucro;5.03;Saldos Iniciais Ajustados;2168558.0000000000;S
08.070.508/0001-78;2025-03-31;1;RAIZEN ENERGIA S.A.;023230;DF Individual - Demonstração das Mutações do Patrimônio Líquido;REAL;MIL;ÚLTIMO;2024-04-01;2025-03-31;Reservas de Lucro;5.03;Saldos Iniciais Ajustados;396488.0000000000;S
08.070.508/0001-78;2025-03-31;1;RAIZEN ENERGIA S.A.;023230;DF Individual - Demonstração das Mutações do Patrimônio Líquido;REAL;MIL;PENÚLTIMO;2023-04-01;2024-03-31;Lucros ou Prejuízos Acumulados;5.03;Saldos Iniciais Ajustados;0.0000000000;S
08.070.508/0001-78;2025-03-31;1;RAIZEN ENERGIA S.A.;023230;DF Individual - Demonstração das Mutações do Patrimônio Líquido;REAL;MIL;ÚLTIMO;2024-04-01;2025-03-31;Lucros ou Prejuízos Acumulados;5.03;Saldos Iniciais Ajustados;-161415.0000000000;S
08.070.508/0001-78;2025-03-31;1;RAIZEN ENERGIA S.A.;023230;DF Individual - Demonstração das Mutações do Patrimônio Líquido;REAL;MIL;PENÚLTIMO;2023-04-01;2024-03-31;Outros Resultados Abrangentes;5.03;Saldos Iniciais Ajustados;-559197.0000000000;S
08.070.508/0001-78;2025-03-31;1;RAIZEN ENERGIA S.A.;023230;DF Individual - Demonstração das Mutações do Patrimônio Líquido;REAL;MIL;ÚLTIMO;2024-04-01;2025-03-31;Outros Resultados Abrangentes;5.03;Saldos Iniciais Ajustados;-1717.0000000000;S
08.070.508/0001-78;2025-03-31;1;RAIZEN ENERGIA S.A.;023230;DF Individual - Demonstração das Mutações do Patrimônio Líquido;REAL;MIL;PENÚLTIMO;2023-04-01;2024-03-31;Patrimônio Líquido;5.03;Saldos Iniciais Ajustados;22146276.0000000000;S
08.070.508/0001-78;2025-03-31;1;RAIZEN ENERGIA S.A.;023230;DF Individual - Demonstração das Mutações do Patrimônio Líquido;REAL;MIL;ÚLTIMO;2024-04-01;2025-03-31;Patrimônio Líquido;5.03;Saldos Iniciais Ajustados;20008076.0000000000;S
08.070.508/0001-78;2025-03-31;1;RAIZEN ENERGIA S.A.;023230;DF Individual - Demonstração das Mutações do Patrimônio Líquido;REAL;MIL;PENÚLTIMO;2023-04-01;2024-03-31;Capital Social Integralizado;5.04;Transações de Capital com os Sócios;0.0000000000;S
08.070.508/0001-78;2025-03-31;1;RAIZEN ENERGIA S.A.;023230;DF Individual - Demonstração das Mutações do Patrimônio Líquido;REAL;MIL;ÚLTIMO;2024-04-01;2025-03-31;Capital Social Integralizado;5.04;Transações de Capital com os Sócios;1500000.0000000000;S
08.070.508/0001-78;2025-03-31;1;RAIZEN ENERGIA S.A.;023230;DF Individual - Demonstração das Mutações do Patrimônio Líquido;REAL;MIL;PENÚLTIMO;2023-04-01;2024-03-31;Reservas de Capital, Opções Outorgadas e Ações em Tesouraria;5.04;Transações de Capital com os Sócios;-762195.0000000000;S
08.070.508/0001-78;2025-03-31;1;RAIZEN ENERGIA S.A.;023230;DF Individual - Demonstração das Mutações do Patrimônio Líquido;REAL;MIL;ÚLTIMO;2024-04-01;2025-03-31;Reservas de Capital, Opções Outorgadas e Ações em Tesouraria;5.04;Transações de Capital com os Sócios;-3596.0000000000;S
08.070.508/0001-78;2025-03-31;1;RAIZEN ENERGIA S.A.;023230;DF Individual - Demonstração das Mutações do Patrimônio Líquido;REAL;MIL;PENÚLTIMO;2023-04-01;2024-03-31;Reservas de Lucro;5.04;Transações de Capital com os Sócios;-1772070.0000000000;S
08.070.508/0001-78;2025-03-31;1;RAIZEN ENERGIA S.A.;023230;DF Individual - Demonstração das Mutações do Patrimônio Líquido;REAL;MIL;ÚLTIMO;2024-04-01;2025-03-31;Reservas de Lucro;5.04;Transações de Capital com os Sócios;0.0000000000;S
08.070.508/0001-78;2025-03-31;1;RAIZEN ENERGIA S.A.;023230;DF Individual - Demonstração das Mutações do Patrimônio Líquido;REAL;MIL;PENÚLTIMO;2023-04-01;2024-03-31;Lucros ou Prejuízos Acumulados;5.04;Transações de Capital com os Sócios;1111273.0000000000;S
08.070.508/0001-78;2025-03-31;1;RAIZEN ENERGIA S.A.;023230;DF Individual - Demonstração das Mutações do Patrimônio Líquido;REAL;MIL;ÚLTIMO;2024-04-01;2025-03-31;Lucros ou Prejuízos Acumulados;5.04;Transações de Capital com os Sócios;0.0000000000;S
08.070.508/0001-78;2025-03-31;1;RAIZEN ENERGIA S.A.;023230;DF Individual - Demonstração das Mutações do Patrimônio Líquido;REAL;MIL;PENÚLTIMO;2023-04-01;2024-03-31;Outros Resultados Abrangentes;5.04;Transações de Capital com os Sócios;0.0000000000;S
08.070.508/0001-78;2025-03-31;1;RAIZEN ENERGIA S.A.;023230;DF Individual - Demonstração das Mutações do Patrimônio Líquido;REAL;MIL;ÚLTIMO;2024-04-01;2025-03-31;Outros Resultados Abrangentes;5.04;Transações de Capital com os Sócios;0.0000000000;S
08.070.508/0001-78;2025-03-31;1;RAIZEN ENERGIA S.A.;023230;DF Individual - Demonstração das Mutações do Patrimônio Líquido;REAL;MIL;PENÚLTIMO;2023-04-01;2024-03-31;Patrimônio Líquido;5.04;Transações de Capital com os Sócios;-1422992.0000000000;S
08.070.508/0001-78;2025-03-31;1;RAIZEN ENERGIA S.A.;023230;DF Individual - Demonstração das Mutações do Patrimônio Líquido;REAL;MIL;ÚLTIMO;2024-04-01;2025-03-31;Patrimônio Líquido;5.04;Transações de Capital com os Sócios;1496404.0000000000;S
08.070.508/0001-78;2025-03-31;1;RAIZEN ENERGIA S.A.;023230;DF Individual - Demonstração das Mutações do Patrimônio Líquido;REAL;MIL;PENÚLTIMO;2023-04-01;2024-03-31;Capital Social Integralizado;5.04.01;Aumentos de Capital;0.0000000000;S
08.070.508/0001-78;2025-03-31;1;RAIZEN ENERGIA S.A.;023230;DF Individual - Demonstração das Mutações do Patrimônio Líquido;REAL;MIL;ÚLTIMO;2024-04-01;2025-03-31;Capital Social Integralizado;5.04.01;Aumentos de Capital;1500000.0000000000;S
08.070.508/0001-78;2025-03-31;1;RAIZEN ENERGIA S.A.;023230;DF Individual - Demonstração das Mutações do Patrimônio Líquido;REAL;MIL;PENÚLTIMO;2023-04-01;2024-03-31;Reservas de Capital, Opções Outorgadas e Ações em Tesouraria;5.04.01;Aumentos de Capital;0.0000000000;S
08.070.508/0001-78;2025-03-31;1;RAIZEN ENERGIA S.A.;023230;DF Individual - Demonstração das Mutações do Patrimônio Líquido;REAL;MIL;ÚLTIMO;2024-04-01;2025-03-31;Reservas de Capital, Opções Outorgadas e Ações em Tesouraria;5.04.01;Aumentos de Capital;0.0000000000;S
08.070.508/0001-78;2025-03-31;1;RAIZEN ENERGIA S.A.;023230;DF Individual - Demonstração das Mutações do Patrimônio Líquido;REAL;MIL;PENÚLTIMO;2023-04-01;2024-03-31;Reservas de Lucro;5.04.01;Aumentos de Capital;0.0000000000;S
08.070.508/0001-78;2025-03-31;1;RAIZEN ENERGIA S.A.;023230;DF Individual - Demonstração das Mutações do Patrimônio Líquido;REAL;MIL;ÚLTIMO;2024-04-01;2025-03-31;Reservas de Lucro;5.04.01;Aumentos de Capital;0.0000000000;S
08.070.508/0001-78;2025-03-31;1;RAIZEN ENERGIA S.A.;023230;DF Individual - Demonstração das Mutações do Patrimônio Líquido;REAL;MIL;PENÚLTIMO;2023-04-01;2024-03-31;Lucros ou Prejuízos Acumulados;5.04.01;Aumentos de Capital;0.0000000000;S
08.070.508/0001-78;2025-03-31;1;RAIZEN ENERGIA S.A.;023230;DF Individual - Demonstração das Mutações do Patrimônio Líquido;REAL;MIL;ÚLTIMO;2024-04-01;2025-03-31;Lucros ou Prejuízos Acumulados;5.04.01;Aumentos de Capital;0.0000000000;S
08.070.508/0001-78;2025-03-31;1;RAIZEN ENERGIA S.A.;023230;DF Individual - Demonstração das Mutações do Patrimônio Líquido;REAL;MIL;PENÚLTIMO;2023-04-01;2024-03-31;Outros Resultados Abrangentes;5.04.01;Aumentos de Capital;0.0000000000;S
08.070.508/0001-78;2025-03-31;1;RAIZEN ENERGIA S.A.;023230;DF Individual - Demonstração das Mutações do Patrimônio Líquido;REAL;MIL;ÚLTIMO;2024-04-01;2025-03-31;Outros Resultados Abrangentes;5.04.01;Aumentos de Capital;0.0000000000;S
08.070.508/0001-78;2025-03-31;1;RAIZEN ENERGIA S.A.;023230;DF Individual - Demonstração das Mutações do Patrimônio Líquido;REAL;MIL;PENÚLTIMO;2023-04-01;2024-03-31;Patrimônio Líquido;5.04.01;Aumentos de Capital;0.0000000000;S
08.070.508/0001-78;2025-03-31;1;RAIZEN ENERGIA S.A.;023230;DF Individual - Demonstração das Mutações do Patrimônio Líquido;REAL;MIL;ÚLTIMO;2024-04-01;2025-03-31;Patrimônio Líquido;5.04.01;Aumentos de Capital;1500000.0000000000;S
08.070.508/0001-78;2025-03-31;1;RAIZEN ENERGIA S.A.;023230;DF Individual - Demonstração das Mutações do Patrimônio Líquido;REAL;MIL;PENÚLTIMO;2023-04-01;2024-03-31;Capital Social Integralizado;5.04.02;Gastos com Emissão de Ações;0.0000000000;S
08.070.508/0001-78;2025-03-31;1;RAIZEN ENERGIA S.A.;023230;DF Individual - Demonstração das Mutações do Patrimônio Líquido;REAL;MIL;ÚLTIMO;2024-04-01;2025-03-31;Capital Social Integralizado;5.04.02;Gastos com Emissão de Ações;0.0000000000;S
08.070.508/0001-78;2025-03-31;1;RAIZEN ENERGIA S.A.;023230;DF Individual - Demonstração das Mutações do Patrimônio Líquido;REAL;MIL;PENÚLTIMO;2023-04-01;2024-03-31;Reservas de Capital, Opções Outorgadas e Ações em Tesouraria;5.04.02;Gastos com Emissão de Ações;0.0000000000;S
08.070.508/0001-78;2025-03-31;1;RAIZEN ENERGIA S.A.;023230;DF Individual - Demonstração das Mutações do Patrimônio Líquido;REAL;MIL;ÚLTIMO;2024-04-01;2025-03-31;Reservas de Capital, Opções Outorgadas e Ações em Tesouraria;5.04.02;Gastos com Emissão de Ações;0.0000000000;S
08.070.508/0001-78;2025-03-31;1;RAIZEN ENERGIA S.A.;023230;DF Individual - Demonstração das Mutações do Patrimônio Líquido;REAL;MIL;PENÚLTIMO;2023-04-01;2024-03-31;Reservas de Lucro;5.04.02;Gastos com Emissão de Ações;0.0000000000;S
08.070.508/0001-78;2025-03-31;1;RAIZEN ENERGIA S.A.;023230;DF Individual - Demonstração das Mutações do Patrimônio Líquido;REAL;MIL;ÚLTIMO;2024-04-01;2025-03-31;Reservas de Lucro;5.04.02;Gastos com Emissão de Ações;0.0000000000;S
08.070.508/0001-78;2025-03-31;1;RAIZEN ENERGIA S.A.;023230;DF Individual - Demonstração das Mutações do Patrimônio Líquido;REAL;MIL;PENÚLTIMO;2023-04-01;2024-03-31;Lucros ou Prejuízos Acumulados;5.04.02;Gastos com Emissão de Ações;0.0000000000;S
08.070.508/0001-78;2025-03-31;1;RAIZEN ENERGIA S.A.;023230;DF Individual - Demonstração das Mutações do Patrimônio Líquido;REAL;MIL;ÚLTIMO;2024-04-01;2025-03-31;Lucros ou Prejuízos Acumulados;5.04.02;Gastos com Emissão de Ações;0.0000000000;S
08.070.508/0001-78;2025-03-31;1;RAIZEN ENERGIA S.A.;023230;DF Individual - Demonstração das Mutações do Patrimônio Líquido;REAL;MIL;PENÚLTIMO;2023-04-01;2024-03-31;Outros Resultados Abrangentes;5.04.02;Gastos com Emissão de Ações;0.0000000000;S
08.070.508/0001-78;2025-03-31;1;RAIZEN ENERGIA S.A.;023230;DF Individual - Demonstração das Mutações do Patrimônio Líquido;REAL;MIL;ÚLTIMO;2024-04-01;2025-03-31;Outros Resultados Abrangentes;5.04.02;Gastos com Emissão de Ações;0.0000000000;S
08.070.508/0001-78;2025-03-31;1;RAIZEN ENERGIA S.A.;023230;DF Individual - Demonstração das Mutações do Patrimônio Líquido;REAL;MIL;PENÚLTIMO;2023-04-01;2024-03-31;Patrimônio Líquido;5.04.02;Gastos com Emissão de Ações;0.0000000000;S
08.070.508/0001-78;2025-03-31;1;RAIZEN ENERGIA S.A.;023230;DF Individual - Demonstração das Mutações do Patrimônio Líquido;REAL;MIL;ÚLTIMO;2024-04-01;2025-03-31;Patrimônio Líquido;5.04.02;Gastos com Emissão de Ações;0.0000000000;S
08.070.508/0001-78;2025-03-31;1;RAIZEN ENERGIA S.A.;023230;DF Individual - Demonstração das Mutações do Patrimônio Líquido;REAL;MIL;PENÚLTIMO;2023-04-01;2024-03-31;Capital Social Integralizado;5.04.03;Opções Outorgadas Reconhecidas;0.0000000000;S
08.070.508/0001-78;2025-03-31;1;RAIZEN ENERGIA S.A.;023230;DF Individual - Demonstração das Mutações do Patrimônio Líquido;REAL;MIL;ÚLTIMO;2024-04-01;2025-03-31;Capital Social Integralizado;5.04.03;Opções Outorgadas Reconhecidas;0.0000000000;S
08.070.508/0001-78;2025-03-31;1;RAIZEN ENERGIA S.A.;023230;DF Individual - Demonstração das Mutações do Patrimônio Líquido;REAL;MIL;PENÚLTIMO;2023-04-01;2024-03-31;Reservas de Capital, Opções Outorgadas e Ações em Tesouraria;5.04.03;Opções Outorgadas Reconhecidas;0.0000000000;S
08.070.508/0001-78;2025-03-31;1;RAIZEN ENERGIA S.A.;023230;DF Individual - Demonstração das Mutações do Patrimônio Líquido;REAL;MIL;ÚLTIMO;2024-04-01;2025-03-31;Reservas de Capital, Opções Outorgadas e Ações em Tesouraria;5.04.03;Opções Outorgadas Reconhecidas;0.0000000000;S
08.070.508/0001-78;2025-03-31;1;RAIZEN ENERGIA S.A.;023230;DF Individual - Demonstração das Mutações do Patrimônio Líquido;REAL;MIL;PENÚLTIMO;2023-04-01;2024-03-31;Reservas de Lucro;5.04.03;Opções Outorgadas Reconhecidas;0.0000000000;S
08.070.508/0001-78;2025-03-31;1;RAIZEN ENERGIA S.A.;023230;DF Individual - Demonstração das Mutações do Patrimônio Líquido;REAL;MIL;ÚLTIMO;2024-04-01;2025-03-31;Reservas de Lucro;5.04.03;Opções Outorgadas Reconhecidas;0.0000000000;S
08.070.508/0001-78;2025-03-31;1;RAIZEN ENERGIA S.A.;023230;DF Individual - Demonstração das Mutações do Patrimônio Líquido;REAL;MIL;PENÚLTIMO;2023-04-01;2024-03-31;Lucros ou Prejuízos Acumulados;5.04.03;Opções Outorgadas Reconhecidas;0.0000000000;S
08.070.508/0001-78;2025-03-31;1;RAIZEN ENERGIA S.A.;023230;DF Individual - Demonstração das Mutações do Patrimônio Líquido;REAL;MIL;ÚLTIMO;2024-04-01;2025-03-31;Lucros ou Prejuízos Acumulados;5.04.03;Opções Outorgadas Reconhecidas;0.0000000000;S
08.070.508/0001-78;2025-03-31;1;RAIZEN ENERGIA S.A.;023230;DF Individual - Demonstração das Mutações do Patrimônio Líquido;REAL;MIL;PENÚLTIMO;2023-04-01;2024-03-31;Outros Resultados Abrangentes;5.04.03;Opções Outorgadas Reconhecidas;0.0000000000;S
08.070.508/0001-78;2025-03-31;1;RAIZEN ENERGIA S.A.;023230;DF Individual - Demonstração das Mutações do Patrimônio Líquido;REAL;MIL;ÚLTIMO;2024-04-01;2025-03-31;Outros Resultados Abrangentes;5.04.03;Opções Outorgadas Reconhecidas;0.0000000000;S
08.070.508/0001-78;2025-03-31;1;RAIZEN ENERGIA S.A.;023230;DF Individual - Demonstração das Mutações do Patrimônio Líquido;REAL;MIL;PENÚLTIMO;2023-04-01;2024-03-31;Patrimônio Líquido;5.04.03;Opções Outorgadas Reconhecidas;0.0000000000;S
08.070.508/0001-78;2025-03-31;1;RAIZEN ENERGIA S.A.;023230;DF Individual - Demonstração das Mutações do Patrimônio Líquido;REAL;MIL;ÚLTIMO;2024-04-01;2025-03-31;Patrimônio Líquido;5.04.03;Opções Outorgadas Reconhecidas;0.0000000000;S
08.070.508/0001-78;2025-03-31;1;RAIZEN ENERGIA S.A.;023230;DF Individual - Demonstração das Mutações do Patrimônio Líquido;REAL;MIL;PENÚLTIMO;2023-04-01;2024-03-31;Capital Social Integralizado;5.04.04;Ações em Tesouraria Adquiridas;0.0000000000;S
08.070.508/0001-78;2025-03-31;1;RAIZEN ENERGIA S.A.;023230;DF Individual - Demonstração das Mutações do Patrimônio Líquido;REAL;MIL;ÚLTIMO;2024-04-01;2025-03-31;Capital Social Integralizado;5.04.04;Ações em Tesouraria Adquiridas;0.0000000000;S
08.070.508/0001-78;2025-03-31;1;RAIZEN ENERGIA S.A.;023230;DF Individual - Demonstração das Mutações do Patrimônio Líquido;REAL;MIL;PENÚLTIMO;2023-04-01;2024-03-31;Reservas de Capital, Opções Outorgadas e Ações em Tesouraria;5.04.04;Ações em Tesouraria Adquiridas;0.0000000000;S
08.070.508/0001-78;2025-03-31;1;RAIZEN ENERGIA S.A.;023230;DF Individual - Demonstração das Mutações do Patrimônio Líquido;REAL;MIL;ÚLTIMO;2024-04-01;2025-03-31;Reservas de Capital, Opções Outorgadas e Ações em Tesouraria;5.04.04;Ações em Tesouraria Adquiridas;0.0000000000;S
08.070.508/0001-78;2025-03-31;1;RAIZEN ENERGIA S.A.;023230;DF Individual - Demonstração das Mutações do Patrimônio Líquido;REAL;MIL;PENÚLTIMO;2023-04-01;2024-03-31;Reservas de Lucro;5.04.04;Ações em Tesouraria Adquiridas;0.0000000000;S
08.070.508/0001-78;2025-03-31;1;RAIZEN ENERGIA S.A.;023230;DF Individual - Demonstração das Mutações do Patrimônio Líquido;REAL;MIL;ÚLTIMO;2024-04-01;2025-03-31;Reservas de Lucro;5.04.04;Ações em Tesouraria Adquiridas;0.0000000000;S
08.070.508/0001-78;2025-03-31;1;RAIZEN ENERGIA S.A.;023230;DF Individual - Demonstração das Mutações do Patrimônio Líquido;REAL;MIL;PENÚLTIMO;2023-04-01;2024-03-31;Lucros ou Prejuízos Acumulados;5.04.04;Ações em Tesouraria Adquiridas;0.0000000000;S
08.070.508/0001-78;2025-03-31;1;RAIZEN ENERGIA S.A.;023230;DF Individual - Demonstração das Mutações do Patrimônio Líquido;REAL;MIL;ÚLTIMO;2024-04-01;2025-03-31;Lucros ou Prejuízos Acumulados;5.04.04;Ações em Tesouraria Adquiridas;0.0000000000;S
08.070.508/0001-78;2025-03-31;1;RAIZEN ENERGIA S.A.;023230;DF Individual - Demonstração das Mutações do Patrimônio Líquido;REAL;MIL;PENÚLTIMO;2023-04-01;2024-03-31;Outros Resultados Abrangentes;5.04.04;Ações em Tesouraria Adquiridas;0.0000000000;S
08.070.508/0001-78;2025-03-31;1;RAIZEN ENERGIA S.A.;023230;DF Individual - Demonstração das Mutações do Patrimônio Líquido;REAL;MIL;ÚLTIMO;2024-04-01;2025-03-31;Outros Resultados Abrangentes;5.04.04;Ações em Tesouraria Adquiridas;0.0000000000;S
08.070.508/0001-78;2025-03-31;1;RAIZEN ENERGIA S.A.;023230;DF Individual - Demonstração das Mutações do Patrimônio Líquido;REAL;MIL;PENÚLTIMO;2023-04-01;2024-03-31;Patrimônio Líquido;5.04.04;Ações em Tesouraria Adquiridas;0.0000000000;S
08.070.508/0001-78;2025-03-31;1;RAIZEN ENERGIA S.A.;023230;DF Individual - Demonstração das Mutações do Patrimônio Líquido;REAL;MIL;ÚLTIMO;2024-04-01;2025-03-31;Patrimônio Líquido;5.04.04;Ações em Tesouraria Adquiridas;0.0000000000;S
08.070.508/0001-78;2025-03-31;1;RAIZEN ENERGIA S.A.;023230;DF Individual - Demonstração das Mutações do Patrimônio Líquido;REAL;MIL;PENÚLTIMO;2023-04-01;2024-03-31;Capital Social Integralizado;5.04.05;Ações em Tesouraria Vendidas;0.0000000000;S
08.070.508/0001-78;2025-03-31;1;RAIZEN ENERGIA S.A.;023230;DF Individual - Demonstração das Mutações do Patrimônio Líquido;REAL;MIL;ÚLTIMO;2024-04-01;2025-03-31;Capital Social Integralizado;5.04.05;Ações em Tesouraria Vendidas;0.0000000000;S
08.070.508/0001-78;2025-03-31;1;RAIZEN ENERGIA S.A.;023230;DF Individual - Demonstração das Mutações do Patrimônio Líquido;REAL;MIL;PENÚLTIMO;2023-04-01;2024-03-31;Reservas de Capital, Opções Outorgadas e Ações em Tesouraria;5.04.05;Ações em Tesouraria Vendidas;0.0000000000;S
08.070.508/0001-78;2025-03-31;1;RAIZEN ENERGIA S.A.;023230;DF Individual - Demonstração das Mutações do Patrimônio Líquido;REAL;MIL;ÚLTIMO;2024-04-01;2025-03-31;Reservas de Capital, Opções Outorgadas e Ações em Tesouraria;5.04.05;Ações em Tesouraria Vendidas;0.0000000000;S
08.070.508/0001-78;2025-03-31;1;RAIZEN ENERGIA S.A.;023230;DF Individual - Demonstração das Mutações do Patrimônio Líquido;REAL;MIL;PENÚLTIMO;2023-04-01;2024-03-31;Reservas de Lucro;5.04.05;Ações em Tesouraria Vendidas;0.0000000000;S
08.070.508/0001-78;2025-03-31;1;RAIZEN ENERGIA S.A.;023230;DF Individual - Demonstração das Mutações do Patrimônio Líquido;REAL;MIL;ÚLTIMO;2024-04-01;2025-03-31;Reservas de Lucro;5.04.05;Ações em Tesouraria Vendidas;0.0000000000;S
08.070.508/0001-78;2025-03-31;1;RAIZEN ENERGIA S.A.;023230;DF Individual - Demonstração das Mutações do Patrimônio Líquido;REAL;MIL;PENÚLTIMO;2023-04-01;2024-03-31;Lucros ou Prejuízos Acumulados;5.04.05;Ações em Tesouraria Vendidas;0.0000000000;S
08.070.508/0001-78;2025-03-31;1;RAIZEN ENERGIA S.A.;023230;DF Individual - Demonstração das Mutações do Patrimônio Líquido;REAL;MIL;ÚLTIMO;2024-04-01;2025-03-31;Lucros ou Prejuízos Acumulados;5.04.05;Ações em Tesouraria Vendidas;0.0000000000;S
08.070.508/0001-78;2025-03-31;1;RAIZEN ENERGIA S.A.;023230;DF Individual - Demonstração das Mutações do Patrimônio Líquido;REAL;MIL;PENÚLTIMO;2023-04-01;2024-03-31;Outros Resultados Abrangentes;5.04.05;Ações em Tesouraria Vendidas;0.0000000000;S
08.070.508/0001-78;2025-03-31;1;RAIZEN ENERGIA S.A.;023230;DF Individual - Demonstração das Mutações do Patrimônio Líquido;REAL;MIL;ÚLTIMO;2024-04-01;2025-03-31;Outros Resultados Abrangentes;5.04.05;Ações em Tesouraria Vendidas;0.0000000000;S
08.070.508/0001-78;2025-03-31;1;RAIZEN ENERGIA S.A.;023230;DF Individual - Demonstração das Mutações do Patrimônio Líquido;REAL;MIL;PENÚLTIMO;2023-04-01;2024-03-31;Patrimônio Líquido;5.04.05;Ações em Tesouraria Vendidas;0.0000000000;S
08.070.508/0001-78;2025-03-31;1;RAIZEN ENERGIA S.A.;023230;DF Individual - Demonstração das Mutações do Patrimônio Líquido;REAL;MIL;ÚLTIMO;2024-04-01;2025-03-31;Patrimônio Líquido;5.04.05;Ações em Tesouraria Vendidas;0.0000000000;S
08.070.508/0001-78;2025-03-31;1;RAIZEN ENERGIA S.A.;023230;DF Individual - Demonstração das Mutações do Patrimônio Líquido;REAL;MIL;PENÚLTIMO;2023-04-01;2024-03-31;Capital Social Integralizado;5.04.06;Dividendos;0.0000000000;S
08.070.508/0001-78;2025-03-31;1;RAIZEN ENERGIA S.A.;023230;DF Individual - Demonstração das Mutações do Patrimônio Líquido;REAL;MIL;ÚLTIMO;2024-04-01;2025-03-31;Capital Social Integralizado;5.04.06;Dividendos;0.0000000000;S
08.070.508/0001-78;2025-03-31;1;RAIZEN ENERGIA S.A.;023230;DF Individual - Demonstração das Mutações do Patrimônio Líquido;REAL;MIL;PENÚLTIMO;2023-04-01;2024-03-31;Reservas de Capital, Opções Outorgadas e Ações em Tesouraria;5.04.06;Dividendos;0.0000000000;S
08.070.508/0001-78;2025-03-31;1;RAIZEN ENERGIA S.A.;023230;DF Individual - Demonstração das Mutações do Patrimônio Líquido;REAL;MIL;ÚLTIMO;2024-04-01;2025-03-31;Reservas de Capital, Opções Outorgadas e Ações em Tesouraria;5.04.06;Dividendos;0.0000000000;S
08.070.508/0001-78;2025-03-31;1;RAIZEN ENERGIA S.A.;023230;DF Individual - Demonstração das Mutações do Patrimônio Líquido;REAL;MIL;PENÚLTIMO;2023-04-01;2024-03-31;Reservas de Lucro;5.04.06;Dividendos;0.0000000000;S
08.070.508/0001-78;2025-03-31;1;RAIZEN ENERGIA S.A.;023230;DF Individual - Demonstração das Mutações do Patrimônio Líquido;REAL;MIL;ÚLTIMO;2024-04-01;2025-03-31;Reservas de Lucro;5.04.06;Dividendos;0.0000000000;S
08.070.508/0001-78;2025-03-31;1;RAIZEN ENERGIA S.A.;023230;DF Individual - Demonstração das Mutações do Patrimônio Líquido;REAL;MIL;PENÚLTIMO;2023-04-01;2024-03-31;Lucros ou Prejuízos Acumulados;5.04.06;Dividendos;0.0000000000;S
08.070.508/0001-78;2025-03-31;1;RAIZEN ENERGIA S.A.;023230;DF Individual - Demonstração das Mutações do Patrimônio Líquido;REAL;MIL;ÚLTIMO;2024-04-01;2025-03-31;Lucros ou Prejuízos Acumulados;5.04.06;Dividendos;0.0000000000;S
08.070.508/0001-78;2025-03-31;1;RAIZEN ENERGIA S.A.;023230;DF Individual - Demonstração das Mutações do Patrimônio Líquido;REAL;MIL;PENÚLTIMO;2023-04-01;2024-03-31;Outros Resultados Abrangentes;5.04.06;Dividendos;0.0000000000;S
08.070.508/0001-78;2025-03-31;1;RAIZEN ENERGIA S.A.;023230;DF Individual - Demonstração das Mutações do Patrimônio Líquido;REAL;MIL;ÚLTIMO;2024-04-01;2025-03-31;Outros Resultados Abrangentes;5.04.06;Dividendos;0.0000000000;S
08.070.508/0001-78;2025-03-31;1;RAIZEN ENERGIA S.A.;023230;DF Individual - Demonstração das Mutações do Patrimônio Líquido;REAL;MIL;PENÚLTIMO;2023-04-01;2024-03-31;Patrimônio Líquido;5.04.06;Dividendos;0.0000000000;S
08.070.508/0001-78;2025-03-31;1;RAIZEN ENERGIA S.A.;023230;DF Individual - Demonstração das Mutações do Patrimônio Líquido;REAL;MIL;ÚLTIMO;2024-04-01;2025-03-31;Patrimônio Líquido;5.04.06;Dividendos;0.0000000000;S
08.070.508/0001-78;2025-03-31;1;RAIZEN ENERGIA S.A.;023230;DF Individual - Demonstração das Mutações do Patrimônio Líquido;REAL;MIL;PENÚLTIMO;2023-04-01;2024-03-31;Capital Social Integralizado;5.04.07;Juros sobre Capital Próprio;0.0000000000;S
08.070.508/0001-78;2025-03-31;1;RAIZEN ENERGIA S.A.;023230;DF Individual - Demonstração das Mutações do Patrimônio Líquido;REAL;MIL;ÚLTIMO;2024-04-01;2025-03-31;Capital Social Integralizado;5.04.07;Juros sobre Capital Próprio;0.0000000000;S
08.070.508/0001-78;2025-03-31;1;RAIZEN ENERGIA S.A.;023230;DF Individual - Demonstração das Mutações do Patrimônio Líquido;REAL;MIL;PENÚLTIMO;2023-04-01;2024-03-31;Reservas de Capital, Opções Outorgadas e Ações em Tesouraria;5.04.07;Juros sobre Capital Próprio;0.0000000000;S
08.070.508/0001-78;2025-03-31;1;RAIZEN ENERGIA S.A.;023230;DF Individual - Demonstração das Mutações do Patrimônio Líquido;REAL;MIL;ÚLTIMO;2024-04-01;2025-03-31;Reservas de Capital, Opções Outorgadas e Ações em Tesouraria;5.04.07;Juros sobre Capital Próprio;0.0000000000;S
08.070.508/0001-78;2025-03-31;1;RAIZEN ENERGIA S.A.;023230;DF Individual - Demonstração das Mutações do Patrimônio Líquido;REAL;MIL;PENÚLTIMO;2023-04-01;2024-03-31;Reservas de Lucro;5.04.07;Juros sobre Capital Próprio;0.0000000000;S
08.070.508/0001-78;2025-03-31;1;RAIZEN ENERGIA S.A.;023230;DF Individual - Demonstração das Mutações do Patrimônio Líquido;REAL;MIL;ÚLTIMO;2024-04-01;2025-03-31;Reservas de Lucro;5.04.07;Juros sobre Capital Próprio;0.0000000000;S
08.070.508/0001-78;2025-03-31;1;RAIZEN ENERGIA S.A.;023230;DF Individual - Demonstração das Mutações do Patrimônio Líquido;REAL;MIL;PENÚLTIMO;2023-04-01;2024-03-31;Lucros ou Prejuízos Acumulados;5.04.07;Juros sobre Capital Próprio;0.0000000000;S
08.070.508/0001-78;2025-03-31;1;RAIZEN ENERGIA S.A.;023230;DF Individual - Demonstração das Mutações do Patrimônio Líquido;REAL;MIL;ÚLTIMO;2024-04-01;2025-03-31;Lucros ou Prejuízos Acumulados;5.04.07;Juros sobre Capital Próprio;0.0000000000;S
08.070.508/0001-78;2025-03-31;1;RAIZEN ENERGIA S.A.;023230;DF Individual - Demonstração das Mutações do Patrimônio Líquido;REAL;MIL;PENÚLTIMO;2023-04-01;2024-03-31;Outros Resultados Abrangentes;5.04.07;Juros sobre Capital Próprio;0.0000000000;S
08.070.508/0001-78;2025-03-31;1;RAIZEN ENERGIA S.A.;023230;DF Individual - Demonstração das Mutações do Patrimônio Líquido;REAL;MIL;ÚLTIMO;2024-04-01;2025-03-31;Outros Resultados Abrangentes;5.04.07;Juros sobre Capital Próprio;0.0000000000;S
08.070.508/0001-78;2025-03-31;1;RAIZEN ENERGIA S.A.;023230;DF Individual - Demonstração das Mutações do Patrimônio Líquido;REAL;MIL;PENÚLTIMO;2023-04-01;2024-03-31;Patrimônio Líquido;5.04.07;Juros sobre Capital Próprio;0.0000000000;S
08.070.508/0001-78;2025-03-31;1;RAIZEN ENERGIA S.A.;023230;DF Individual - Demonstração das Mutações do Patrimônio Líquido;REAL;MIL;ÚLTIMO;2024-04-01;2025-03-31;Patrimônio Líquido;5.04.07;Juros sobre Capital Próprio;0.0000000000;S
08.070.508/0001-78;2025-03-31;1;RAIZEN ENERGIA S.A.;023230;DF Individual - Demonstração das Mutações do Patrimônio Líquido;REAL;MIL;ÚLTIMO;2024-04-01;2025-03-31;Capital Social Integralizado;5.04.08;Compra de participação em controlada;0.0000000000;N
08.070.508/0001-78;2025-03-31;1;RAIZEN ENERGIA S.A.;023230;DF Individual - Demonstração das Mutações do Patrimônio Líquido;REAL;MIL;ÚLTIMO;2024-04-01;2025-03-31;Reservas de Capital, Opções Outorgadas e Ações em Tesouraria;5.04.08;Compra de participação em controlada;0.0000000000;N
08.070.508/0001-78;2025-03-31;1;RAIZEN ENERGIA S.A.;023230;DF Individual - Demonstração das Mutações do Patrimônio Líquido;REAL;MIL;ÚLTIMO;2024-04-01;2025-03-31;Reservas de Lucro;5.04.08;Compra de participação em controlada;0.0000000000;N
08.070.508/0001-78;2025-03-31;1;RAIZEN ENERGIA S.A.;023230;DF Individual - Demonstração das Mutações do Patrimônio Líquido;REAL;MIL;ÚLTIMO;2024-04-01;2025-03-31;Lucros ou Prejuízos Acumulados;5.04.08;Compra de participação em controlada;0.0000000000;N
08.070.508/0001-78;2025-03-31;1;RAIZEN ENERGIA S.A.;023230;DF Individual - Demonstração das Mutações do Patrimônio Líquido;REAL;MIL;ÚLTIMO;2024-04-01;2025-03-31;Outros Resultados Abrangentes;5.04.08;Compra de participação em controlada;0.0000000000;N
08.070.508/0001-78;2025-03-31;1;RAIZEN ENERGIA S.A.;023230;DF Individual - Demonstração das Mutações do Patrimônio Líquido;REAL;MIL;ÚLTIMO;2024-04-01;2025-03-31;Patrimônio Líquido;5.04.08;Compra de participação em controlada;0.0000000000;N
08.070.508/0001-78;2025-03-31;1;RAIZEN ENERGIA S.A.;023230;DF Individual - Demonstração das Mutações do Patrimônio Líquido;REAL;MIL;PENÚLTIMO;2023-04-01;2024-03-31;Capital Social Integralizado;5.04.09;Efeito reflexo da compra de participação em controlada;0.0000000000;N
08.070.508/0001-78;2025-03-31;1;RAIZEN ENERGIA S.A.;023230;DF Individual - Demonstração das Mutações do Patrimônio Líquido;REAL;MIL;ÚLTIMO;2024-04-01;2025-03-31;Capital Social Integralizado;5.04.09;Efeito reflexo da compra de participação em controlada;0.0000000000;N
08.070.508/0001-78;2025-03-31;1;RAIZEN ENERGIA S.A.;023230;DF Individual - Demonstração das Mutações do Patrimônio Líquido;REAL;MIL;PENÚLTIMO;2023-04-01;2024-03-31;Reservas de Capital, Opções Outorgadas e Ações em Tesouraria;5.04.09;Efeito reflexo da compra de participação em controlada;-12772.0000000000;N
08.070.508/0001-78;2025-03-31;1;RAIZEN ENERGIA S.A.;023230;DF Individual - Demonstração das Mutações do Patrimônio Líquido;REAL;MIL;ÚLTIMO;2024-04-01;2025-03-31;Reservas de Capital, Opções Outorgadas e Ações em Tesouraria;5.04.09;Efeito reflexo da compra de participação em controlada;-3596.0000000000;N
08.070.508/0001-78;2025-03-31;1;RAIZEN ENERGIA S.A.;023230;DF Individual - Demonstração das Mutações do Patrimônio Líquido;REAL;MIL;PENÚLTIMO;2023-04-01;2024-03-31;Reservas de Lucro;5.04.09;Efeito reflexo da compra de participação em controlada;0.0000000000;N
08.070.508/0001-78;2025-03-31;1;RAIZEN ENERGIA S.A.;023230;DF Individual - Demonstração das Mutações do Patrimônio Líquido;REAL;MIL;ÚLTIMO;2024-04-01;2025-03-31;Reservas de Lucro;5.04.09;Efeito reflexo da compra de participação em controlada;0.0000000000;N
08.070.508/0001-78;2025-03-31;1;RAIZEN ENERGIA S.A.;023230;DF Individual - Demonstração das Mutações do Patrimônio Líquido;REAL;MIL;PENÚLTIMO;2023-04-01;2024-03-31;Lucros ou Prejuízos Acumulados;5.04.09;Efeito reflexo da compra de participação em controlada;0.0000000000;N
08.070.508/0001-78;2025-03-31;1;RAIZEN ENERGIA S.A.;023230;DF Individual - Demonstração das Mutações do Patrimônio Líquido;REAL;MIL;ÚLTIMO;2024-04-01;2025-03-31;Lucros ou Prejuízos Acumulados;5.04.09;Efeito reflexo da compra de participação em controlada;0.0000000000;N
08.070.508/0001-78;2025-03-31;1;RAIZEN ENERGIA S.A.;023230;DF Individual - Demonstração das Mutações do Patrimônio Líquido;REAL;MIL;PENÚLTIMO;2023-04-01;2024-03-31;Outros Resultados Abrangentes;5.04.09;Efeito reflexo da compra de participação em controlada;0.0000000000;N
08.070.508/0001-78;2025-03-31;1;RAIZEN ENERGIA S.A.;023230;DF Individual - Demonstração das Mutações do Patrimônio Líquido;REAL;MIL;ÚLTIMO;2024-04-01;2025-03-31;Outros Resultados Abrangentes;5.04.09;Efeito reflexo da compra de participação em controlada;0.0000000000;N
08.070.508/0001-78;2025-03-31;1;RAIZEN ENERGIA S.A.;023230;DF Individual - Demonstração das Mutações do Patrimônio Líquido;REAL;MIL;PENÚLTIMO;2023-04-01;2024-03-31;Patrimônio Líquido;5.04.09;Efeito reflexo da compra de participação em controlada;-12772.0000000000;N
08.070.508/0001-78;2025-03-31;1;RAIZEN ENERGIA S.A.;023230;DF Individual - Demonstração das Mutações do Patrimônio Líquido;REAL;MIL;ÚLTIMO;2024-04-01;2025-03-31;Patrimônio Líquido;5.04.09;Efeito reflexo da compra de participação em controlada;-3596.0000000000;N
08.070.508/0001-78;2025-03-31;1;RAIZEN ENERGIA S.A.;023230;DF Individual - Demonstração das Mutações do Patrimônio Líquido;REAL;MIL;ÚLTIMO;2024-04-01;2025-03-31;Capital Social Integralizado;5.04.10;Reorganização societária;0.0000000000;N
08.070.508/0001-78;2025-03-31;1;RAIZEN ENERGIA S.A.;023230;DF Individual - Demonstração das Mutações do Patrimônio Líquido;REAL;MIL;ÚLTIMO;2024-04-01;2025-03-31;Reservas de Capital, Opções Outorgadas e Ações em Tesouraria;5.04.10;Reorganização societária;0.0000000000;N
08.070.508/0001-78;2025-03-31;1;RAIZEN ENERGIA S.A.;023230;DF Individual - Demonstração das Mutações do Patrimônio Líquido;REAL;MIL;ÚLTIMO;2024-04-01;2025-03-31;Reservas de Lucro;5.04.10;Reorganização societária;0.0000000000;N
08.070.508/0001-78;2025-03-31;1;RAIZEN ENERGIA S.A.;023230;DF Individual - Demonstração das Mutações do Patrimônio Líquido;REAL;MIL;ÚLTIMO;2024-04-01;2025-03-31;Lucros ou Prejuízos Acumulados;5.04.10;Reorganização societária;0.0000000000;N
08.070.508/0001-78;2025-03-31;1;RAIZEN ENERGIA S.A.;023230;DF Individual - Demonstração das Mutações do Patrimônio Líquido;REAL;MIL;ÚLTIMO;2024-04-01;2025-03-31;Outros Resultados Abrangentes;5.04.10;Reorganização societária;0.0000000000;N
08.070.508/0001-78;2025-03-31;1;RAIZEN ENERGIA S.A.;023230;DF Individual - Demonstração das Mutações do Patrimônio Líquido;REAL;MIL;ÚLTIMO;2024-04-01;2025-03-31;Patrimônio Líquido;5.04.10;Reorganização societária;0.0000000000;N
08.070.508/0001-78;2025-03-31;1;RAIZEN ENERGIA S.A.;023230;DF Individual - Demonstração das Mutações do Patrimônio Líquido;REAL;MIL;ÚLTIMO;2024-04-01;2025-03-31;Capital Social Integralizado;5.04.11;Dividendos mínimos obrigatórios;0.0000000000;N
08.070.508/0001-78;2025-03-31;1;RAIZEN ENERGIA S.A.;023230;DF Individual - Demonstração das Mutações do Patrimônio Líquido;REAL;MIL;ÚLTIMO;2024-04-01;2025-03-31;Reservas de Capital, Opções Outorgadas e Ações em Tesouraria;5.04.11;Dividendos mínimos obrigatórios;0.0000000000;N
08.070.508/0001-78;2025-03-31;1;RAIZEN ENERGIA S.A.;023230;DF Individual - Demonstração das Mutações do Patrimônio Líquido;REAL;MIL;ÚLTIMO;2024-04-01;2025-03-31;Reservas de Lucro;5.04.11;Dividendos mínimos obrigatórios;0.0000000000;N
08.070.508/0001-78;2025-03-31;1;RAIZEN ENERGIA S.A.;023230;DF Individual - Demonstração das Mutações do Patrimônio Líquido;REAL;MIL;ÚLTIMO;2024-04-01;2025-03-31;Lucros ou Prejuízos Acumulados;5.04.11;Dividendos mínimos obrigatórios;0.0000000000;N
08.070.508/0001-78;2025-03-31;1;RAIZEN ENERGIA S.A.;023230;DF Individual - Demonstração das Mutações do Patrimônio Líquido;REAL;MIL;ÚLTIMO;2024-04-01;2025-03-31;Outros Resultados Abrangentes;5.04.11;Dividendos mínimos obrigatórios;0.0000000000;N
08.070.508/0001-78;2025-03-31;1;RAIZEN ENERGIA S.A.;023230;DF Individual - Demonstração das Mutações do Patrimônio Líquido;REAL;MIL;ÚLTIMO;2024-04-01;2025-03-31;Patrimônio Líquido;5.04.11;Dividendos mínimos obrigatórios;0.0000000000;N
08.070.508/0001-78;2025-03-31;1;RAIZEN ENERGIA S.A.;023230;DF Individual - Demonstração das Mutações do Patrimônio Líquido;REAL;MIL;ÚLTIMO;2024-04-01;2025-03-31;Capital Social Integralizado;5.04.12;Constituição de reserva de incentivos fiscais de controladas;0.0000000000;N
08.070.508/0001-78;2025-03-31;1;RAIZEN ENERGIA S.A.;023230;DF Individual - Demonstração das Mutações do Patrimônio Líquido;REAL;MIL;ÚLTIMO;2024-04-01;2025-03-31;Reservas de Capital, Opções Outorgadas e Ações em Tesouraria;5.04.12;Constituição de reserva de incentivos fiscais de controladas;0.0000000000;N
08.070.508/0001-78;2025-03-31;1;RAIZEN ENERGIA S.A.;023230;DF Individual - Demonstração das Mutações do Patrimônio Líquido;REAL;MIL;ÚLTIMO;2024-04-01;2025-03-31;Reservas de Lucro;5.04.12;Constituição de reserva de incentivos fiscais de controladas;0.0000000000;N
08.070.508/0001-78;2025-03-31;1;RAIZEN ENERGIA S.A.;023230;DF Individual - Demonstração das Mutações do Patrimônio Líquido;REAL;MIL;ÚLTIMO;2024-04-01;2025-03-31;Lucros ou Prejuízos Acumulados;5.04.12;Constituição de reserva de incentivos fiscais de controladas;0.0000000000;N
08.070.508/0001-78;2025-03-31;1;RAIZEN ENERGIA S.A.;023230;DF Individual - Demonstração das Mutações do Patrimônio Líquido;REAL;MIL;ÚLTIMO;2024-04-01;2025-03-31;Outros Resultados Abrangentes;5.04.12;Constituição de reserva de incentivos fiscais de controladas;0.0000000000;N
08.070.508/0001-78;2025-03-31;1;RAIZEN ENERGIA S.A.;023230;DF Individual - Demonstração das Mutações do Patrimônio Líquido;REAL;MIL;ÚLTIMO;2024-04-01;2025-03-31;Patrimônio Líquido;5.04.12;Constituição de reserva de incentivos fiscais de controladas;0.0000000000;N
08.070.508/0001-78;2025-03-31;1;RAIZEN ENERGIA S.A.;023230;DF Individual - Demonstração das Mutações do Patrimônio Líquido;REAL;MIL;PENÚLTIMO;2023-04-01;2024-03-31;Capital Social Integralizado;5.04.13;Absorção de prejuízo com reservas;0.0000000000;N
08.070.508/0001-78;2025-03-31;1;RAIZEN ENERGIA S.A.;023230;DF Individual - Demonstração das Mutações do Patrimônio Líquido;REAL;MIL;ÚLTIMO;2024-04-01;2025-03-31;Capital Social Integralizado;5.04.13;Absorção de prejuízo com reservas;0.0000000000;N
08.070.508/0001-78;2025-03-31;1;RAIZEN ENERGIA S.A.;023230;DF Individual - Demonstração das Mutações do Patrimônio Líquido;REAL;MIL;PENÚLTIMO;2023-04-01;2024-03-31;Reservas de Capital, Opções Outorgadas e Ações em Tesouraria;5.04.13;Absorção de prejuízo com reservas;-749423.0000000000;N
08.070.508/0001-78;2025-03-31;1;RAIZEN ENERGIA S.A.;023230;DF Individual - Demonstração das Mutações do Patrimônio Líquido;REAL;MIL;ÚLTIMO;2024-04-01;2025-03-31;Reservas de Capital, Opções Outorgadas e Ações em Tesouraria;5.04.13;Absorção de prejuízo com reservas;0.0000000000;N
08.070.508/0001-78;2025-03-31;1;RAIZEN ENERGIA S.A.;023230;DF Individual - Demonstração das Mutações do Patrimônio Líquido;REAL;MIL;PENÚLTIMO;2023-04-01;2024-03-31;Reservas de Lucro;5.04.13;Absorção de prejuízo com reservas;-361860.0000000000;N
08.070.508/0001-78;2025-03-31;1;RAIZEN ENERGIA S.A.;023230;DF Individual - Demonstração das Mutações do Patrimônio Líquido;REAL;MIL;ÚLTIMO;2024-04-01;2025-03-31;Reservas de Lucro;5.04.13;Absorção de prejuízo com reservas;0.0000000000;N
08.070.508/0001-78;2025-03-31;1;RAIZEN ENERGIA S.A.;023230;DF Individual - Demonstração das Mutações do Patrimônio Líquido;REAL;MIL;PENÚLTIMO;2023-04-01;2024-03-31;Lucros ou Prejuízos Acumulados;5.04.13;Absorção de prejuízo com reservas;1111283.0000000000;N
08.070.508/0001-78;2025-03-31;1;RAIZEN ENERGIA S.A.;023230;DF Individual - Demonstração das Mutações do Patrimônio Líquido;REAL;MIL;ÚLTIMO;2024-04-01;2025-03-31;Lucros ou Prejuízos Acumulados;5.04.13;Absorção de prejuízo com reservas;0.0000000000;N
08.070.508/0001-78;2025-03-31;1;RAIZEN ENERGIA S.A.;023230;DF Individual - Demonstração das Mutações do Patrimônio Líquido;REAL;MIL;PENÚLTIMO;2023-04-01;2024-03-31;Outros Resultados Abrangentes;5.04.13;Absorção de prejuízo com reservas;0.0000000000;N
08.070.508/0001-78;2025-03-31;1;RAIZEN ENERGIA S.A.;023230;DF Individual - Demonstração das Mutações do Patrimônio Líquido;REAL;MIL;ÚLTIMO;2024-04-01;2025-03-31;Outros Resultados Abrangentes;5.04.13;Absorção de prejuízo com reservas;0.0000000000;N
08.070.508/0001-78;2025-03-31;1;RAIZEN ENERGIA S.A.;023230;DF Individual - Demonstração das Mutações do Patrimônio Líquido;REAL;MIL;PENÚLTIMO;2023-04-01;2024-03-31;Patrimônio Líquido;5.04.13;Absorção de prejuízo com reservas;0.0000000000;N
08.070.508/0001-78;2025-03-31;1;RAIZEN ENERGIA S.A.;023230;DF Individual - Demonstração das Mutações do Patrimônio Líquido;REAL;MIL;ÚLTIMO;2024-04-01;2025-03-31;Patrimônio Líquido;5.04.13;Absorção de prejuízo com reservas;0.0000000000;N
08.070.508/0001-78;2025-03-31;1;RAIZEN ENERGIA S.A.;023230;DF Individual - Demonstração das Mutações do Patrimônio Líquido;REAL;MIL;PENÚLTIMO;2023-04-01;2024-03-31;Capital Social Integralizado;5.04.14;Outros;0.0000000000;N
08.070.508/0001-78;2025-03-31;1;RAIZEN ENERGIA S.A.;023230;DF Individual - Demonstração das Mutações do Patrimônio Líquido;REAL;MIL;ÚLTIMO;2024-04-01;2025-03-31;Capital Social Integralizado;5.04.14;Outros;0.0000000000;N
08.070.508/0001-78;2025-03-31;1;RAIZEN ENERGIA S.A.;023230;DF Individual - Demonstração das Mutações do Patrimônio Líquido;REAL;MIL;PENÚLTIMO;2023-04-01;2024-03-31;Reservas de Capital, Opções Outorgadas e Ações em Tesouraria;5.04.14;Outros;0.0000000000;N
08.070.508/0001-78;2025-03-31;1;RAIZEN ENERGIA S.A.;023230;DF Individual - Demonstração das Mutações do Patrimônio Líquido;REAL;MIL;ÚLTIMO;2024-04-01;2025-03-31;Reservas de Capital, Opções Outorgadas e Ações em Tesouraria;5.04.14;Outros;0.0000000000;N
08.070.508/0001-78;2025-03-31;1;RAIZEN ENERGIA S.A.;023230;DF Individual - Demonstração das Mutações do Patrimônio Líquido;REAL;MIL;PENÚLTIMO;2023-04-01;2024-03-31;Reservas de Lucro;5.04.14;Outros;0.0000000000;N
08.070.508/0001-78;2025-03-31;1;RAIZEN ENERGIA S.A.;023230;DF Individual - Demonstração das Mutações do Patrimônio Líquido;REAL;MIL;ÚLTIMO;2024-04-01;2025-03-31;Reservas de Lucro;5.04.14;Outros;0.0000000000;N
08.070.508/0001-78;2025-03-31;1;RAIZEN ENERGIA S.A.;023230;DF Individual - Demonstração das Mutações do Patrimônio Líquido;REAL;MIL;PENÚLTIMO;2023-04-01;2024-03-31;Lucros ou Prejuízos Acumulados;5.04.14;Outros;-10.0000000000;N
08.070.508/0001-78;2025-03-31;1;RAIZEN ENERGIA S.A.;023230;DF Individual - Demonstração das Mutações do Patrimônio Líquido;REAL;MIL;ÚLTIMO;2024-04-01;2025-03-31;Lucros ou Prejuízos Acumulados;5.04.14;Outros;0.0000000000;N
08.070.508/0001-78;2025-03-31;1;RAIZEN ENERGIA S.A.;023230;DF Individual - Demonstração das Mutações do Patrimônio Líquido;REAL;MIL;PENÚLTIMO;2023-04-01;2024-03-31;Outros Resultados Abrangentes;5.04.14;Outros;0.0000000000;N
08.070.508/0001-78;2025-03-31;1;RAIZEN ENERGIA S.A.;023230;DF Individual - Demonstração das Mutações do Patrimônio Líquido;REAL;MIL;ÚLTIMO;2024-04-01;2025-03-31;Outros Resultados Abrangentes;5.04.14;Outros;0.0000000000;N
08.070.508/0001-78;2025-03-31;1;RAIZEN ENERGIA S.A.;023230;DF Individual - Demonstração das Mutações do Patrimônio Líquido;REAL;MIL;PENÚLTIMO;2023-04-01;2024-03-31;Patrimônio Líquido;5.04.14;Outros;-10.0000000000;N
08.070.508/0001-78;2025-03-31;1;RAIZEN ENERGIA S.A.;023230;DF Individual - Demonstração das Mutações do Patrimônio Líquido;REAL;MIL;ÚLTIMO;2024-04-01;2025-03-31;Patrimônio Líquido;5.04.14;Outros;0.0000000000;N
08.070.508/0001-78;2025-03-31;1;RAIZEN ENERGIA S.A.;023230;DF Individual - Demonstração das Mutações do Patrimônio Líquido;REAL;MIL;PENÚLTIMO;2023-04-01;2024-03-31;Capital Social Integralizado;5.04.15;Pagamento de dividendos;0.0000000000;N
08.070.508/0001-78;2025-03-31;1;RAIZEN ENERGIA S.A.;023230;DF Individual - Demonstração das Mutações do Patrimônio Líquido;REAL;MIL;PENÚLTIMO;2023-04-01;2024-03-31;Reservas de Capital, Opções Outorgadas e Ações em Tesouraria;5.04.15;Pagamento de dividendos;0.0000000000;N
08.070.508/0001-78;2025-03-31;1;RAIZEN ENERGIA S.A.;023230;DF Individual - Demonstração das Mutações do Patrimônio Líquido;REAL;MIL;PENÚLTIMO;2023-04-01;2024-03-31;Reservas de Lucro;5.04.15;Pagamento de dividendos;-1410210.0000000000;N
08.070.508/0001-78;2025-03-31;1;RAIZEN ENERGIA S.A.;023230;DF Individual - Demonstração das Mutações do Patrimônio Líquido;REAL;MIL;PENÚLTIMO;2023-04-01;2024-03-31;Lucros ou Prejuízos Acumulados;5.04.15;Pagamento de dividendos;0.0000000000;N
08.070.508/0001-78;2025-03-31;1;RAIZEN ENERGIA S.A.;023230;DF Individual - Demonstração das Mutações do Patrimônio Líquido;REAL;MIL;PENÚLTIMO;2023-04-01;2024-03-31;Outros Resultados Abrangentes;5.04.15;Pagamento de dividendos;0.0000000000;N
08.070.508/0001-78;2025-03-31;1;RAIZEN ENERGIA S.A.;023230;DF Individual - Demonstração das Mutações do Patrimônio Líquido;REAL;MIL;PENÚLTIMO;2023-04-01;2024-03-31;Patrimônio Líquido;5.04.15;Pagamento de dividendos;-1410210.0000000000;N
08.070.508/0001-78;2025-03-31;1;RAIZEN ENERGIA S.A.;023230;DF Individual - Demonstração das Mutações do Patrimônio Líquido;REAL;MIL;PENÚLTIMO;2023-04-01;2024-03-31;Capital Social Integralizado;5.05;Resultado Abrangente Total;0.0000000000;S
08.070.508/0001-78;2025-03-31;1;RAIZEN ENERGIA S.A.;023230;DF Individual - Demonstração das Mutações do Patrimônio Líquido;REAL;MIL;ÚLTIMO;2024-04-01;2025-03-31;Capital Social Integralizado;5.05;Resultado Abrangente Total;0.0000000000;S
08.070.508/0001-78;2025-03-31;1;RAIZEN ENERGIA S.A.;023230;DF Individual - Demonstração das Mutações do Patrimônio Líquido;REAL;MIL;PENÚLTIMO;2023-04-01;2024-03-31;Reservas de Capital, Opções Outorgadas e Ações em Tesouraria;5.05;Resultado Abrangente Total;0.0000000000;S
08.070.508/0001-78;2025-03-31;1;RAIZEN ENERGIA S.A.;023230;DF Individual - Demonstração das Mutações do Patrimônio Líquido;REAL;MIL;ÚLTIMO;2024-04-01;2025-03-31;Reservas de Capital, Opções Outorgadas e Ações em Tesouraria;5.05;Resultado Abrangente Total;0.0000000000;S
08.070.508/0001-78;2025-03-31;1;RAIZEN ENERGIA S.A.;023230;DF Individual - Demonstração das Mutações do Patrimônio Líquido;REAL;MIL;PENÚLTIMO;2023-04-01;2024-03-31;Reservas de Lucro;5.05;Resultado Abrangente Total;0.0000000000;S
08.070.508/0001-78;2025-03-31;1;RAIZEN ENERGIA S.A.;023230;DF Individual - Demonstração das Mutações do Patrimônio Líquido;REAL;MIL;ÚLTIMO;2024-04-01;2025-03-31;Reservas de Lucro;5.05;Resultado Abrangente Total;0.0000000000;S
08.070.508/0001-78;2025-03-31;1;RAIZEN ENERGIA S.A.;023230;DF Individual - Demonstração das Mutações do Patrimônio Líquido;REAL;MIL;PENÚLTIMO;2023-04-01;2024-03-31;Lucros ou Prejuízos Acumulados;5.05;Resultado Abrangente Total;-1272688.0000000000;S
08.070.508/0001-78;2025-03-31;1;RAIZEN ENERGIA S.A.;023230;DF Individual - Demonstração das Mutações do Patrimônio Líquido;REAL;MIL;ÚLTIMO;2024-04-01;2025-03-31;Lucros ou Prejuízos Acumulados;5.05;Resultado Abrangente Total;-6085054.0000000000;S
08.070.508/0001-78;2025-03-31;1;RAIZEN ENERGIA S.A.;023230;DF Individual - Demonstração das Mutações do Patrimônio Líquido;REAL;MIL;PENÚLTIMO;2023-04-01;2024-03-31;Outros Resultados Abrangentes;5.05;Resultado Abrangente Total;557480.0000000000;S
08.070.508/0001-78;2025-03-31;1;RAIZEN ENERGIA S.A.;023230;DF Individual - Demonstração das Mutações do Patrimônio Líquido;REAL;MIL;ÚLTIMO;2024-04-01;2025-03-31;Outros Resultados Abrangentes;5.05;Resultado Abrangente Total;-297991.0000000000;S
08.070.508/0001-78;2025-03-31;1;RAIZEN ENERGIA S.A.;023230;DF Individual - Demonstração das Mutações do Patrimônio Líquido;REAL;MIL;PENÚLTIMO;2023-04-01;2024-03-31;Patrimônio Líquido;5.05;Resultado Abrangente Total;-715208.0000000000;S
08.070.508/0001-78;2025-03-31;1;RAIZEN ENERGIA S.A.;023230;DF Individual - Demonstração das Mutações do Patrimônio Líquido;REAL;MIL;ÚLTIMO;2024-04-01;2025-03-31;Patrimônio Líquido;5.05;Resultado Abrangente Total;-6383045.0000000000;S
08.070.508/0001-78;2025-03-31;1;RAIZEN ENERGIA S.A.;023230;DF Individual - Demonstração das Mutações do Patrimônio Líquido;REAL;MIL;PENÚLTIMO;2023-04-01;2024-03-31;Capital Social Integralizado;5.05.01;Lucro Líquido do Período;0.0000000000;S
08.070.508/0001-78;2025-03-31;1;RAIZEN ENERGIA S.A.;023230;DF Individual - Demonstração das Mutações do Patrimônio Líquido;REAL;MIL;ÚLTIMO;2024-04-01;2025-03-31;Capital Social Integralizado;5.05.01;Lucro Líquido do Período;0.0000000000;S
08.070.508/0001-78;2025-03-31;1;RAIZEN ENERGIA S.A.;023230;DF Individual - Demonstração das Mutações do Patrimônio Líquido;REAL;MIL;PENÚLTIMO;2023-04-01;2024-03-31;Reservas de Capital, Opções Outorgadas e Ações em Tesouraria;5.05.01;Lucro Líquido do Período;0.0000000000;S
08.070.508/0001-78;2025-03-31;1;RAIZEN ENERGIA S.A.;023230;DF Individual - Demonstração das Mutações do Patrimônio Líquido;REAL;MIL;ÚLTIMO;2024-04-01;2025-03-31;Reservas de Capital, Opções Outorgadas e Ações em Tesouraria;5.05.01;Lucro Líquido do Período;0.0000000000;S
08.070.508/0001-78;2025-03-31;1;RAIZEN ENERGIA S.A.;023230;DF Individual - Demonstração das Mutações do Patrimônio Líquido;REAL;MIL;PENÚLTIMO;2023-04-01;2024-03-31;Reservas de Lucro;5.05.01;Lucro Líquido do Período;0.0000000000;S
08.070.508/0001-78;2025-03-31;1;RAIZEN ENERGIA S.A.;023230;DF Individual - Demonstração das Mutações do Patrimônio Líquido;REAL;MIL;ÚLTIMO;2024-04-01;2025-03-31;Reservas de Lucro;5.05.01;Lucro Líquido do Período;0.0000000000;S
08.070.508/0001-78;2025-03-31;1;RAIZEN ENERGIA S.A.;023230;DF Individual - Demonstração das Mutações do Patrimônio Líquido;REAL;MIL;PENÚLTIMO;2023-04-01;2024-03-31;Lucros ou Prejuízos Acumulados;5.05.01;Lucro Líquido do Período;0.0000000000;S
08.070.508/0001-78;2025-03-31;1;RAIZEN ENERGIA S.A.;023230;DF Individual - Demonstração das Mutações do Patrimônio Líquido;REAL;MIL;ÚLTIMO;2024-04-01;2025-03-31;Lucros ou Prejuízos Acumulados;5.05.01;Lucro Líquido do Período;0.0000000000;S
08.070.508/0001-78;2025-03-31;1;RAIZEN ENERGIA S.A.;023230;DF Individual - Demonstração das Mutações do Patrimônio Líquido;REAL;MIL;PENÚLTIMO;2023-04-01;2024-03-31;Outros Resultados Abrangentes;5.05.01;Lucro Líquido do Período;0.0000000000;S
08.070.508/0001-78;2025-03-31;1;RAIZEN ENERGIA S.A.;023230;DF Individual - Demonstração das Mutações do Patrimônio Líquido;REAL;MIL;ÚLTIMO;2024-04-01;2025-03-31;Outros Resultados Abrangentes;5.05.01;Lucro Líquido do Período;0.0000000000;S
08.070.508/0001-78;2025-03-31;1;RAIZEN ENERGIA S.A.;023230;DF Individual - Demonstração das Mutações do Patrimônio Líquido;REAL;MIL;PENÚLTIMO;2023-04-01;2024-03-31;Patrimônio Líquido;5.05.01;Lucro Líquido do Período;0.0000000000;S
08.070.508/0001-78;2025-03-31;1;RAIZEN ENERGIA S.A.;023230;DF Individual - Demonstração das Mutações do Patrimônio Líquido;REAL;MIL;ÚLTIMO;2024-04-01;2025-03-31;Patrimônio Líquido;5.05.01;Lucro Líquido do Período;0.0000000000;S
08.070.508/0001-78;2025-03-31;1;RAIZEN ENERGIA S.A.;023230;DF Individual - Demonstração das Mutações do Patrimônio Líquido;REAL;MIL;PENÚLTIMO;2023-04-01;2024-03-31;Capital Social Integralizado;5.05.02;Outros Resultados Abrangentes;0.0000000000;S
08.070.508/0001-78;2025-03-31;1;RAIZEN ENERGIA S.A.;023230;DF Individual - Demonstração das Mutações do Patrimônio Líquido;REAL;MIL;ÚLTIMO;2024-04-01;2025-03-31;Capital Social Integralizado;5.05.02;Outros Resultados Abrangentes;0.0000000000;S
08.070.508/0001-78;2025-03-31;1;RAIZEN ENERGIA S.A.;023230;DF Individual - Demonstração das Mutações do Patrimônio Líquido;REAL;MIL;PENÚLTIMO;2023-04-01;2024-03-31;Reservas de Capital, Opções Outorgadas e Ações em Tesouraria;5.05.02;Outros Resultados Abrangentes;0.0000000000;S
08.070.508/0001-78;2025-03-31;1;RAIZEN ENERGIA S.A.;023230;DF Individual - Demonstração das Mutações do Patrimônio Líquido;REAL;MIL;ÚLTIMO;2024-04-01;2025-03-31;Reservas de Capital, Opções Outorgadas e Ações em Tesouraria;5.05.02;Outros Resultados Abrangentes;0.0000000000;S
08.070.508/0001-78;2025-03-31;1;RAIZEN ENERGIA S.A.;023230;DF Individual - Demonstração das Mutações do Patrimônio Líquido;REAL;MIL;PENÚLTIMO;2023-04-01;2024-03-31;Reservas de Lucro;5.05.02;Outros Resultados Abrangentes;0.0000000000;S
08.070.508/0001-78;2025-03-31;1;RAIZEN ENERGIA S.A.;023230;DF Individual - Demonstração das Mutações do Patrimônio Líquido;REAL;MIL;ÚLTIMO;2024-04-01;2025-03-31;Reservas de Lucro;5.05.02;Outros Resultados Abrangentes;0.0000000000;S
08.070.508/0001-78;2025-03-31;1;RAIZEN ENERGIA S.A.;023230;DF Individual - Demonstração das Mutações do Patrimônio Líquido;REAL;MIL;PENÚLTIMO;2023-04-01;2024-03-31;Lucros ou Prejuízos Acumulados;5.05.02;Outros Resultados Abrangentes;-1272688.0000000000;S
08.070.508/0001-78;2025-03-31;1;RAIZEN ENERGIA S.A.;023230;DF Individual - Demonstração das Mutações do Patrimônio Líquido;REAL;MIL;ÚLTIMO;2024-04-01;2025-03-31;Lucros ou Prejuízos Acumulados;5.05.02;Outros Resultados Abrangentes;-6085054.0000000000;S
08.070.508/0001-78;2025-03-31;1;RAIZEN ENERGIA S.A.;023230;DF Individual - Demonstração das Mutações do Patrimônio Líquido;REAL;MIL;PENÚLTIMO;2023-04-01;2024-03-31;Outros Resultados Abrangentes;5.05.02;Outros Resultados Abrangentes;557480.0000000000;S
08.070.508/0001-78;2025-03-31;1;RAIZEN ENERGIA S.A.;023230;DF Individual - Demonstração das Mutações do Patrimônio Líquido;REAL;MIL;ÚLTIMO;2024-04-01;2025-03-31;Outros Resultados Abrangentes;5.05.02;Outros Resultados Abrangentes;-297991.0000000000;S
08.070.508/0001-78;2025-03-31;1;RAIZEN ENERGIA S.A.;023230;DF Individual - Demonstração das Mutações do Patrimônio Líquido;REAL;MIL;PENÚLTIMO;2023-04-01;2024-03-31;Patrimônio Líquido;5.05.02;Outros Resultados Abrangentes;-715208.0000000000;S
08.070.508/0001-78;2025-03-31;1;RAIZEN ENERGIA S.A.;023230;DF Individual - Demonstração das Mutações do Patrimônio Líquido;REAL;MIL;ÚLTIMO;2024-04-01;2025-03-31;Patrimônio Líquido;5.05.02;Outros Resultados Abrangentes;-6383045.0000000000;S
08.070.508/0001-78;2025-03-31;1;RAIZEN ENERGIA S.A.;023230;DF Individual - Demonstração das Mutações do Patrimônio Líquido;REAL;MIL;PENÚLTIMO;2023-04-01;2024-03-31;Capital Social Integralizado;5.05.02.01;Ajustes de Instrumentos Financeiros;0.0000000000;S
08.070.508/0001-78;2025-03-31;1;RAIZEN ENERGIA S.A.;023230;DF Individual - Demonstração das Mutações do Patrimônio Líquido;REAL;MIL;ÚLTIMO;2024-04-01;2025-03-31;Capital Social Integralizado;5.05.02.01;Ajustes de Instrumentos Financeiros;0.0000000000;S
08.070.508/0001-78;2025-03-31;1;RAIZEN ENERGIA S.A.;023230;DF Individual - Demonstração das Mutações do Patrimônio Líquido;REAL;MIL;PENÚLTIMO;2023-04-01;2024-03-31;Reservas de Capital, Opções Outorgadas e Ações em Tesouraria;5.05.02.01;Ajustes de Instrumentos Financeiros;0.0000000000;S
08.070.508/0001-78;2025-03-31;1;RAIZEN ENERGIA S.A.;023230;DF Individual - Demonstração das Mutações do Patrimônio Líquido;REAL;MIL;ÚLTIMO;2024-04-01;2025-03-31;Reservas de Capital, Opções Outorgadas e Ações em Tesouraria;5.05.02.01;Ajustes de Instrumentos Financeiros;0.0000000000;S
08.070.508/0001-78;2025-03-31;1;RAIZEN ENERGIA S.A.;023230;DF Individual - Demonstração das Mutações do Patrimônio Líquido;REAL;MIL;PENÚLTIMO;2023-04-01;2024-03-31;Reservas de Lucro;5.05.02.01;Ajustes de Instrumentos Financeiros;0.0000000000;S
08.070.508/0001-78;2025-03-31;1;RAIZEN ENERGIA S.A.;023230;DF Individual - Demonstração das Mutações do Patrimônio Líquido;REAL;MIL;ÚLTIMO;2024-04-01;2025-03-31;Reservas de Lucro;5.05.02.01;Ajustes de Instrumentos Financeiros;0.0000000000;S
08.070.508/0001-78;2025-03-31;1;RAIZEN ENERGIA S.A.;023230;DF Individual - Demonstração das Mutações do Patrimônio Líquido;REAL;MIL;PENÚLTIMO;2023-04-01;2024-03-31;Lucros ou Prejuízos Acumulados;5.05.02.01;Ajustes de Instrumentos Financeiros;0.0000000000;S
08.070.508/0001-78;2025-03-31;1;RAIZEN ENERGIA S.A.;023230;DF Individual - Demonstração das Mutações do Patrimônio Líquido;REAL;MIL;ÚLTIMO;2024-04-01;2025-03-31;Lucros ou Prejuízos Acumulados;5.05.02.01;Ajustes de Instrumentos Financeiros;0.0000000000;S
08.070.508/0001-78;2025-03-31;1;RAIZEN ENERGIA S.A.;023230;DF Individual - Demonstração das Mutações do Patrimônio Líquido;REAL;MIL;PENÚLTIMO;2023-04-01;2024-03-31;Outros Resultados Abrangentes;5.05.02.01;Ajustes de Instrumentos Financeiros;0.0000000000;S
08.070.508/0001-78;2025-03-31;1;RAIZEN ENERGIA S.A.;023230;DF Individual - Demonstração das Mutações do Patrimônio Líquido;REAL;MIL;ÚLTIMO;2024-04-01;2025-03-31;Outros Resultados Abrangentes;5.05.02.01;Ajustes de Instrumentos Financeiros;0.0000000000;S
08.070.508/0001-78;2025-03-31;1;RAIZEN ENERGIA S.A.;023230;DF Individual - Demonstração das Mutações do Patrimônio Líquido;REAL;MIL;PENÚLTIMO;2023-04-01;2024-03-31;Patrimônio Líquido;5.05.02.01;Ajustes de Instrumentos Financeiros;0.0000000000;S
08.070.508/0001-78;2025-03-31;1;RAIZEN ENERGIA S.A.;023230;DF Individual - Demonstração das Mutações do Patrimônio Líquido;REAL;MIL;ÚLTIMO;2024-04-01;2025-03-31;Patrimônio Líquido;5.05.02.01;Ajustes de Instrumentos Financeiros;0.0000000000;S
08.070.508/0001-78;2025-03-31;1;RAIZEN ENERGIA S.A.;023230;DF Individual - Demonstração das Mutações do Patrimônio Líquido;REAL;MIL;PENÚLTIMO;2023-04-01;2024-03-31;Capital Social Integralizado;5.05.02.02;Tributos s/ Ajustes Instrumentos Financeiros;0.0000000000;S
08.070.508/0001-78;2025-03-31;1;RAIZEN ENERGIA S.A.;023230;DF Individual - Demonstração das Mutações do Patrimônio Líquido;REAL;MIL;ÚLTIMO;2024-04-01;2025-03-31;Capital Social Integralizado;5.05.02.02;Tributos s/ Ajustes Instrumentos Financeiros;0.0000000000;S
08.070.508/0001-78;2025-03-31;1;RAIZEN ENERGIA S.A.;023230;DF Individual - Demonstração das Mutações do Patrimônio Líquido;REAL;MIL;PENÚLTIMO;2023-04-01;2024-03-31;Reservas de Capital, Opções Outorgadas e Ações em Tesouraria;5.05.02.02;Tributos s/ Ajustes Instrumentos Financeiros;0.0000000000;S
08.070.508/0001-78;2025-03-31;1;RAIZEN ENERGIA S.A.;023230;DF Individual - Demonstração das Mutações do Patrimônio Líquido;REAL;MIL;ÚLTIMO;2024-04-01;2025-03-31;Reservas de Capital, Opções Outorgadas e Ações em Tesouraria;5.05.02.02;Tributos s/ Ajustes Instrumentos Financeiros;0.0000000000;S
08.070.508/0001-78;2025-03-31;1;RAIZEN ENERGIA S.A.;023230;DF Individual - Demonstração das Mutações do Patrimônio Líquido;REAL;MIL;PENÚLTIMO;2023-04-01;2024-03-31;Reservas de Lucro;5.05.02.02;Tributos s/ Ajustes Instrumentos Financeiros;0.0000000000;S
08.070.508/0001-78;2025-03-31;1;RAIZEN ENERGIA S.A.;023230;DF Individual - Demonstração das Mutações do Patrimônio Líquido;REAL;MIL;ÚLTIMO;2024-04-01;2025-03-31;Reservas de Lucro;5.05.02.02;Tributos s/ Ajustes Instrumentos Financeiros;0.0000000000;S
08.070.508/0001-78;2025-03-31;1;RAIZEN ENERGIA S.A.;023230;DF Individual - Demonstração das Mutações do Patrimônio Líquido;REAL;MIL;PENÚLTIMO;2023-04-01;2024-03-31;Lucros ou Prejuízos Acumulados;5.05.02.02;Tributos s/ Ajustes Instrumentos Financeiros;0.0000000000;S
08.070.508/0001-78;2025-03-31;1;RAIZEN ENERGIA S.A.;023230;DF Individual - Demonstração das Mutações do Patrimônio Líquido;REAL;MIL;ÚLTIMO;2024-04-01;2025-03-31;Lucros ou Prejuízos Acumulados;5.05.02.02;Tributos s/ Ajustes Instrumentos Financeiros;0.0000000000;S
08.070.508/0001-78;2025-03-31;1;RAIZEN ENERGIA S.A.;023230;DF Individual - Demonstração das Mutações do Patrimônio Líquido;REAL;MIL;PENÚLTIMO;2023-04-01;2024-03-31;Outros Resultados Abrangentes;5.05.02.02;Tributos s/ Ajustes Instrumentos Financeiros;0.0000000000;S
08.070.508/0001-78;2025-03-31;1;RAIZEN ENERGIA S.A.;023230;DF Individual - Demonstração das Mutações do Patrimônio Líquido;REAL;MIL;ÚLTIMO;2024-04-01;2025-03-31;Outros Resultados Abrangentes;5.05.02.02;Tributos s/ Ajustes Instrumentos Financeiros;0.0000000000;S
08.070.508/0001-78;2025-03-31;1;RAIZEN ENERGIA S.A.;023230;DF Individual - Demonstração das Mutações do Patrimônio Líquido;REAL;MIL;PENÚLTIMO;2023-04-01;2024-03-31;Patrimônio Líquido;5.05.02.02;Tributos s/ Ajustes Instrumentos Financeiros;0.0000000000;S
08.070.508/0001-78;2025-03-31;1;RAIZEN ENERGIA S.A.;023230;DF Individual - Demonstração das Mutações do Patrimônio Líquido;REAL;MIL;ÚLTIMO;2024-04-01;2025-03-31;Patrimônio Líquido;5.05.02.02;Tributos s/ Ajustes Instrumentos Financeiros;0.0000000000;S
08.070.508/0001-78;2025-03-31;1;RAIZEN ENERGIA S.A.;023230;DF Individual - Demonstração das Mutações do Patrimônio Líquido;REAL;MIL;PENÚLTIMO;2023-04-01;2024-03-31;Capital Social Integralizado;5.05.02.03;Equiv. Patrim. s/Result. Abrang. Controladas e Coligadas;0.0000000000;S
08.070.508/0001-78;2025-03-31;1;RAIZEN ENERGIA S.A.;023230;DF Individual - Demonstração das Mutações do Patrimônio Líquido;REAL;MIL;ÚLTIMO;2024-04-01;2025-03-31;Capital Social Integralizado;5.05.02.03;Equiv. Patrim. s/Result. Abrang. Controladas e Coligadas;0.0000000000;S
08.070.508/0001-78;2025-03-31;1;RAIZEN ENERGIA S.A.;023230;DF Individual - Demonstração das Mutações do Patrimônio Líquido;REAL;MIL;PENÚLTIMO;2023-04-01;2024-03-31;Reservas de Capital, Opções Outorgadas e Ações em Tesouraria;5.05.02.03;Equiv. Patrim. s/Result. Abrang. Controladas e Coligadas;0.0000000000;S
08.070.508/0001-78;2025-03-31;1;RAIZEN ENERGIA S.A.;023230;DF Individual - Demonstração das Mutações do Patrimônio Líquido;REAL;MIL;ÚLTIMO;2024-04-01;2025-03-31;Reservas de Capital, Opções Outorgadas e Ações em Tesouraria;5.05.02.03;Equiv. Patrim. s/Result. Abrang. Controladas e Coligadas;0.0000000000;S
08.070.508/0001-78;2025-03-31;1;RAIZEN ENERGIA S.A.;023230;DF Individual - Demonstração das Mutações do Patrimônio Líquido;REAL;MIL;PENÚLTIMO;2023-04-01;2024-03-31;Reservas de Lucro;5.05.02.03;Equiv. Patrim. s/Result. Abrang. Controladas e Coligadas;0.0000000000;S
08.070.508/0001-78;2025-03-31;1;RAIZEN ENERGIA S.A.;023230;DF Individual - Demonstração das Mutações do Patrimônio Líquido;REAL;MIL;ÚLTIMO;2024-04-01;2025-03-31;Reservas de Lucro;5.05.02.03;Equiv. Patrim. s/Result. Abrang. Controladas e Coligadas;0.0000000000;S
08.070.508/0001-78;2025-03-31;1;RAIZEN ENERGIA S.A.;023230;DF Individual - Demonstração das Mutações do Patrimônio Líquido;REAL;MIL;PENÚLTIMO;2023-04-01;2024-03-31;Lucros ou Prejuízos Acumulados;5.05.02.03;Equiv. Patrim. s/Result. Abrang. Controladas e Coligadas;0.0000000000;S
08.070.508/0001-78;2025-03-31;1;RAIZEN ENERGIA S.A.;023230;DF Individual - Demonstração das Mutações do Patrimônio Líquido;REAL;MIL;ÚLTIMO;2024-04-01;2025-03-31;Lucros ou Prejuízos Acumulados;5.05.02.03;Equiv. Patrim. s/Result. Abrang. Controladas e Coligadas;0.0000000000;S
08.070.508/0001-78;2025-03-31;1;RAIZEN ENERGIA S.A.;023230;DF Individual - Demonstração das Mutações do Patrimônio Líquido;REAL;MIL;PENÚLTIMO;2023-04-01;2024-03-31;Outros Resultados Abrangentes;5.05.02.03;Equiv. Patrim. s/Result. Abrang. Controladas e Coligadas;0.0000000000;S
08.070.508/0001-78;2025-03-31;1;RAIZEN ENERGIA S.A.;023230;DF Individual - Demonstração das Mutações do Patrimônio Líquido;REAL;MIL;ÚLTIMO;2024-04-01;2025-03-31;Outros Resultados Abrangentes;5.05.02.03;Equiv. Patrim. s/Result. Abrang. Controladas e Coligadas;0.0000000000;S
08.070.508/0001-78;2025-03-31;1;RAIZEN ENERGIA S.A.;023230;DF Individual - Demonstração das Mutações do Patrimônio Líquido;REAL;MIL;PENÚLTIMO;2023-04-01;2024-03-31;Patrimônio Líquido;5.05.02.03;Equiv. Patrim. s/Result. Abrang. Controladas e Coligadas;0.0000000000;S
08.070.508/0001-78;2025-03-31;1;RAIZEN ENERGIA S.A.;023230;DF Individual - Demonstração das Mutações do Patrimônio Líquido;REAL;MIL;ÚLTIMO;2024-04-01;2025-03-31;Patrimônio Líquido;5.05.02.03;Equiv. Patrim. s/Result. Abrang. Controladas e Coligadas;0.0000000000;S
08.070.508/0001-78;2025-03-31;1;RAIZEN ENERGIA S.A.;023230;DF Individual - Demonstração das Mutações do Patrimônio Líquido;REAL;MIL;PENÚLTIMO;2023-04-01;2024-03-31;Capital Social Integralizado;5.05.02.04;Ajustes de Conversão do Período;0.0000000000;S
08.070.508/0001-78;2025-03-31;1;RAIZEN ENERGIA S.A.;023230;DF Individual - Demonstração das Mutações do Patrimônio Líquido;REAL;MIL;ÚLTIMO;2024-04-01;2025-03-31;Capital Social Integralizado;5.05.02.04;Ajustes de Conversão do Período;0.0000000000;S
08.070.508/0001-78;2025-03-31;1;RAIZEN ENERGIA S.A.;023230;DF Individual - Demonstração das Mutações do Patrimônio Líquido;REAL;MIL;PENÚLTIMO;2023-04-01;2024-03-31;Reservas de Capital, Opções Outorgadas e Ações em Tesouraria;5.05.02.04;Ajustes de Conversão do Período;0.0000000000;S
08.070.508/0001-78;2025-03-31;1;RAIZEN ENERGIA S.A.;023230;DF Individual - Demonstração das Mutações do Patrimônio Líquido;REAL;MIL;ÚLTIMO;2024-04-01;2025-03-31;Reservas de Capital, Opções Outorgadas e Ações em Tesouraria;5.05.02.04;Ajustes de Conversão do Período;0.0000000000;S
08.070.508/0001-78;2025-03-31;1;RAIZEN ENERGIA S.A.;023230;DF Individual - Demonstração das Mutações do Patrimônio Líquido;REAL;MIL;PENÚLTIMO;2023-04-01;2024-03-31;Reservas de Lucro;5.05.02.04;Ajustes de Conversão do Período;0.0000000000;S
08.070.508/0001-78;2025-03-31;1;RAIZEN ENERGIA S.A.;023230;DF Individual - Demonstração das Mutações do Patrimônio Líquido;REAL;MIL;ÚLTIMO;2024-04-01;2025-03-31;Reservas de Lucro;5.05.02.04;Ajustes de Conversão do Período;0.0000000000;S
08.070.508/0001-78;2025-03-31;1;RAIZEN ENERGIA S.A.;023230;DF Individual - Demonstração das Mutações do Patrimônio Líquido;REAL;MIL;PENÚLTIMO;2023-04-01;2024-03-31;Lucros ou Prejuízos Acumulados;5.05.02.04;Ajustes de Conversão do Período;0.0000000000;S
08.070.508/0001-78;2025-03-31;1;RAIZEN ENERGIA S.A.;023230;DF Individual - Demonstração das Mutações do Patrimônio Líquido;REAL;MIL;ÚLTIMO;2024-04-01;2025-03-31;Lucros ou Prejuízos Acumulados;5.05.02.04;Ajustes de Conversão do Período;0.0000000000;S
08.070.508/0001-78;2025-03-31;1;RAIZEN ENERGIA S.A.;023230;DF Individual - Demonstração das Mutações do Patrimônio Líquido;REAL;MIL;PENÚLTIMO;2023-04-01;2024-03-31;Outros Resultados Abrangentes;5.05.02.04;Ajustes de Conversão do Período;0.0000000000;S
08.070.508/0001-78;2025-03-31;1;RAIZEN ENERGIA S.A.;023230;DF Individual - Demonstração das Mutações do Patrimônio Líquido;REAL;MIL;ÚLTIMO;2024-04-01;2025-03-31;Outros Resultados Abrangentes;5.05.02.04;Ajustes de Conversão do Período;0.0000000000;S
08.070.508/0001-78;2025-03-31;1;RAIZEN ENERGIA S.A.;023230;DF Individual - Demonstração das Mutações do Patrimônio Líquido;REAL;MIL;PENÚLTIMO;2023-04-01;2024-03-31;Patrimônio Líquido;5.05.02.04;Ajustes de Conversão do Período;0.0000000000;S
08.070.508/0001-78;2025-03-31;1;RAIZEN ENERGIA S.A.;023230;DF Individual - Demonstração das Mutações do Patrimônio Líquido;REAL;MIL;ÚLTIMO;2024-04-01;2025-03-31;Patrimônio Líquido;5.05.02.04;Ajustes de Conversão do Período;0.0000000000;S
08.070.508/0001-78;2025-03-31;1;RAIZEN ENERGIA S.A.;023230;DF Individual - Demonstração das Mutações do Patrimônio Líquido;REAL;MIL;PENÚLTIMO;2023-04-01;2024-03-31;Capital Social Integralizado;5.05.02.05;Tributos s/ Ajustes de Conversão do Período;0.0000000000;S
08.070.508/0001-78;2025-03-31;1;RAIZEN ENERGIA S.A.;023230;DF Individual - Demonstração das Mutações do Patrimônio Líquido;REAL;MIL;ÚLTIMO;2024-04-01;2025-03-31;Capital Social Integralizado;5.05.02.05;Tributos s/ Ajustes de Conversão do Período;0.0000000000;S
08.070.508/0001-78;2025-03-31;1;RAIZEN ENERGIA S.A.;023230;DF Individual - Demonstração das Mutações do Patrimônio Líquido;REAL;MIL;PENÚLTIMO;2023-04-01;2024-03-31;Reservas de Capital, Opções Outorgadas e Ações em Tesouraria;5.05.02.05;Tributos s/ Ajustes de Conversão do Período;0.0000000000;S
08.070.508/0001-78;2025-03-31;1;RAIZEN ENERGIA S.A.;023230;DF Individual - Demonstração das Mutações do Patrimônio Líquido;REAL;MIL;ÚLTIMO;2024-04-01;2025-03-31;Reservas de Capital, Opções Outorgadas e Ações em Tesouraria;5.05.02.05;Tributos s/ Ajustes de Conversão do Período;0.0000000000;S
08.070.508/0001-78;2025-03-31;1;RAIZEN ENERGIA S.A.;023230;DF Individual - Demonstração das Mutações do Patrimônio Líquido;REAL;MIL;PENÚLTIMO;2023-04-01;2024-03-31;Reservas de Lucro;5.05.02.05;Tributos s/ Ajustes de Conversão do Período;0.0000000000;S
08.070.508/0001-78;2025-03-31;1;RAIZEN ENERGIA S.A.;023230;DF Individual - Demonstração das Mutações do Patrimônio Líquido;REAL;MIL;ÚLTIMO;2024-04-01;2025-03-31;Reservas de Lucro;5.05.02.05;Tributos s/ Ajustes de Conversão do Período;0.0000000000;S
08.070.508/0001-78;2025-03-31;1;RAIZEN ENERGIA S.A.;023230;DF Individual - Demonstração das Mutações do Patrimônio Líquido;REAL;MIL;PENÚLTIMO;2023-04-01;2024-03-31;Lucros ou Prejuízos Acumulados;5.05.02.05;Tributos s/ Ajustes de Conversão do Período;0.0000000000;S
08.070.508/0001-78;2025-03-31;1;RAIZEN ENERGIA S.A.;023230;DF Individual - Demonstração das Mutações do Patrimônio Líquido;REAL;MIL;ÚLTIMO;2024-04-01;2025-03-31;Lucros ou Prejuízos Acumulados;5.05.02.05;Tributos s/ Ajustes de Conversão do Período;0.0000000000;S
08.070.508/0001-78;2025-03-31;1;RAIZEN ENERGIA S.A.;023230;DF Individual - Demonstração das Mutações do Patrimônio Líquido;REAL;MIL;PENÚLTIMO;2023-04-01;2024-03-31;Outros Resultados Abrangentes;5.05.02.05;Tributos s/ Ajustes de Conversão do Período;0.0000000000;S
08.070.508/0001-78;2025-03-31;1;RAIZEN ENERGIA S.A.;023230;DF Individual - Demonstração das Mutações do Patrimônio Líquido;REAL;MIL;ÚLTIMO;2024-04-01;2025-03-31;Outros Resultados Abrangentes;5.05.02.05;Tributos s/ Ajustes de Conversão do Período;0.0000000000;S
08.070.508/0001-78;2025-03-31;1;RAIZEN ENERGIA S.A.;023230;DF Individual - Demonstração das Mutações do Patrimônio Líquido;REAL;MIL;PENÚLTIMO;2023-04-01;2024-03-31;Patrimônio Líquido;5.05.02.05;Tributos s/ Ajustes de Conversão do Período;0.0000000000;S
08.070.508/0001-78;2025-03-31;1;RAIZEN ENERGIA S.A.;023230;DF Individual - Demonstração das Mutações do Patrimônio Líquido;REAL;MIL;ÚLTIMO;2024-04-01;2025-03-31;Patrimônio Líquido;5.05.02.05;Tributos s/ Ajustes de Conversão do Período;0.0000000000;S
08.070.508/0001-78;2025-03-31;1;RAIZEN ENERGIA S.A.;023230;DF Individual - Demonstração das Mutações do Patrimônio Líquido;REAL;MIL;PENÚLTIMO;2023-04-01;2024-03-31;Capital Social Integralizado;5.05.02.06;Prejuízo do exercício;0.0000000000;N
08.070.508/0001-78;2025-03-31;1;RAIZEN ENERGIA S.A.;023230;DF Individual - Demonstração das Mutações do Patrimônio Líquido;REAL;MIL;ÚLTIMO;2024-04-01;2025-03-31;Capital Social Integralizado;5.05.02.06;Prejuízo do exercício;0.0000000000;N
08.070.508/0001-78;2025-03-31;1;RAIZEN ENERGIA S.A.;023230;DF Individual - Demonstração das Mutações do Patrimônio Líquido;REAL;MIL;PENÚLTIMO;2023-04-01;2024-03-31;Reservas de Capital, Opções Outorgadas e Ações em Tesouraria;5.05.02.06;Prejuízo do exercício;0.0000000000;N
08.070.508/0001-78;2025-03-31;1;RAIZEN ENERGIA S.A.;023230;DF Individual - Demonstração das Mutações do Patrimônio Líquido;REAL;MIL;ÚLTIMO;2024-04-01;2025-03-31;Reservas de Capital, Opções Outorgadas e Ações em Tesouraria;5.05.02.06;Prejuízo do exercício;0.0000000000;N
08.070.508/0001-78;2025-03-31;1;RAIZEN ENERGIA S.A.;023230;DF Individual - Demonstração das Mutações do Patrimônio Líquido;REAL;MIL;PENÚLTIMO;2023-04-01;2024-03-31;Reservas de Lucro;5.05.02.06;Prejuízo do exercício;0.0000000000;N
08.070.508/0001-78;2025-03-31;1;RAIZEN ENERGIA S.A.;023230;DF Individual - Demonstração das Mutações do Patrimônio Líquido;REAL;MIL;ÚLTIMO;2024-04-01;2025-03-31;Reservas de Lucro;5.05.02.06;Prejuízo do exercício;0.0000000000;N
08.070.508/0001-78;2025-03-31;1;RAIZEN ENERGIA S.A.;023230;DF Individual - Demonstração das Mutações do Patrimônio Líquido;REAL;MIL;PENÚLTIMO;2023-04-01;2024-03-31;Lucros ou Prejuízos Acumulados;5.05.02.06;Prejuízo do exercício;-1272688.0000000000;N
08.070.508/0001-78;2025-03-31;1;RAIZEN ENERGIA S.A.;023230;DF Individual - Demonstração das Mutações do Patrimônio Líquido;REAL;MIL;ÚLTIMO;2024-04-01;2025-03-31;Lucros ou Prejuízos Acumulados;5.05.02.06;Prejuízo do exercício;-6085054.0000000000;N
08.070.508/0001-78;2025-03-31;1;RAIZEN ENERGIA S.A.;023230;DF Individual - Demonstração das Mutações do Patrimônio Líquido;REAL;MIL;PENÚLTIMO;2023-04-01;2024-03-31;Outros Resultados Abrangentes;5.05.02.06;Prejuízo do exercício;0.0000000000;N
08.070.508/0001-78;2025-03-31;1;RAIZEN ENERGIA S.A.;023230;DF Individual - Demonstração das Mutações do Patrimônio Líquido;REAL;MIL;ÚLTIMO;2024-04-01;2025-03-31;Outros Resultados Abrangentes;5.05.02.06;Prejuízo do exercício;0.0000000000;N
08.070.508/0001-78;2025-03-31;1;RAIZEN ENERGIA S.A.;023230;DF Individual - Demonstração das Mutações do Patrimônio Líquido;REAL;MIL;PENÚLTIMO;2023-04-01;2024-03-31;Patrimônio Líquido;5.05.02.06;Prejuízo do exercício;-1272688.0000000000;N
08.070.508/0001-78;2025-03-31;1;RAIZEN ENERGIA S.A.;023230;DF Individual - Demonstração das Mutações do Patrimônio Líquido;REAL;MIL;ÚLTIMO;2024-04-01;2025-03-31;Patrimônio Líquido;5.05.02.06;Prejuízo do exercício;-6085054.0000000000;N
08.070.508/0001-78;2025-03-31;1;RAIZEN ENERGIA S.A.;023230;DF Individual - Demonstração das Mutações do Patrimônio Líquido;REAL;MIL;PENÚLTIMO;2023-04-01;2024-03-31;Capital Social Integralizado;5.05.02.07;Ajustes de avaliação patrimonial - Passivo atuarial;0.0000000000;N
08.070.508/0001-78;2025-03-31;1;RAIZEN ENERGIA S.A.;023230;DF Individual - Demonstração das Mutações do Patrimônio Líquido;REAL;MIL;ÚLTIMO;2024-04-01;2025-03-31;Capital Social Integralizado;5.05.02.07;Equivalência patrimonial reflexa do patrimônio líquido das investidas;0.0000000000;N
08.070.508/0001-78;2025-03-31;1;RAIZEN ENERGIA S.A.;023230;DF Individual - Demonstração das Mutações do Patrimônio Líquido;REAL;MIL;PENÚLTIMO;2023-04-01;2024-03-31;Reservas de Capital, Opções Outorgadas e Ações em Tesouraria;5.05.02.07;Ajustes de avaliação patrimonial - Passivo atuarial;0.0000000000;N
08.070.508/0001-78;2025-03-31;1;RAIZEN ENERGIA S.A.;023230;DF Individual - Demonstração das Mutações do Patrimônio Líquido;REAL;MIL;ÚLTIMO;2024-04-01;2025-03-31;Reservas de Capital, Opções Outorgadas e Ações em Tesouraria;5.05.02.07;Equivalência patrimonial reflexa do patrimônio líquido das investidas;0.0000000000;N
08.070.508/0001-78;2025-03-31;1;RAIZEN ENERGIA S.A.;023230;DF Individual - Demonstração das Mutações do Patrimônio Líquido;REAL;MIL;PENÚLTIMO;2023-04-01;2024-03-31;Reservas de Lucro;5.05.02.07;Ajustes de avaliação patrimonial - Passivo atuarial;0.0000000000;N
08.070.508/0001-78;2025-03-31;1;RAIZEN ENERGIA S.A.;023230;DF Individual - Demonstração das Mutações do Patrimônio Líquido;REAL;MIL;ÚLTIMO;2024-04-01;2025-03-31;Reservas de Lucro;5.05.02.07;Equivalência patrimonial reflexa do patrimônio líquido das investidas;0.0000000000;N
08.070.508/0001-78;2025-03-31;1;RAIZEN ENERGIA S.A.;023230;DF Individual - Demonstração das Mutações do Patrimônio Líquido;REAL;MIL;PENÚLTIMO;2023-04-01;2024-03-31;Lucros ou Prejuízos Acumulados;5.05.02.07;Ajustes de avaliação patrimonial - Passivo atuarial;0.0000000000;N
08.070.508/0001-78;2025-03-31;1;RAIZEN ENERGIA S.A.;023230;DF Individual - Demonstração das Mutações do Patrimônio Líquido;REAL;MIL;ÚLTIMO;2024-04-01;2025-03-31;Lucros ou Prejuízos Acumulados;5.05.02.07;Equivalência patrimonial reflexa do patrimônio líquido das investidas;0.0000000000;N
08.070.508/0001-78;2025-03-31;1;RAIZEN ENERGIA S.A.;023230;DF Individual - Demonstração das Mutações do Patrimônio Líquido;REAL;MIL;PENÚLTIMO;2023-04-01;2024-03-31;Outros Resultados Abrangentes;5.05.02.07;Ajustes de avaliação patrimonial - Passivo atuarial;-238.0000000000;N
08.070.508/0001-78;2025-03-31;1;RAIZEN ENERGIA S.A.;023230;DF Individual - Demonstração das Mutações do Patrimônio Líquido;REAL;MIL;ÚLTIMO;2024-04-01;2025-03-31;Outros Resultados Abrangentes;5.05.02.07;Equivalência patrimonial reflexa do patrimônio líquido das investidas;4334.0000000000;N
08.070.508/0001-78;2025-03-31;1;RAIZEN ENERGIA S.A.;023230;DF Individual - Demonstração das Mutações do Patrimônio Líquido;REAL;MIL;PENÚLTIMO;2023-04-01;2024-03-31;Patrimônio Líquido;5.05.02.07;Ajustes de avaliação patrimonial - Passivo atuarial;-238.0000000000;N
08.070.508/0001-78;2025-03-31;1;RAIZEN ENERGIA S.A.;023230;DF Individual - Demonstração das Mutações do Patrimônio Líquido;REAL;MIL;ÚLTIMO;2024-04-01;2025-03-31;Patrimônio Líquido;5.05.02.07;Equivalência patrimonial reflexa do patrimônio líquido das investidas;4334.0000000000;N
08.070.508/0001-78;2025-03-31;1;RAIZEN ENERGIA S.A.;023230;DF Individual - Demonstração das Mutações do Patrimônio Líquido;REAL;MIL;PENÚLTIMO;2023-04-01;2024-03-31;Capital Social Integralizado;5.05.02.08;Efeitos de conversão de moeda estrangeira;0.0000000000;N
08.070.508/0001-78;2025-03-31;1;RAIZEN ENERGIA S.A.;023230;DF Individual - Demonstração das Mutações do Patrimônio Líquido;REAL;MIL;ÚLTIMO;2024-04-01;2025-03-31;Capital Social Integralizado;5.05.02.08;Resultado líquido com instrumentos financeiros designados como hedge accounting;0.0000000000;N
08.070.508/0001-78;2025-03-31;1;RAIZEN ENERGIA S.A.;023230;DF Individual - Demonstração das Mutações do Patrimônio Líquido;REAL;MIL;PENÚLTIMO;2023-04-01;2024-03-31;Reservas de Capital, Opções Outorgadas e Ações em Tesouraria;5.05.02.08;Efeitos de conversão de moeda estrangeira;0.0000000000;N
08.070.508/0001-78;2025-03-31;1;RAIZEN ENERGIA S.A.;023230;DF Individual - Demonstração das Mutações do Patrimônio Líquido;REAL;MIL;ÚLTIMO;2024-04-01;2025-03-31;Reservas de Capital, Opções Outorgadas e Ações em Tesouraria;5.05.02.08;Resultado líquido com instrumentos financeiros designados como hedge accounting;0.0000000000;N
08.070.508/0001-78;2025-03-31;1;RAIZEN ENERGIA S.A.;023230;DF Individual - Demonstração das Mutações do Patrimônio Líquido;REAL;MIL;PENÚLTIMO;2023-04-01;2024-03-31;Reservas de Lucro;5.05.02.08;Efeitos de conversão de moeda estrangeira;0.0000000000;N
08.070.508/0001-78;2025-03-31;1;RAIZEN ENERGIA S.A.;023230;DF Individual - Demonstração das Mutações do Patrimônio Líquido;REAL;MIL;ÚLTIMO;2024-04-01;2025-03-31;Reservas de Lucro;5.05.02.08;Resultado líquido com instrumentos financeiros designados como hedge accounting;0.0000000000;N
08.070.508/0001-78;2025-03-31;1;RAIZEN ENERGIA S.A.;023230;DF Individual - Demonstração das Mutações do Patrimônio Líquido;REAL;MIL;PENÚLTIMO;2023-04-01;2024-03-31;Lucros ou Prejuízos Acumulados;5.05.02.08;Efeitos de conversão de moeda estrangeira;0.0000000000;N
08.070.508/0001-78;2025-03-31;1;RAIZEN ENERGIA S.A.;023230;DF Individual - Demonstração das Mutações do Patrimônio Líquido;REAL;MIL;ÚLTIMO;2024-04-01;2025-03-31;Lucros ou Prejuízos Acumulados;5.05.02.08;Resultado líquido com instrumentos financeiros designados como hedge accounting;0.0000000000;N
08.070.508/0001-78;2025-03-31;1;RAIZEN ENERGIA S.A.;023230;DF Individual - Demonstração das Mutações do Patrimônio Líquido;REAL;MIL;PENÚLTIMO;2023-04-01;2024-03-31;Outros Resultados Abrangentes;5.05.02.08;Efeitos de conversão de moeda estrangeira;-47729.0000000000;N
08.070.508/0001-78;2025-03-31;1;RAIZEN ENERGIA S.A.;023230;DF Individual - Demonstração das Mutações do Patrimônio Líquido;REAL;MIL;ÚLTIMO;2024-04-01;2025-03-31;Outros Resultados Abrangentes;5.05.02.08;Resultado líquido com instrumentos financeiros designados como hedge accounting;-42221.0000000000;N
08.070.508/0001-78;2025-03-31;1;RAIZEN ENERGIA S.A.;023230;DF Individual - Demonstração das Mutações do Patrimônio Líquido;REAL;MIL;PENÚLTIMO;2023-04-01;2024-03-31;Patrimônio Líquido;5.05.02.08;Efeitos de conversão de moeda estrangeira;-47729.0000000000;N
08.070.508/0001-78;2025-03-31;1;RAIZEN ENERGIA S.A.;023230;DF Individual - Demonstração das Mutações do Patrimônio Líquido;REAL;MIL;ÚLTIMO;2024-04-01;2025-03-31;Patrimônio Líquido;5.05.02.08;Resultado líquido com instrumentos financeiros designados como hedge accounting;-42221.0000000000;N
08.070.508/0001-78;2025-03-31;1;RAIZEN ENERGIA S.A.;023230;DF Individual - Demonstração das Mutações do Patrimônio Líquido;REAL;MIL;PENÚLTIMO;2023-04-01;2024-03-31;Capital Social Integralizado;5.05.02.09;Ajuste de avaliação patrimonial - Outros;0.0000000000;N
08.070.508/0001-78;2025-03-31;1;RAIZEN ENERGIA S.A.;023230;DF Individual - Demonstração das Mutações do Patrimônio Líquido;REAL;MIL;ÚLTIMO;2024-04-01;2025-03-31;Capital Social Integralizado;5.05.02.09;Ajustes de avaliação patrimonial - Passivo atuarial;0.0000000000;N
08.070.508/0001-78;2025-03-31;1;RAIZEN ENERGIA S.A.;023230;DF Individual - Demonstração das Mutações do Patrimônio Líquido;REAL;MIL;PENÚLTIMO;2023-04-01;2024-03-31;Reservas de Capital, Opções Outorgadas e Ações em Tesouraria;5.05.02.09;Ajuste de avaliação patrimonial - Outros;0.0000000000;N
08.070.508/0001-78;2025-03-31;1;RAIZEN ENERGIA S.A.;023230;DF Individual - Demonstração das Mutações do Patrimônio Líquido;REAL;MIL;ÚLTIMO;2024-04-01;2025-03-31;Reservas de Capital, Opções Outorgadas e Ações em Tesouraria;5.05.02.09;Ajustes de avaliação patrimonial - Passivo atuarial;0.0000000000;N
08.070.508/0001-78;2025-03-31;1;RAIZEN ENERGIA S.A.;023230;DF Individual - Demonstração das Mutações do Patrimônio Líquido;REAL;MIL;PENÚLTIMO;2023-04-01;2024-03-31;Reservas de Lucro;5.05.02.09;Ajuste de avaliação patrimonial - Outros;0.0000000000;N
08.070.508/0001-78;2025-03-31;1;RAIZEN ENERGIA S.A.;023230;DF Individual - Demonstração das Mutações do Patrimônio Líquido;REAL;MIL;ÚLTIMO;2024-04-01;2025-03-31;Reservas de Lucro;5.05.02.09;Ajustes de avaliação patrimonial - Passivo atuarial;0.0000000000;N
08.070.508/0001-78;2025-03-31;1;RAIZEN ENERGIA S.A.;023230;DF Individual - Demonstração das Mutações do Patrimônio Líquido;REAL;MIL;PENÚLTIMO;2023-04-01;2024-03-31;Lucros ou Prejuízos Acumulados;5.05.02.09;Ajuste de avaliação patrimonial - Outros;0.0000000000;N
08.070.508/0001-78;2025-03-31;1;RAIZEN ENERGIA S.A.;023230;DF Individual - Demonstração das Mutações do Patrimônio Líquido;REAL;MIL;ÚLTIMO;2024-04-01;2025-03-31;Lucros ou Prejuízos Acumulados;5.05.02.09;Ajustes de avaliação patrimonial - Passivo atuarial;0.0000000000;N
08.070.508/0001-78;2025-03-31;1;RAIZEN ENERGIA S.A.;023230;DF Individual - Demonstração das Mutações do Patrimônio Líquido;REAL;MIL;PENÚLTIMO;2023-04-01;2024-03-31;Outros Resultados Abrangentes;5.05.02.09;Ajuste de avaliação patrimonial - Outros;1450.0000000000;N
08.070.508/0001-78;2025-03-31;1;RAIZEN ENERGIA S.A.;023230;DF Individual - Demonstração das Mutações do Patrimônio Líquido;REAL;MIL;ÚLTIMO;2024-04-01;2025-03-31;Outros Resultados Abrangentes;5.05.02.09;Ajustes de avaliação patrimonial - Passivo atuarial;10947.0000000000;N
08.070.508/0001-78;2025-03-31;1;RAIZEN ENERGIA S.A.;023230;DF Individual - Demonstração das Mutações do Patrimônio Líquido;REAL;MIL;PENÚLTIMO;2023-04-01;2024-03-31;Patrimônio Líquido;5.05.02.09;Ajuste de avaliação patrimonial - Outros;1450.0000000000;N
08.070.508/0001-78;2025-03-31;1;RAIZEN ENERGIA S.A.;023230;DF Individual - Demonstração das Mutações do Patrimônio Líquido;REAL;MIL;ÚLTIMO;2024-04-01;2025-03-31;Patrimônio Líquido;5.05.02.09;Ajustes de avaliação patrimonial - Passivo atuarial;10947.0000000000;N
08.070.508/0001-78;2025-03-31;1;RAIZEN ENERGIA S.A.;023230;DF Individual - Demonstração das Mutações do Patrimônio Líquido;REAL;MIL;PENÚLTIMO;2023-04-01;2024-03-31;Capital Social Integralizado;5.05.02.10;Equivalência patrimonial reflexa do patrimônio líquido das  investidas;0.0000000000;N
08.070.508/0001-78;2025-03-31;1;RAIZEN ENERGIA S.A.;023230;DF Individual - Demonstração das Mutações do Patrimônio Líquido;REAL;MIL;ÚLTIMO;2024-04-01;2025-03-31;Capital Social Integralizado;5.05.02.10;Efeito de conversão de moeda estrangeira;0.0000000000;N
08.070.508/0001-78;2025-03-31;1;RAIZEN ENERGIA S.A.;023230;DF Individual - Demonstração das Mutações do Patrimônio Líquido;REAL;MIL;PENÚLTIMO;2023-04-01;2024-03-31;Reservas de Capital, Opções Outorgadas e Ações em Tesouraria;5.05.02.10;Equivalência patrimonial reflexa do patrimônio líquido das  investidas;0.0000000000;N
08.070.508/0001-78;2025-03-31;1;RAIZEN ENERGIA S.A.;023230;DF Individual - Demonstração das Mutações do Patrimônio Líquido;REAL;MIL;ÚLTIMO;2024-04-01;2025-03-31;Reservas de Capital, Opções Outorgadas e Ações em Tesouraria;5.05.02.10;Efeito de conversão de moeda estrangeira;0.0000000000;N
08.070.508/0001-78;2025-03-31;1;RAIZEN ENERGIA S.A.;023230;DF Individual - Demonstração das Mutações do Patrimônio Líquido;REAL;MIL;PENÚLTIMO;2023-04-01;2024-03-31;Reservas de Lucro;5.05.02.10;Equivalência patrimonial reflexa do patrimônio líquido das  investidas;0.0000000000;N
08.070.508/0001-78;2025-03-31;1;RAIZEN ENERGIA S.A.;023230;DF Individual - Demonstração das Mutações do Patrimônio Líquido;REAL;MIL;ÚLTIMO;2024-04-01;2025-03-31;Reservas de Lucro;5.05.02.10;Efeito de conversão de moeda estrangeira;0.0000000000;N
08.070.508/0001-78;2025-03-31;1;RAIZEN ENERGIA S.A.;023230;DF Individual - Demonstração das Mutações do Patrimônio Líquido;REAL;MIL;PENÚLTIMO;2023-04-01;2024-03-31;Lucros ou Prejuízos Acumulados;5.05.02.10;Equivalência patrimonial reflexa do patrimônio líquido das  investidas;0.0000000000;N
08.070.508/0001-78;2025-03-31;1;RAIZEN ENERGIA S.A.;023230;DF Individual - Demonstração das Mutações do Patrimônio Líquido;REAL;MIL;ÚLTIMO;2024-04-01;2025-03-31;Lucros ou Prejuízos Acumulados;5.05.02.10;Efeito de conversão de moeda estrangeira;0.0000000000;N
08.070.508/0001-78;2025-03-31;1;RAIZEN ENERGIA S.A.;023230;DF Individual - Demonstração das Mutações do Patrimônio Líquido;REAL;MIL;PENÚLTIMO;2023-04-01;2024-03-31;Outros Resultados Abrangentes;5.05.02.10;Equivalência patrimonial reflexa do patrimônio líquido das  investidas;18970.0000000000;N
08.070.508/0001-78;2025-03-31;1;RAIZEN ENERGIA S.A.;023230;DF Individual - Demonstração das Mutações do Patrimônio Líquido;REAL;MIL;ÚLTIMO;2024-04-01;2025-03-31;Outros Resultados Abrangentes;5.05.02.10;Efeito de conversão de moeda estrangeira;-271051.0000000000;N
08.070.508/0001-78;2025-03-31;1;RAIZEN ENERGIA S.A.;023230;DF Individual - Demonstração das Mutações do Patrimônio Líquido;REAL;MIL;PENÚLTIMO;2023-04-01;2024-03-31;Patrimônio Líquido;5.05.02.10;Equivalência patrimonial reflexa do patrimônio líquido das  investidas;18970.0000000000;N
08.070.508/0001-78;2025-03-31;1;RAIZEN ENERGIA S.A.;023230;DF Individual - Demonstração das Mutações do Patrimônio Líquido;REAL;MIL;ÚLTIMO;2024-04-01;2025-03-31;Patrimônio Líquido;5.05.02.10;Efeito de conversão de moeda estrangeira;-271051.0000000000;N
08.070.508/0001-78;2025-03-31;1;RAIZEN ENERGIA S.A.;023230;DF Individual - Demonstração das Mutações do Patrimônio Líquido;REAL;MIL;PENÚLTIMO;2023-04-01;2024-03-31;Capital Social Integralizado;5.05.02.11;Resultado líquido com instrumentos financeiros designados  como hedge accouting;0.0000000000;N
08.070.508/0001-78;2025-03-31;1;RAIZEN ENERGIA S.A.;023230;DF Individual - Demonstração das Mutações do Patrimônio Líquido;REAL;MIL;PENÚLTIMO;2023-04-01;2024-03-31;Reservas de Capital, Opções Outorgadas e Ações em Tesouraria;5.05.02.11;Resultado líquido com instrumentos financeiros designados  como hedge accouting;0.0000000000;N
08.070.508/0001-78;2025-03-31;1;RAIZEN ENERGIA S.A.;023230;DF Individual - Demonstração das Mutações do Patrimônio Líquido;REAL;MIL;PENÚLTIMO;2023-04-01;2024-03-31;Reservas de Lucro;5.05.02.11;Resultado líquido com instrumentos financeiros designados  como hedge accouting;0.0000000000;N
08.070.508/0001-78;2025-03-31;1;RAIZEN ENERGIA S.A.;023230;DF Individual - Demonstração das Mutações do Patrimônio Líquido;REAL;MIL;PENÚLTIMO;2023-04-01;2024-03-31;Lucros ou Prejuízos Acumulados;5.05.02.11;Resultado líquido com instrumentos financeiros designados  como hedge accouting;0.0000000000;N
08.070.508/0001-78;2025-03-31;1;RAIZEN ENERGIA S.A.;023230;DF Individual - Demonstração das Mutações do Patrimônio Líquido;REAL;MIL;PENÚLTIMO;2023-04-01;2024-03-31;Outros Resultados Abrangentes;5.05.02.11;Resultado líquido com instrumentos financeiros designados  como hedge accouting;585027.0000000000;N
08.070.508/0001-78;2025-03-31;1;RAIZEN ENERGIA S.A.;023230;DF Individual - Demonstração das Mutações do Patrimônio Líquido;REAL;MIL;PENÚLTIMO;2023-04-01;2024-03-31;Patrimônio Líquido;5.05.02.11;Resultado líquido com instrumentos financeiros designados  como hedge accouting;585027.0000000000;N
08.070.508/0001-78;2025-03-31;1;RAIZEN ENERGIA S.A.;023230;DF Individual - Demonstração das Mutações do Patrimônio Líquido;REAL;MIL;PENÚLTIMO;2023-04-01;2024-03-31;Capital Social Integralizado;5.05.03;Reclassificações para o Resultado;0.0000000000;S
08.070.508/0001-78;2025-03-31;1;RAIZEN ENERGIA S.A.;023230;DF Individual - Demonstração das Mutações do Patrimônio Líquido;REAL;MIL;ÚLTIMO;2024-04-01;2025-03-31;Capital Social Integralizado;5.05.03;Reclassificações para o Resultado;0.0000000000;S
08.070.508/0001-78;2025-03-31;1;RAIZEN ENERGIA S.A.;023230;DF Individual - Demonstração das Mutações do Patrimônio Líquido;REAL;MIL;PENÚLTIMO;2023-04-01;2024-03-31;Reservas de Capital, Opções Outorgadas e Ações em Tesouraria;5.05.03;Reclassificações para o Resultado;0.0000000000;S
08.070.508/0001-78;2025-03-31;1;RAIZEN ENERGIA S.A.;023230;DF Individual - Demonstração das Mutações do Patrimônio Líquido;REAL;MIL;ÚLTIMO;2024-04-01;2025-03-31;Reservas de Capital, Opções Outorgadas e Ações em Tesouraria;5.05.03;Reclassificações para o Resultado;0.0000000000;S
08.070.508/0001-78;2025-03-31;1;RAIZEN ENERGIA S.A.;023230;DF Individual - Demonstração das Mutações do Patrimônio Líquido;REAL;MIL;PENÚLTIMO;2023-04-01;2024-03-31;Reservas de Lucro;5.05.03;Reclassificações para o Resultado;0.0000000000;S
08.070.508/0001-78;2025-03-31;1;RAIZEN ENERGIA S.A.;023230;DF Individual - Demonstração das Mutações do Patrimônio Líquido;REAL;MIL;ÚLTIMO;2024-04-01;2025-03-31;Reservas de Lucro;5.05.03;Reclassificações para o Resultado;0.0000000000;S
08.070.508/0001-78;2025-03-31;1;RAIZEN ENERGIA S.A.;023230;DF Individual - Demonstração das Mutações do Patrimônio Líquido;REAL;MIL;PENÚLTIMO;2023-04-01;2024-03-31;Lucros ou Prejuízos Acumulados;5.05.03;Reclassificações para o Resultado;0.0000000000;S
08.070.508/0001-78;2025-03-31;1;RAIZEN ENERGIA S.A.;023230;DF Individual - Demonstração das Mutações do Patrimônio Líquido;REAL;MIL;ÚLTIMO;2024-04-01;2025-03-31;Lucros ou Prejuízos Acumulados;5.05.03;Reclassificações para o Resultado;0.0000000000;S
08.070.508/0001-78;2025-03-31;1;RAIZEN ENERGIA S.A.;023230;DF Individual - Demonstração das Mutações do Patrimônio Líquido;REAL;MIL;PENÚLTIMO;2023-04-01;2024-03-31;Outros Resultados Abrangentes;5.05.03;Reclassificações para o Resultado;0.0000000000;S
08.070.508/0001-78;2025-03-31;1;RAIZEN ENERGIA S.A.;023230;DF Individual - Demonstração das Mutações do Patrimônio Líquido;REAL;MIL;ÚLTIMO;2024-04-01;2025-03-31;Outros Resultados Abrangentes;5.05.03;Reclassificações para o Resultado;0.0000000000;S
08.070.508/0001-78;2025-03-31;1;RAIZEN ENERGIA S.A.;023230;DF Individual - Demonstração das Mutações do Patrimônio Líquido;REAL;MIL;PENÚLTIMO;2023-04-01;2024-03-31;Patrimônio Líquido;5.05.03;Reclassificações para o Resultado;0.0000000000;S
08.070.508/0001-78;2025-03-31;1;RAIZEN ENERGIA S.A.;023230;DF Individual - Demonstração das Mutações do Patrimônio Líquido;REAL;MIL;ÚLTIMO;2024-04-01;2025-03-31;Patrimônio Líquido;5.05.03;Reclassificações para o Resultado;0.0000000000;S
08.070.508/0001-78;2025-03-31;1;RAIZEN ENERGIA S.A.;023230;DF Individual - Demonstração das Mutações do Patrimônio Líquido;REAL;MIL;PENÚLTIMO;2023-04-01;2024-03-31;Capital Social Integralizado;5.05.03.01;Ajustes de Instrumentos Financeiros;0.0000000000;S
08.070.508/0001-78;2025-03-31;1;RAIZEN ENERGIA S.A.;023230;DF Individual - Demonstração das Mutações do Patrimônio Líquido;REAL;MIL;ÚLTIMO;2024-04-01;2025-03-31;Capital Social Integralizado;5.05.03.01;Ajustes de Instrumentos Financeiros;0.0000000000;S
08.070.508/0001-78;2025-03-31;1;RAIZEN ENERGIA S.A.;023230;DF Individual - Demonstração das Mutações do Patrimônio Líquido;REAL;MIL;PENÚLTIMO;2023-04-01;2024-03-31;Reservas de Capital, Opções Outorgadas e Ações em Tesouraria;5.05.03.01;Ajustes de Instrumentos Financeiros;0.0000000000;S
08.070.508/0001-78;2025-03-31;1;RAIZEN ENERGIA S.A.;023230;DF Individual - Demonstração das Mutações do Patrimônio Líquido;REAL;MIL;ÚLTIMO;2024-04-01;2025-03-31;Reservas de Capital, Opções Outorgadas e Ações em Tesouraria;5.05.03.01;Ajustes de Instrumentos Financeiros;0.0000000000;S
08.070.508/0001-78;2025-03-31;1;RAIZEN ENERGIA S.A.;023230;DF Individual - Demonstração das Mutações do Patrimônio Líquido;REAL;MIL;PENÚLTIMO;2023-04-01;2024-03-31;Reservas de Lucro;5.05.03.01;Ajustes de Instrumentos Financeiros;0.0000000000;S
08.070.508/0001-78;2025-03-31;1;RAIZEN ENERGIA S.A.;023230;DF Individual - Demonstração das Mutações do Patrimônio Líquido;REAL;MIL;ÚLTIMO;2024-04-01;2025-03-31;Reservas de Lucro;5.05.03.01;Ajustes de Instrumentos Financeiros;0.0000000000;S
08.070.508/0001-78;2025-03-31;1;RAIZEN ENERGIA S.A.;023230;DF Individual - Demonstração das Mutações do Patrimônio Líquido;REAL;MIL;PENÚLTIMO;2023-04-01;2024-03-31;Lucros ou Prejuízos Acumulados;5.05.03.01;Ajustes de Instrumentos Financeiros;0.0000000000;S
08.070.508/0001-78;2025-03-31;1;RAIZEN ENERGIA S.A.;023230;DF Individual - Demonstração das Mutações do Patrimônio Líquido;REAL;MIL;ÚLTIMO;2024-04-01;2025-03-31;Lucros ou Prejuízos Acumulados;5.05.03.01;Ajustes de Instrumentos Financeiros;0.0000000000;S
08.070.508/0001-78;2025-03-31;1;RAIZEN ENERGIA S.A.;023230;DF Individual - Demonstração das Mutações do Patrimônio Líquido;REAL;MIL;PENÚLTIMO;2023-04-01;2024-03-31;Outros Resultados Abrangentes;5.05.03.01;Ajustes de Instrumentos Financeiros;0.0000000000;S
08.070.508/0001-78;2025-03-31;1;RAIZEN ENERGIA S.A.;023230;DF Individual - Demonstração das Mutações do Patrimônio Líquido;REAL;MIL;ÚLTIMO;2024-04-01;2025-03-31;Outros Resultados Abrangentes;5.05.03.01;Ajustes de Instrumentos Financeiros;0.0000000000;S
08.070.508/0001-78;2025-03-31;1;RAIZEN ENERGIA S.A.;023230;DF Individual - Demonstração das Mutações do Patrimônio Líquido;REAL;MIL;PENÚLTIMO;2023-04-01;2024-03-31;Patrimônio Líquido;5.05.03.01;Ajustes de Instrumentos Financeiros;0.0000000000;S
08.070.508/0001-78;2025-03-31;1;RAIZEN ENERGIA S.A.;023230;DF Individual - Demonstração das Mutações do Patrimônio Líquido;REAL;MIL;ÚLTIMO;2024-04-01;2025-03-31;Patrimônio Líquido;5.05.03.01;Ajustes de Instrumentos Financeiros;0.0000000000;S
08.070.508/0001-78;2025-03-31;1;RAIZEN ENERGIA S.A.;023230;DF Individual - Demonstração das Mutações do Patrimônio Líquido;REAL;MIL;PENÚLTIMO;2023-04-01;2024-03-31;Capital Social Integralizado;5.06;Mutações Internas do Patrimônio Líquido;0.0000000000;S
08.070.508/0001-78;2025-03-31;1;RAIZEN ENERGIA S.A.;023230;DF Individual - Demonstração das Mutações do Patrimônio Líquido;REAL;MIL;ÚLTIMO;2024-04-01;2025-03-31;Capital Social Integralizado;5.06;Mutações Internas do Patrimônio Líquido;0.0000000000;S
08.070.508/0001-78;2025-03-31;1;RAIZEN ENERGIA S.A.;023230;DF Individual - Demonstração das Mutações do Patrimônio Líquido;REAL;MIL;PENÚLTIMO;2023-04-01;2024-03-31;Reservas de Capital, Opções Outorgadas e Ações em Tesouraria;5.06;Mutações Internas do Patrimônio Líquido;0.0000000000;S
08.070.508/0001-78;2025-03-31;1;RAIZEN ENERGIA S.A.;023230;DF Individual - Demonstração das Mutações do Patrimônio Líquido;REAL;MIL;ÚLTIMO;2024-04-01;2025-03-31;Reservas de Capital, Opções Outorgadas e Ações em Tesouraria;5.06;Mutações Internas do Patrimônio Líquido;0.0000000000;S
08.070.508/0001-78;2025-03-31;1;RAIZEN ENERGIA S.A.;023230;DF Individual - Demonstração das Mutações do Patrimônio Líquido;REAL;MIL;PENÚLTIMO;2023-04-01;2024-03-31;Reservas de Lucro;5.06;Mutações Internas do Patrimônio Líquido;0.0000000000;S
08.070.508/0001-78;2025-03-31;1;RAIZEN ENERGIA S.A.;023230;DF Individual - Demonstração das Mutações do Patrimônio Líquido;REAL;MIL;ÚLTIMO;2024-04-01;2025-03-31;Reservas de Lucro;5.06;Mutações Internas do Patrimônio Líquido;0.0000000000;S
08.070.508/0001-78;2025-03-31;1;RAIZEN ENERGIA S.A.;023230;DF Individual - Demonstração das Mutações do Patrimônio Líquido;REAL;MIL;PENÚLTIMO;2023-04-01;2024-03-31;Lucros ou Prejuízos Acumulados;5.06;Mutações Internas do Patrimônio Líquido;0.0000000000;S
08.070.508/0001-78;2025-03-31;1;RAIZEN ENERGIA S.A.;023230;DF Individual - Demonstração das Mutações do Patrimônio Líquido;REAL;MIL;ÚLTIMO;2024-04-01;2025-03-31;Lucros ou Prejuízos Acumulados;5.06;Mutações Internas do Patrimônio Líquido;0.0000000000;S
08.070.508/0001-78;2025-03-31;1;RAIZEN ENERGIA S.A.;023230;DF Individual - Demonstração das Mutações do Patrimônio Líquido;REAL;MIL;PENÚLTIMO;2023-04-01;2024-03-31;Outros Resultados Abrangentes;5.06;Mutações Internas do Patrimônio Líquido;0.0000000000;S
08.070.508/0001-78;2025-03-31;1;RAIZEN ENERGIA S.A.;023230;DF Individual - Demonstração das Mutações do Patrimônio Líquido;REAL;MIL;ÚLTIMO;2024-04-01;2025-03-31;Outros Resultados Abrangentes;5.06;Mutações Internas do Patrimônio Líquido;0.0000000000;S
08.070.508/0001-78;2025-03-31;1;RAIZEN ENERGIA S.A.;023230;DF Individual - Demonstração das Mutações do Patrimônio Líquido;REAL;MIL;PENÚLTIMO;2023-04-01;2024-03-31;Patrimônio Líquido;5.06;Mutações Internas do Patrimônio Líquido;0.0000000000;S
08.070.508/0001-78;2025-03-31;1;RAIZEN ENERGIA S.A.;023230;DF Individual - Demonstração das Mutações do Patrimônio Líquido;REAL;MIL;ÚLTIMO;2024-04-01;2025-03-31;Patrimônio Líquido;5.06;Mutações Internas do Patrimônio Líquido;0.0000000000;S
08.070.508/0001-78;2025-03-31;1;RAIZEN ENERGIA S.A.;023230;DF Individual - Demonstração das Mutações do Patrimônio Líquido;REAL;MIL;PENÚLTIMO;2023-04-01;2024-03-31;Capital Social Integralizado;5.06.01;Constituição de Reservas;0.0000000000;S
08.070.508/0001-78;2025-03-31;1;RAIZEN ENERGIA S.A.;023230;DF Individual - Demonstração das Mutações do Patrimônio Líquido;REAL;MIL;ÚLTIMO;2024-04-01;2025-03-31;Capital Social Integralizado;5.06.01;Constituição de Reservas;0.0000000000;S
08.070.508/0001-78;2025-03-31;1;RAIZEN ENERGIA S.A.;023230;DF Individual - Demonstração das Mutações do Patrimônio Líquido;REAL;MIL;PENÚLTIMO;2023-04-01;2024-03-31;Reservas de Capital, Opções Outorgadas e Ações em Tesouraria;5.06.01;Constituição de Reservas;0.0000000000;S
08.070.508/0001-78;2025-03-31;1;RAIZEN ENERGIA S.A.;023230;DF Individual - Demonstração das Mutações do Patrimônio Líquido;REAL;MIL;ÚLTIMO;2024-04-01;2025-03-31;Reservas de Capital, Opções Outorgadas e Ações em Tesouraria;5.06.01;Constituição de Reservas;0.0000000000;S
08.070.508/0001-78;2025-03-31;1;RAIZEN ENERGIA S.A.;023230;DF Individual - Demonstração das Mutações do Patrimônio Líquido;REAL;MIL;PENÚLTIMO;2023-04-01;2024-03-31;Reservas de Lucro;5.06.01;Constituição de Reservas;0.0000000000;S
08.070.508/0001-78;2025-03-31;1;RAIZEN ENERGIA S.A.;023230;DF Individual - Demonstração das Mutações do Patrimônio Líquido;REAL;MIL;ÚLTIMO;2024-04-01;2025-03-31;Reservas de Lucro;5.06.01;Constituição de Reservas;0.0000000000;S
08.070.508/0001-78;2025-03-31;1;RAIZEN ENERGIA S.A.;023230;DF Individual - Demonstração das Mutações do Patrimônio Líquido;REAL;MIL;PENÚLTIMO;2023-04-01;2024-03-31;Lucros ou Prejuízos Acumulados;5.06.01;Constituição de Reservas;0.0000000000;S
08.070.508/0001-78;2025-03-31;1;RAIZEN ENERGIA S.A.;023230;DF Individual - Demonstração das Mutações do Patrimônio Líquido;REAL;MIL;ÚLTIMO;2024-04-01;2025-03-31;Lucros ou Prejuízos Acumulados;5.06.01;Constituição de Reservas;0.0000000000;S
08.070.508/0001-78;2025-03-31;1;RAIZEN ENERGIA S.A.;023230;DF Individual - Demonstração das Mutações do Patrimônio Líquido;REAL;MIL;PENÚLTIMO;2023-04-01;2024-03-31;Outros Resultados Abrangentes;5.06.01;Constituição de Reservas;0.0000000000;S
08.070.508/0001-78;2025-03-31;1;RAIZEN ENERGIA S.A.;023230;DF Individual - Demonstração das Mutações do Patrimônio Líquido;REAL;MIL;ÚLTIMO;2024-04-01;2025-03-31;Outros Resultados Abrangentes;5.06.01;Constituição de Reservas;0.0000000000;S
08.070.508/0001-78;2025-03-31;1;RAIZEN ENERGIA S.A.;023230;DF Individual - Demonstração das Mutações do Patrimônio Líquido;REAL;MIL;PENÚLTIMO;2023-04-01;2024-03-31;Patrimônio Líquido;5.06.01;Constituição de Reservas;0.0000000000;S
08.070.508/0001-78;2025-03-31;1;RAIZEN ENERGIA S.A.;023230;DF Individual - Demonstração das Mutações do Patrimônio Líquido;REAL;MIL;ÚLTIMO;2024-04-01;2025-03-31;Patrimônio Líquido;5.06.01;Constituição de Reservas;0.0000000000;S
08.070.508/0001-78;2025-03-31;1;RAIZEN ENERGIA S.A.;023230;DF Individual - Demonstração das Mutações do Patrimônio Líquido;REAL;MIL;PENÚLTIMO;2023-04-01;2024-03-31;Capital Social Integralizado;5.06.02;Realização da Reserva Reavaliação;0.0000000000;S
08.070.508/0001-78;2025-03-31;1;RAIZEN ENERGIA S.A.;023230;DF Individual - Demonstração das Mutações do Patrimônio Líquido;REAL;MIL;ÚLTIMO;2024-04-01;2025-03-31;Capital Social Integralizado;5.06.02;Realização da Reserva Reavaliação;0.0000000000;S
08.070.508/0001-78;2025-03-31;1;RAIZEN ENERGIA S.A.;023230;DF Individual - Demonstração das Mutações do Patrimônio Líquido;REAL;MIL;PENÚLTIMO;2023-04-01;2024-03-31;Reservas de Capital, Opções Outorgadas e Ações em Tesouraria;5.06.02;Realização da Reserva Reavaliação;0.0000000000;S
08.070.508/0001-78;2025-03-31;1;RAIZEN ENERGIA S.A.;023230;DF Individual - Demonstração das Mutações do Patrimônio Líquido;REAL;MIL;ÚLTIMO;2024-04-01;2025-03-31;Reservas de Capital, Opções Outorgadas e Ações em Tesouraria;5.06.02;Realização da Reserva Reavaliação;0.0000000000;S
08.070.508/0001-78;2025-03-31;1;RAIZEN ENERGIA S.A.;023230;DF Individual - Demonstração das Mutações do Patrimônio Líquido;REAL;MIL;PENÚLTIMO;2023-04-01;2024-03-31;Reservas de Lucro;5.06.02;Realização da Reserva Reavaliação;0.0000000000;S
08.070.508/0001-78;2025-03-31;1;RAIZEN ENERGIA S.A.;023230;DF Individual - Demonstração das Mutações do Patrimônio Líquido;REAL;MIL;ÚLTIMO;2024-04-01;2025-03-31;Reservas de Lucro;5.06.02;Realização da Reserva Reavaliação;0.0000000000;S
08.070.508/0001-78;2025-03-31;1;RAIZEN ENERGIA S.A.;023230;DF Individual - Demonstração das Mutações do Patrimônio Líquido;REAL;MIL;PENÚLTIMO;2023-04-01;2024-03-31;Lucros ou Prejuízos Acumulados;5.06.02;Realização da Reserva Reavaliação;0.0000000000;S
08.070.508/0001-78;2025-03-31;1;RAIZEN ENERGIA S.A.;023230;DF Individual - Demonstração das Mutações do Patrimônio Líquido;REAL;MIL;ÚLTIMO;2024-04-01;2025-03-31;Lucros ou Prejuízos Acumulados;5.06.02;Realização da Reserva Reavaliação;0.0000000000;S
08.070.508/0001-78;2025-03-31;1;RAIZEN ENERGIA S.A.;023230;DF Individual - Demonstração das Mutações do Patrimônio Líquido;REAL;MIL;PENÚLTIMO;2023-04-01;2024-03-31;Outros Resultados Abrangentes;5.06.02;Realização da Reserva Reavaliação;0.0000000000;S
08.070.508/0001-78;2025-03-31;1;RAIZEN ENERGIA S.A.;023230;DF Individual - Demonstração das Mutações do Patrimônio Líquido;REAL;MIL;ÚLTIMO;2024-04-01;2025-03-31;Outros Resultados Abrangentes;5.06.02;Realização da Reserva Reavaliação;0.0000000000;S
08.070.508/0001-78;2025-03-31;1;RAIZEN ENERGIA S.A.;023230;DF Individual - Demonstração das Mutações do Patrimônio Líquido;REAL;MIL;PENÚLTIMO;2023-04-01;2024-03-31;Patrimônio Líquido;5.06.02;Realização da Reserva Reavaliação;0.0000000000;S
08.070.508/0001-78;2025-03-31;1;RAIZEN ENERGIA S.A.;023230;DF Individual - Demonstração das Mutações do Patrimônio Líquido;REAL;MIL;ÚLTIMO;2024-04-01;2025-03-31;Patrimônio Líquido;5.06.02;Realização da Reserva Reavaliação;0.0000000000;S
08.070.508/0001-78;2025-03-31;1;RAIZEN ENERGIA S.A.;023230;DF Individual - Demonstração das Mutações do Patrimônio Líquido;REAL;MIL;PENÚLTIMO;2023-04-01;2024-03-31;Capital Social Integralizado;5.06.03;Tributos sobre a Realização da Reserva de Reavaliação;0.0000000000;S
08.070.508/0001-78;2025-03-31;1;RAIZEN ENERGIA S.A.;023230;DF Individual - Demonstração das Mutações do Patrimônio Líquido;REAL;MIL;ÚLTIMO;2024-04-01;2025-03-31;Capital Social Integralizado;5.06.03;Tributos sobre a Realização da Reserva de Reavaliação;0.0000000000;S
08.070.508/0001-78;2025-03-31;1;RAIZEN ENERGIA S.A.;023230;DF Individual - Demonstração das Mutações do Patrimônio Líquido;REAL;MIL;PENÚLTIMO;2023-04-01;2024-03-31;Reservas de Capital, Opções Outorgadas e Ações em Tesouraria;5.06.03;Tributos sobre a Realização da Reserva de Reavaliação;0.0000000000;S
08.070.508/0001-78;2025-03-31;1;RAIZEN ENERGIA S.A.;023230;DF Individual - Demonstração das Mutações do Patrimônio Líquido;REAL;MIL;ÚLTIMO;2024-04-01;2025-03-31;Reservas de Capital, Opções Outorgadas e Ações em Tesouraria;5.06.03;Tributos sobre a Realização da Reserva de Reavaliação;0.0000000000;S
08.070.508/0001-78;2025-03-31;1;RAIZEN ENERGIA S.A.;023230;DF Individual - Demonstração das Mutações do Patrimônio Líquido;REAL;MIL;PENÚLTIMO;2023-04-01;2024-03-31;Reservas de Lucro;5.06.03;Tributos sobre a Realização da Reserva de Reavaliação;0.0000000000;S
08.070.508/0001-78;2025-03-31;1;RAIZEN ENERGIA S.A.;023230;DF Individual - Demonstração das Mutações do Patrimônio Líquido;REAL;MIL;ÚLTIMO;2024-04-01;2025-03-31;Reservas de Lucro;5.06.03;Tributos sobre a Realização da Reserva de Reavaliação;0.0000000000;S
08.070.508/0001-78;2025-03-31;1;RAIZEN ENERGIA S.A.;023230;DF Individual - Demonstração das Mutações do Patrimônio Líquido;REAL;MIL;PENÚLTIMO;2023-04-01;2024-03-31;Lucros ou Prejuízos Acumulados;5.06.03;Tributos sobre a Realização da Reserva de Reavaliação;0.0000000000;S
08.070.508/0001-78;2025-03-31;1;RAIZEN ENERGIA S.A.;023230;DF Individual - Demonstração das Mutações do Patrimônio Líquido;REAL;MIL;ÚLTIMO;2024-04-01;2025-03-31;Lucros ou Prejuízos Acumulados;5.06.03;Tributos sobre a Realização da Reserva de Reavaliação;0.0000000000;S
08.070.508/0001-78;2025-03-31;1;RAIZEN ENERGIA S.A.;023230;DF Individual - Demonstração das Mutações do Patrimônio Líquido;REAL;MIL;PENÚLTIMO;2023-04-01;2024-03-31;Outros Resultados Abrangentes;5.06.03;Tributos sobre a Realização da Reserva de Reavaliação;0.0000000000;S
08.070.508/0001-78;2025-03-31;1;RAIZEN ENERGIA S.A.;023230;DF Individual - Demonstração das Mutações do Patrimônio Líquido;REAL;MIL;ÚLTIMO;2024-04-01;2025-03-31;Outros Resultados Abrangentes;5.06.03;Tributos sobre a Realização da Reserva de Reavaliação;0.0000000000;S
08.070.508/0001-78;2025-03-31;1;RAIZEN ENERGIA S.A.;023230;DF Individual - Demonstração das Mutações do Patrimônio Líquido;REAL;MIL;PENÚLTIMO;2023-04-01;2024-03-31;Patrimônio Líquido;5.06.03;Tributos sobre a Realização da Reserva de Reavaliação;0.0000000000;S
08.070.508/0001-78;2025-03-31;1;RAIZEN ENERGIA S.A.;023230;DF Individual - Demonstração das Mutações do Patrimônio Líquido;REAL;MIL;ÚLTIMO;2024-04-01;2025-03-31;Patrimônio Líquido;5.06.03;Tributos sobre a Realização da Reserva de Reavaliação;0.0000000000;S
08.070.508/0001-78;2025-03-31;1;RAIZEN ENERGIA S.A.;023230;DF Individual - Demonstração das Mutações do Patrimônio Líquido;REAL;MIL;PENÚLTIMO;2023-04-01;2024-03-31;Capital Social Integralizado;5.07;Saldos Finais;19531609.0000000000;S
08.070.508/0001-78;2025-03-31;1;RAIZEN ENERGIA S.A.;023230;DF Individual - Demonstração das Mutações do Patrimônio Líquido;REAL;MIL;ÚLTIMO;2024-04-01;2025-03-31;Capital Social Integralizado;5.07;Saldos Finais;21031609.0000000000;S
08.070.508/0001-78;2025-03-31;1;RAIZEN ENERGIA S.A.;023230;DF Individual - Demonstração das Mutações do Patrimônio Líquido;REAL;MIL;PENÚLTIMO;2023-04-01;2024-03-31;Reservas de Capital, Opções Outorgadas e Ações em Tesouraria;5.07;Saldos Finais;243111.0000000000;S
08.070.508/0001-78;2025-03-31;1;RAIZEN ENERGIA S.A.;023230;DF Individual - Demonstração das Mutações do Patrimônio Líquido;REAL;MIL;ÚLTIMO;2024-04-01;2025-03-31;Reservas de Capital, Opções Outorgadas e Ações em Tesouraria;5.07;Saldos Finais;239515.0000000000;S
08.070.508/0001-78;2025-03-31;1;RAIZEN ENERGIA S.A.;023230;DF Individual - Demonstração das Mutações do Patrimônio Líquido;REAL;MIL;PENÚLTIMO;2023-04-01;2024-03-31;Reservas de Lucro;5.07;Saldos Finais;396488.0000000000;S
08.070.508/0001-78;2025-03-31;1;RAIZEN ENERGIA S.A.;023230;DF Individual - Demonstração das Mutações do Patrimônio Líquido;REAL;MIL;ÚLTIMO;2024-04-01;2025-03-31;Reservas de Lucro;5.07;Saldos Finais;396488.0000000000;S
08.070.508/0001-78;2025-03-31;1;RAIZEN ENERGIA S.A.;023230;DF Individual - Demonstração das Mutações do Patrimônio Líquido;REAL;MIL;PENÚLTIMO;2023-04-01;2024-03-31;Lucros ou Prejuízos Acumulados;5.07;Saldos Finais;-161415.0000000000;S
08.070.508/0001-78;2025-03-31;1;RAIZEN ENERGIA S.A.;023230;DF Individual - Demonstração das Mutações do Patrimônio Líquido;REAL;MIL;ÚLTIMO;2024-04-01;2025-03-31;Lucros ou Prejuízos Acumulados;5.07;Saldos Finais;-6246469.0000000000;S
08.070.508/0001-78;2025-03-31;1;RAIZEN ENERGIA S.A.;023230;DF Individual - Demonstração das Mutações do Patrimônio Líquido;REAL;MIL;PENÚLTIMO;2023-04-01;2024-03-31;Outros Resultados Abrangentes;5.07;Saldos Finais;-1717.0000000000;S
08.070.508/0001-78;2025-03-31;1;RAIZEN ENERGIA S.A.;023230;DF Individual - Demonstração das Mutações do Patrimônio Líquido;REAL;MIL;ÚLTIMO;2024-04-01;2025-03-31;Outros Resultados Abrangentes;5.07;Saldos Finais;-299708.0000000000;S
08.070.508/0001-78;2025-03-31;1;RAIZEN ENERGIA S.A.;023230;DF Individual - Demonstração das Mutações do Patrimônio Líquido;REAL;MIL;PENÚLTIMO;2023-04-01;2024-03-31;Patrimônio Líquido;5.07;Saldos Finais;20008076.0000000000;S
08.070.508/0001-78;2025-03-31;1;RAIZEN ENERGIA S.A.;023230;DF Individual - Demonstração das Mutações do Patrimônio Líquido;REAL;MIL;ÚLTIMO;2024-04-01;2025-03-31;Patrimônio Líquido;5.07;Saldos Finais;15121435.0000000000;S
08.322.396/0001-03;2025-03-31;1;CERRADINHO BIOENERGIA S.A.;026522;DF Individual - Demonstração das Mutações do Patrimônio Líquido;REAL;MIL;PENÚLTIMO;2023-04-01;2024-03-31;Capital Social Integralizado;5.01;Saldos Iniciais;472588.0000000000;S
08.322.396/0001-03;2025-03-31;1;CERRADINHO BIOENERGIA S.A.;026522;DF Individual - Demonstração das Mutações do Patrimônio Líquido;REAL;MIL;ÚLTIMO;2024-04-01;2025-03-31;Capital Social Integralizado;5.01;Saldos Iniciais;472588.0000000000;S
08.322.396/0001-03;2025-03-31;1;CERRADINHO BIOENERGIA S.A.;026522;DF Individual - Demonstração das Mutações do Patrimônio Líquido;REAL;MIL;PENÚLTIMO;2023-04-01;2024-03-31;Reservas de Capital, Opções Outorgadas e Ações em Tesouraria;5.01;Saldos Iniciais;0.0000000000;S
08.322.396/0001-03;2025-03-31;1;CERRADINHO BIOENERGIA S.A.;026522;DF Individual - Demonstração das Mutações do Patrimônio Líquido;REAL;MIL;ÚLTIMO;2024-04-01;2025-03-31;Reservas de Capital, Opções Outorgadas e Ações em Tesouraria;5.01;Saldos Iniciais;0.0000000000;S
08.322.396/0001-03;2025-03-31;1;CERRADINHO BIOENERGIA S.A.;026522;DF Individual - Demonstração das Mutações do Patrimônio Líquido;REAL;MIL;PENÚLTIMO;2023-04-01;2024-03-31;Reservas de Lucro;5.01;Saldos Iniciais;866944.0000000000;S
08.322.396/0001-03;2025-03-31;1;CERRADINHO BIOENERGIA S.A.;026522;DF Individual - Demonstração das Mutações do Patrimônio Líquido;REAL;MIL;ÚLTIMO;2024-04-01;2025-03-31;Reservas de Lucro;5.01;Saldos Iniciais;907239.0000000000;S
08.322.396/0001-03;2025-03-31;1;CERRADINHO BIOENERGIA S.A.;026522;DF Individual - Demonstração das Mutações do Patrimônio Líquido;REAL;MIL;PENÚLTIMO;2023-04-01;2024-03-31;Lucros ou Prejuízos Acumulados;5.01;Saldos Iniciais;0.0000000000;S
08.322.396/0001-03;2025-03-31;1;CERRADINHO BIOENERGIA S.A.;026522;DF Individual - Demonstração das Mutações do Patrimônio Líquido;REAL;MIL;ÚLTIMO;2024-04-01;2025-03-31;Lucros ou Prejuízos Acumulados;5.01;Saldos Iniciais;0.0000000000;S
08.322.396/0001-03;2025-03-31;1;CERRADINHO BIOENERGIA S.A.;026522;DF Individual - Demonstração das Mutações do Patrimônio Líquido;REAL;MIL;PENÚLTIMO;2023-04-01;2024-03-31;Outros Resultados Abrangentes;5.01;Saldos Iniciais;-10747.0000000000;S
08.322.396/0001-03;2025-03-31;1;CERRADINHO BIOENERGIA S.A.;026522;DF Individual - Demonstração das Mutações do Patrimônio Líquido;REAL;MIL;ÚLTIMO;2024-04-01;2025-03-31;Outros Resultados Abrangentes;5.01;Saldos Iniciais;-32554.0000000000;S
08.322.396/0001-03;2025-03-31;1;CERRADINHO BIOENERGIA S.A.;026522;DF Individual - Demonstração das Mutações do Patrimônio Líquido;REAL;MIL;PENÚLTIMO;2023-04-01;2024-03-31;Patrimônio Líquido;5.01;Saldos Iniciais;1328785.0000000000;S
08.322.396/0001-03;2025-03-31;1;CERRADINHO BIOENERGIA S.A.;026522;DF Individual - Demonstração das Mutações do Patrimônio Líquido;REAL;MIL;ÚLTIMO;2024-04-01;2025-03-31;Patrimônio Líquido;5.01;Saldos Iniciais;1347273.0000000000;S
08.322.396/0001-03;2025-03-31;1;CERRADINHO BIOENERGIA S.A.;026522;DF Individual - Demonstração das Mutações do Patrimônio Líquido;REAL;MIL;PENÚLTIMO;2023-04-01;2024-03-31;Capital Social Integralizado;5.02;Ajustes de Exercícios Anteriores;0.0000000000;S
08.322.396/0001-03;2025-03-31;1;CERRADINHO BIOENERGIA S.A.;026522;DF Individual - Demonstração das Mutações do Patrimônio Líquido;REAL;MIL;ÚLTIMO;2024-04-01;2025-03-31;Capital Social Integralizado;5.02;Ajustes de Exercícios Anteriores;0.0000000000;S
08.322.396/0001-03;2025-03-31;1;CERRADINHO BIOENERGIA S.A.;026522;DF Individual - Demonstração das Mutações do Patrimônio Líquido;REAL;MIL;PENÚLTIMO;2023-04-01;2024-03-31;Reservas de Capital, Opções Outorgadas e Ações em Tesouraria;5.02;Ajustes de Exercícios Anteriores;0.0000000000;S
08.322.396/0001-03;2025-03-31;1;CERRADINHO BIOENERGIA S.A.;026522;DF Individual - Demonstração das Mutações do Patrimônio Líquido;REAL;MIL;ÚLTIMO;2024-04-01;2025-03-31;Reservas de Capital, Opções Outorgadas e Ações em Tesouraria;5.02;Ajustes de Exercícios Anteriores;0.0000000000;S
08.322.396/0001-03;2025-03-31;1;CERRADINHO BIOENERGIA S.A.;026522;DF Individual - Demonstração das Mutações do Patrimônio Líquido;REAL;MIL;PENÚLTIMO;2023-04-01;2024-03-31;Reservas de Lucro;5.02;Ajustes de Exercícios Anteriores;0.0000000000;S
08.322.396/0001-03;2025-03-31;1;CERRADINHO BIOENERGIA S.A.;026522;DF Individual - Demonstração das Mutações do Patrimônio Líquido;REAL;MIL;ÚLTIMO;2024-04-01;2025-03-31;Reservas de Lucro;5.02;Ajustes de Exercícios Anteriores;0.0000000000;S
08.322.396/0001-03;2025-03-31;1;CERRADINHO BIOENERGIA S.A.;026522;DF Individual - Demonstração das Mutações do Patrimônio Líquido;REAL;MIL;PENÚLTIMO;2023-04-01;2024-03-31;Lucros ou Prejuízos Acumulados;5.02;Ajustes de Exercícios Anteriores;0.0000000000;S
08.322.396/0001-03;2025-03-31;1;CERRADINHO BIOENERGIA S.A.;026522;DF Individual - Demonstração das Mutações do Patrimônio Líquido;REAL;MIL;ÚLTIMO;2024-04-01;2025-03-31;Lucros ou Prejuízos Acumulados;5.02;Ajustes de Exercícios Anteriores;0.0000000000;S
08.322.396/0001-03;2025-03-31;1;CERRADINHO BIOENERGIA S.A.;026522;DF Individual - Demonstração das Mutações do Patrimônio Líquido;REAL;MIL;PENÚLTIMO;2023-04-01;2024-03-31;Outros Resultados Abrangentes;5.02;Ajustes de Exercícios Anteriores;0.0000000000;S
08.322.396/0001-03;2025-03-31;1;CERRADINHO BIOENERGIA S.A.;026522;DF Individual - Demonstração das Mutações do Patrimônio Líquido;REAL;MIL;ÚLTIMO;2024-04-01;2025-03-31;Outros Resultados Abrangentes;5.02;Ajustes de Exercícios Anteriores;0.0000000000;S
08.322.396/0001-03;2025-03-31;1;CERRADINHO BIOENERGIA S.A.;026522;DF Individual - Demonstração das Mutações do Patrimônio Líquido;REAL;MIL;PENÚLTIMO;2023-04-01;2024-03-31;Patrimônio Líquido;5.02;Ajustes de Exercícios Anteriores;0.0000000000;S
08.322.396/0001-03;2025-03-31;1;CERRADINHO BIOENERGIA S.A.;026522;DF Individual - Demonstração das Mutações do Patrimônio Líquido;REAL;MIL;ÚLTIMO;2024-04-01;2025-03-31;Patrimônio Líquido;5.02;Ajustes de Exercícios Anteriores;0.0000000000;S
08.322.396/0001-03;2025-03-31;1;CERRADINHO BIOENERGIA S.A.;026522;DF Individual - Demonstração das Mutações do Patrimônio Líquido;REAL;MIL;PENÚLTIMO;2023-04-01;2024-03-31;Capital Social Integralizado;5.03;Saldos Iniciais Ajustados;472588.0000000000;S
08.322.396/0001-03;2025-03-31;1;CERRADINHO BIOENERGIA S.A.;026522;DF Individual - Demonstração das Mutações do Patrimônio Líquido;REAL;MIL;ÚLTIMO;2024-04-01;2025-03-31;Capital Social Integralizado;5.03;Saldos Iniciais Ajustados;472588.0000000000;S
08.322.396/0001-03;2025-03-31;1;CERRADINHO BIOENERGIA S.A.;026522;DF Individual - Demonstração das Mutações do Patrimônio Líquido;REAL;MIL;PENÚLTIMO;2023-04-01;2024-03-31;Reservas de Capital, Opções Outorgadas e Ações em Tesouraria;5.03;Saldos Iniciais Ajustados;0.0000000000;S
08.322.396/0001-03;2025-03-31;1;CERRADINHO BIOENERGIA S.A.;026522;DF Individual - Demonstração das Mutações do Patrimônio Líquido;REAL;MIL;ÚLTIMO;2024-04-01;2025-03-31;Reservas de Capital, Opções Outorgadas e Ações em Tesouraria;5.03;Saldos Iniciais Ajustados;0.0000000000;S
08.322.396/0001-03;2025-03-31;1;CERRADINHO BIOENERGIA S.A.;026522;DF Individual - Demonstração das Mutações do Patrimônio Líquido;REAL;MIL;PENÚLTIMO;2023-04-01;2024-03-31;Reservas de Lucro;5.03;Saldos Iniciais Ajustados;866944.0000000000;S
08.322.396/0001-03;2025-03-31;1;CERRADINHO BIOENERGIA S.A.;026522;DF Individual - Demonstração das Mutações do Patrimônio Líquido;REAL;MIL;ÚLTIMO;2024-04-01;2025-03-31;Reservas de Lucro;5.03;Saldos Iniciais Ajustados;907239.0000000000;S
08.322.396/0001-03;2025-03-31;1;CERRADINHO BIOENERGIA S.A.;026522;DF Individual - Demonstração das Mutações do Patrimônio Líquido;REAL;MIL;PENÚLTIMO;2023-04-01;2024-03-31;Lucros ou Prejuízos Acumulados;5.03;Saldos Iniciais Ajustados;0.0000000000;S
08.322.396/0001-03;2025-03-31;1;CERRADINHO BIOENERGIA S.A.;026522;DF Individual - Demonstração das Mutações do Patrimônio Líquido;REAL;MIL;ÚLTIMO;2024-04-01;2025-03-31;Lucros ou Prejuízos Acumulados;5.03;Saldos Iniciais Ajustados;0.0000000000;S
08.322.396/0001-03;2025-03-31;1;CERRADINHO BIOENERGIA S.A.;026522;DF Individual - Demonstração das Mutações do Patrimônio Líquido;REAL;MIL;PENÚLTIMO;2023-04-01;2024-03-31;Outros Resultados Abrangentes;5.03;Saldos Iniciais Ajustados;-10747.0000000000;S
08.322.396/0001-03;2025-03-31;1;CERRADINHO BIOENERGIA S.A.;026522;DF Individual - Demonstração das Mutações do Patrimônio Líquido;REAL;MIL;ÚLTIMO;2024-04-01;2025-03-31;Outros Resultados Abrangentes;5.03;Saldos Iniciais Ajustados;-32554.0000000000;S
08.322.396/0001-03;2025-03-31;1;CERRADINHO BIOENERGIA S.A.;026522;DF Individual - Demonstração das Mutações do Patrimônio Líquido;REAL;MIL;PENÚLTIMO;2023-04-01;2024-03-31;Patrimônio Líquido;5.03;Saldos Iniciais Ajustados;1328785.0000000000;S
08.322.396/0001-03;2025-03-31;1;CERRADINHO BIOENERGIA S.A.;026522;DF Individual - Demonstração das Mutações do Patrimônio Líquido;REAL;MIL;ÚLTIMO;2024-04-01;2025-03-31;Patrimônio Líquido;5.03;Saldos Iniciais Ajustados;1347273.0000000000;S
08.322.396/0001-03;2025-03-31;1;CERRADINHO BIOENERGIA S.A.;026522;DF Individual - Demonstração das Mutações do Patrimônio Líquido;REAL;MIL;PENÚLTIMO;2023-04-01;2024-03-31;Capital Social Integralizado;5.04;Transações de Capital com os Sócios;0.0000000000;S
08.322.396/0001-03;2025-03-31;1;CERRADINHO BIOENERGIA S.A.;026522;DF Individual - Demonstração das Mutações do Patrimônio Líquido;REAL;MIL;ÚLTIMO;2024-04-01;2025-03-31;Capital Social Integralizado;5.04;Transações de Capital com os Sócios;0.0000000000;S
08.322.396/0001-03;2025-03-31;1;CERRADINHO BIOENERGIA S.A.;026522;DF Individual - Demonstração das Mutações do Patrimônio Líquido;REAL;MIL;PENÚLTIMO;2023-04-01;2024-03-31;Reservas de Capital, Opções Outorgadas e Ações em Tesouraria;5.04;Transações de Capital com os Sócios;0.0000000000;S
08.322.396/0001-03;2025-03-31;1;CERRADINHO BIOENERGIA S.A.;026522;DF Individual - Demonstração das Mutações do Patrimônio Líquido;REAL;MIL;ÚLTIMO;2024-04-01;2025-03-31;Reservas de Capital, Opções Outorgadas e Ações em Tesouraria;5.04;Transações de Capital com os Sócios;0.0000000000;S
08.322.396/0001-03;2025-03-31;1;CERRADINHO BIOENERGIA S.A.;026522;DF Individual - Demonstração das Mutações do Patrimônio Líquido;REAL;MIL;PENÚLTIMO;2023-04-01;2024-03-31;Reservas de Lucro;5.04;Transações de Capital com os Sócios;0.0000000000;S
08.322.396/0001-03;2025-03-31;1;CERRADINHO BIOENERGIA S.A.;026522;DF Individual - Demonstração das Mutações do Patrimônio Líquido;REAL;MIL;ÚLTIMO;2024-04-01;2025-03-31;Reservas de Lucro;5.04;Transações de Capital com os Sócios;28005.0000000000;S
08.322.396/0001-03;2025-03-31;1;CERRADINHO BIOENERGIA S.A.;026522;DF Individual - Demonstração das Mutações do Patrimônio Líquido;REAL;MIL;PENÚLTIMO;2023-04-01;2024-03-31;Lucros ou Prejuízos Acumulados;5.04;Transações de Capital com os Sócios;0.0000000000;S
08.322.396/0001-03;2025-03-31;1;CERRADINHO BIOENERGIA S.A.;026522;DF Individual - Demonstração das Mutações do Patrimônio Líquido;REAL;MIL;ÚLTIMO;2024-04-01;2025-03-31;Lucros ou Prejuízos Acumulados;5.04;Transações de Capital com os Sócios;-74681.0000000000;S
08.322.396/0001-03;2025-03-31;1;CERRADINHO BIOENERGIA S.A.;026522;DF Individual - Demonstração das Mutações do Patrimônio Líquido;REAL;MIL;PENÚLTIMO;2023-04-01;2024-03-31;Outros Resultados Abrangentes;5.04;Transações de Capital com os Sócios;0.0000000000;S
08.322.396/0001-03;2025-03-31;1;CERRADINHO BIOENERGIA S.A.;026522;DF Individual - Demonstração das Mutações do Patrimônio Líquido;REAL;MIL;ÚLTIMO;2024-04-01;2025-03-31;Outros Resultados Abrangentes;5.04;Transações de Capital com os Sócios;0.0000000000;S
08.322.396/0001-03;2025-03-31;1;CERRADINHO BIOENERGIA S.A.;026522;DF Individual - Demonstração das Mutações do Patrimônio Líquido;REAL;MIL;PENÚLTIMO;2023-04-01;2024-03-31;Patrimônio Líquido;5.04;Transações de Capital com os Sócios;0.0000000000;S
08.322.396/0001-03;2025-03-31;1;CERRADINHO BIOENERGIA S.A.;026522;DF Individual - Demonstração das Mutações do Patrimônio Líquido;REAL;MIL;ÚLTIMO;2024-04-01;2025-03-31;Patrimônio Líquido;5.04;Transações de Capital com os Sócios;-46676.0000000000;S
08.322.396/0001-03;2025-03-31;1;CERRADINHO BIOENERGIA S.A.;026522;DF Individual - Demonstração das Mutações do Patrimônio Líquido;REAL;MIL;PENÚLTIMO;2023-04-01;2024-03-31;Capital Social Integralizado;5.04.01;Aumentos de Capital;0.0000000000;S
08.322.396/0001-03;2025-03-31;1;CERRADINHO BIOENERGIA S.A.;026522;DF Individual - Demonstração das Mutações do Patrimônio Líquido;REAL;MIL;ÚLTIMO;2024-04-01;2025-03-31;Capital Social Integralizado;5.04.01;Aumentos de Capital;0.0000000000;S
08.322.396/0001-03;2025-03-31;1;CERRADINHO BIOENERGIA S.A.;026522;DF Individual - Demonstração das Mutações do Patrimônio Líquido;REAL;MIL;PENÚLTIMO;2023-04-01;2024-03-31;Reservas de Capital, Opções Outorgadas e Ações em Tesouraria;5.04.01;Aumentos de Capital;0.0000000000;S
08.322.396/0001-03;2025-03-31;1;CERRADINHO BIOENERGIA S.A.;026522;DF Individual - Demonstração das Mutações do Patrimônio Líquido;REAL;MIL;ÚLTIMO;2024-04-01;2025-03-31;Reservas de Capital, Opções Outorgadas e Ações em Tesouraria;5.04.01;Aumentos de Capital;0.0000000000;S
08.322.396/0001-03;2025-03-31;1;CERRADINHO BIOENERGIA S.A.;026522;DF Individual - Demonstração das Mutações do Patrimônio Líquido;REAL;MIL;PENÚLTIMO;2023-04-01;2024-03-31;Reservas de Lucro;5.04.01;Aumentos de Capital;0.0000000000;S
08.322.396/0001-03;2025-03-31;1;CERRADINHO BIOENERGIA S.A.;026522;DF Individual - Demonstração das Mutações do Patrimônio Líquido;REAL;MIL;ÚLTIMO;2024-04-01;2025-03-31;Reservas de Lucro;5.04.01;Aumentos de Capital;0.0000000000;S
08.322.396/0001-03;2025-03-31;1;CERRADINHO BIOENERGIA S.A.;026522;DF Individual - Demonstração das Mutações do Patrimônio Líquido;REAL;MIL;PENÚLTIMO;2023-04-01;2024-03-31;Lucros ou Prejuízos Acumulados;5.04.01;Aumentos de Capital;0.0000000000;S
08.322.396/0001-03;2025-03-31;1;CERRADINHO BIOENERGIA S.A.;026522;DF Individual - Demonstração das Mutações do Patrimônio Líquido;REAL;MIL;ÚLTIMO;2024-04-01;2025-03-31;Lucros ou Prejuízos Acumulados;5.04.01;Aumentos de Capital;0.0000000000;S
08.322.396/0001-03;2025-03-31;1;CERRADINHO BIOENERGIA S.A.;026522;DF Individual - Demonstração das Mutações do Patrimônio Líquido;REAL;MIL;PENÚLTIMO;2023-04-01;2024-03-31;Outros Resultados Abrangentes;5.04.01;Aumentos de Capital;0.0000000000;S
08.322.396/0001-03;2025-03-31;1;CERRADINHO BIOENERGIA S.A.;026522;DF Individual - Demonstração das Mutações do Patrimônio Líquido;REAL;MIL;ÚLTIMO;2024-04-01;2025-03-31;Outros Resultados Abrangentes;5.04.01;Aumentos de Capital;0.0000000000;S
08.322.396/0001-03;2025-03-31;1;CERRADINHO BIOENERGIA S.A.;026522;DF Individual - Demonstração das Mutações do Patrimônio Líquido;REAL;MIL;PENÚLTIMO;2023-04-01;2024-03-31;Patrimônio Líquido;5.04.01;Aumentos de Capital;0.0000000000;S
08.322.396/0001-03;2025-03-31;1;CERRADINHO BIOENERGIA S.A.;026522;DF Individual - Demonstração das Mutações do Patrimônio Líquido;REAL;MIL;ÚLTIMO;2024-04-01;2025-03-31;Patrimônio Líquido;5.04.01;Aumentos de Capital;0.0000000000;S
08.322.396/0001-03;2025-03-31;1;CERRADINHO BIOENERGIA S.A.;026522;DF Individual - Demonstração das Mutações do Patrimônio Líquido;REAL;MIL;PENÚLTIMO;2023-04-01;2024-03-31;Capital Social Integralizado;5.04.02;Gastos com Emissão de Ações;0.0000000000;S
08.322.396/0001-03;2025-03-31;1;CERRADINHO BIOENERGIA S.A.;026522;DF Individual - Demonstração das Mutações do Patrimônio Líquido;REAL;MIL;ÚLTIMO;2024-04-01;2025-03-31;Capital Social Integralizado;5.04.02;Gastos com Emissão de Ações;0.0000000000;S
08.322.396/0001-03;2025-03-31;1;CERRADINHO BIOENERGIA S.A.;026522;DF Individual - Demonstração das Mutações do Patrimônio Líquido;REAL;MIL;PENÚLTIMO;2023-04-01;2024-03-31;Reservas de Capital, Opções Outorgadas e Ações em Tesouraria;5.04.02;Gastos com Emissão de Ações;0.0000000000;S
08.322.396/0001-03;2025-03-31;1;CERRADINHO BIOENERGIA S.A.;026522;DF Individual - Demonstração das Mutações do Patrimônio Líquido;REAL;MIL;ÚLTIMO;2024-04-01;2025-03-31;Reservas de Capital, Opções Outorgadas e Ações em Tesouraria;5.04.02;Gastos com Emissão de Ações;0.0000000000;S
08.322.396/0001-03;2025-03-31;1;CERRADINHO BIOENERGIA S.A.;026522;DF Individual - Demonstração das Mutações do Patrimônio Líquido;REAL;MIL;PENÚLTIMO;2023-04-01;2024-03-31;Reservas de Lucro;5.04.02;Gastos com Emissão de Ações;0.0000000000;S
08.322.396/0001-03;2025-03-31;1;CERRADINHO BIOENERGIA S.A.;026522;DF Individual - Demonstração das Mutações do Patrimônio Líquido;REAL;MIL;ÚLTIMO;2024-04-01;2025-03-31;Reservas de Lucro;5.04.02;Gastos com Emissão de Ações;0.0000000000;S
08.322.396/0001-03;2025-03-31;1;CERRADINHO BIOENERGIA S.A.;026522;DF Individual - Demonstração das Mutações do Patrimônio Líquido;REAL;MIL;PENÚLTIMO;2023-04-01;2024-03-31;Lucros ou Prejuízos Acumulados;5.04.02;Gastos com Emissão de Ações;0.0000000000;S
08.322.396/0001-03;2025-03-31;1;CERRADINHO BIOENERGIA S.A.;026522;DF Individual - Demonstração das Mutações do Patrimônio Líquido;REAL;MIL;ÚLTIMO;2024-04-01;2025-03-31;Lucros ou Prejuízos Acumulados;5.04.02;Gastos com Emissão de Ações;0.0000000000;S
08.322.396/0001-03;2025-03-31;1;CERRADINHO BIOENERGIA S.A.;026522;DF Individual - Demonstração das Mutações do Patrimônio Líquido;REAL;MIL;PENÚLTIMO;2023-04-01;2024-03-31;Outros Resultados Abrangentes;5.04.02;Gastos com Emissão de Ações;0.0000000000;S
08.322.396/0001-03;2025-03-31;1;CERRADINHO BIOENERGIA S.A.;026522;DF Individual - Demonstração das Mutações do Patrimônio Líquido;REAL;MIL;ÚLTIMO;2024-04-01;2025-03-31;Outros Resultados Abrangentes;5.04.02;Gastos com Emissão de Ações;0.0000000000;S
08.322.396/0001-03;2025-03-31;1;CERRADINHO BIOENERGIA S.A.;026522;DF Individual - Demonstração das Mutações do Patrimônio Líquido;REAL;MIL;PENÚLTIMO;2023-04-01;2024-03-31;Patrimônio Líquido;5.04.02;Gastos com Emissão de Ações;0.0000000000;S
08.322.396/0001-03;2025-03-31;1;CERRADINHO BIOENERGIA S.A.;026522;DF Individual - Demonstração das Mutações do Patrimônio Líquido;REAL;MIL;ÚLTIMO;2024-04-01;2025-03-31;Patrimônio Líquido;5.04.02;Gastos com Emissão de Ações;0.0000000000;S
08.322.396/0001-03;2025-03-31;1;CERRADINHO BIOENERGIA S.A.;026522;DF Individual - Demonstração das Mutações do Patrimônio Líquido;REAL;MIL;PENÚLTIMO;2023-04-01;2024-03-31;Capital Social Integralizado;5.04.03;Opções Outorgadas Reconhecidas;0.0000000000;S
08.322.396/0001-03;2025-03-31;1;CERRADINHO BIOENERGIA S.A.;026522;DF Individual - Demonstração das Mutações do Patrimônio Líquido;REAL;MIL;ÚLTIMO;2024-04-01;2025-03-31;Capital Social Integralizado;5.04.03;Opções Outorgadas Reconhecidas;0.0000000000;S
08.322.396/0001-03;2025-03-31;1;CERRADINHO BIOENERGIA S.A.;026522;DF Individual - Demonstração das Mutações do Patrimônio Líquido;REAL;MIL;PENÚLTIMO;2023-04-01;2024-03-31;Reservas de Capital, Opções Outorgadas e Ações em Tesouraria;5.04.03;Opções Outorgadas Reconhecidas;0.0000000000;S
08.322.396/0001-03;2025-03-31;1;CERRADINHO BIOENERGIA S.A.;026522;DF Individual - Demonstração das Mutações do Patrimônio Líquido;REAL;MIL;ÚLTIMO;2024-04-01;2025-03-31;Reservas de Capital, Opções Outorgadas e Ações em Tesouraria;5.04.03;Opções Outorgadas Reconhecidas;0.0000000000;S
08.322.396/0001-03;2025-03-31;1;CERRADINHO BIOENERGIA S.A.;026522;DF Individual - Demonstração das Mutações do Patrimônio Líquido;REAL;MIL;PENÚLTIMO;2023-04-01;2024-03-31;Reservas de Lucro;5.04.03;Opções Outorgadas Reconhecidas;0.0000000000;S
08.322.396/0001-03;2025-03-31;1;CERRADINHO BIOENERGIA S.A.;026522;DF Individual - Demonstração das Mutações do Patrimônio Líquido;REAL;MIL;ÚLTIMO;2024-04-01;2025-03-31;Reservas de Lucro;5.04.03;Opções Outorgadas Reconhecidas;0.0000000000;S
08.322.396/0001-03;2025-03-31;1;CERRADINHO BIOENERGIA S.A.;026522;DF Individual - Demonstração das Mutações do Patrimônio Líquido;REAL;MIL;PENÚLTIMO;2023-04-01;2024-03-31;Lucros ou Prejuízos Acumulados;5.04.03;Opções Outorgadas Reconhecidas;0.0000000000;S
08.322.396/0001-03;2025-03-31;1;CERRADINHO BIOENERGIA S.A.;026522;DF Individual - Demonstração das Mutações do Patrimônio Líquido;REAL;MIL;ÚLTIMO;2024-04-01;2025-03-31;Lucros ou Prejuízos Acumulados;5.04.03;Opções Outorgadas Reconhecidas;0.0000000000;S
08.322.396/0001-03;2025-03-31;1;CERRADINHO BIOENERGIA S.A.;026522;DF Individual - Demonstração das Mutações do Patrimônio Líquido;REAL;MIL;PENÚLTIMO;2023-04-01;2024-03-31;Outros Resultados Abrangentes;5.04.03;Opções Outorgadas Reconhecidas;0.0000000000;S
08.322.396/0001-03;2025-03-31;1;CERRADINHO BIOENERGIA S.A.;026522;DF Individual - Demonstração das Mutações do Patrimônio Líquido;REAL;MIL;ÚLTIMO;2024-04-01;2025-03-31;Outros Resultados Abrangentes;5.04.03;Opções Outorgadas Reconhecidas;0.0000000000;S
08.322.396/0001-03;2025-03-31;1;CERRADINHO BIOENERGIA S.A.;026522;DF Individual - Demonstração das Mutações do Patrimônio Líquido;REAL;MIL;PENÚLTIMO;2023-04-01;2024-03-31;Patrimônio Líquido;5.04.03;Opções Outorgadas Reconhecidas;0.0000000000;S
08.322.396/0001-03;2025-03-31;1;CERRADINHO BIOENERGIA S.A.;026522;DF Individual - Demonstração das Mutações do Patrimônio Líquido;REAL;MIL;ÚLTIMO;2024-04-01;2025-03-31;Patrimônio Líquido;5.04.03;Opções Outorgadas Reconhecidas;0.0000000000;S
08.322.396/0001-03;2025-03-31;1;CERRADINHO BIOENERGIA S.A.;026522;DF Individual - Demonstração das Mutações do Patrimônio Líquido;REAL;MIL;PENÚLTIMO;2023-04-01;2024-03-31;Capital Social Integralizado;5.04.04;Ações em Tesouraria Adquiridas;0.0000000000;S
08.322.396/0001-03;2025-03-31;1;CERRADINHO BIOENERGIA S.A.;026522;DF Individual - Demonstração das Mutações do Patrimônio Líquido;REAL;MIL;ÚLTIMO;2024-04-01;2025-03-31;Capital Social Integralizado;5.04.04;Ações em Tesouraria Adquiridas;0.0000000000;S
08.322.396/0001-03;2025-03-31;1;CERRADINHO BIOENERGIA S.A.;026522;DF Individual - Demonstração das Mutações do Patrimônio Líquido;REAL;MIL;PENÚLTIMO;2023-04-01;2024-03-31;Reservas de Capital, Opções Outorgadas e Ações em Tesouraria;5.04.04;Ações em Tesouraria Adquiridas;0.0000000000;S
08.322.396/0001-03;2025-03-31;1;CERRADINHO BIOENERGIA S.A.;026522;DF Individual - Demonstração das Mutações do Patrimônio Líquido;REAL;MIL;ÚLTIMO;2024-04-01;2025-03-31;Reservas de Capital, Opções Outorgadas e Ações em Tesouraria;5.04.04;Ações em Tesouraria Adquiridas;0.0000000000;S
08.322.396/0001-03;2025-03-31;1;CERRADINHO BIOENERGIA S.A.;026522;DF Individual - Demonstração das Mutações do Patrimônio Líquido;REAL;MIL;PENÚLTIMO;2023-04-01;2024-03-31;Reservas de Lucro;5.04.04;Ações em Tesouraria Adquiridas;0.0000000000;S
08.322.396/0001-03;2025-03-31;1;CERRADINHO BIOENERGIA S.A.;026522;DF Individual - Demonstração das Mutações do Patrimônio Líquido;REAL;MIL;ÚLTIMO;2024-04-01;2025-03-31;Reservas de Lucro;5.04.04;Ações em Tesouraria Adquiridas;0.0000000000;S
08.322.396/0001-03;2025-03-31;1;CERRADINHO BIOENERGIA S.A.;026522;DF Individual - Demonstração das Mutações do Patrimônio Líquido;REAL;MIL;PENÚLTIMO;2023-04-01;2024-03-31;Lucros ou Prejuízos Acumulados;5.04.04;Ações em Tesouraria Adquiridas;0.0000000000;S
08.322.396/0001-03;2025-03-31;1;CERRADINHO BIOENERGIA S.A.;026522;DF Individual - Demonstração das Mutações do Patrimônio Líquido;REAL;MIL;ÚLTIMO;2024-04-01;2025-03-31;Lucros ou Prejuízos Acumulados;5.04.04;Ações em Tesouraria Adquiridas;0.0000000000;S
08.322.396/0001-03;2025-03-31;1;CERRADINHO BIOENERGIA S.A.;026522;DF Individual - Demonstração das Mutações do Patrimônio Líquido;REAL;MIL;PENÚLTIMO;2023-04-01;2024-03-31;Outros Resultados Abrangentes;5.04.04;Ações em Tesouraria Adquiridas;0.0000000000;S
08.322.396/0001-03;2025-03-31;1;CERRADINHO BIOENERGIA S.A.;026522;DF Individual - Demonstração das Mutações do Patrimônio Líquido;REAL;MIL;ÚLTIMO;2024-04-01;2025-03-31;Outros Resultados Abrangentes;5.04.04;Ações em Tesouraria Adquiridas;0.0000000000;S
08.322.396/0001-03;2025-03-31;1;CERRADINHO BIOENERGIA S.A.;026522;DF Individual - Demonstração das Mutações do Patrimônio Líquido;REAL;MIL;PENÚLTIMO;2023-04-01;2024-03-31;Patrimônio Líquido;5.04.04;Ações em Tesouraria Adquiridas;0.0000000000;S
08.322.396/0001-03;2025-03-31;1;CERRADINHO BIOENERGIA S.A.;026522;DF Individual - Demonstração das Mutações do Patrimônio Líquido;REAL;MIL;ÚLTIMO;2024-04-01;2025-03-31;Patrimônio Líquido;5.04.04;Ações em Tesouraria Adquiridas;0.0000000000;S
08.322.396/0001-03;2025-03-31;1;CERRADINHO BIOENERGIA S.A.;026522;DF Individual - Demonstração das Mutações do Patrimônio Líquido;REAL;MIL;PENÚLTIMO;2023-04-01;2024-03-31;Capital Social Integralizado;5.04.05;Ações em Tesouraria Vendidas;0.0000000000;S
08.322.396/0001-03;2025-03-31;1;CERRADINHO BIOENERGIA S.A.;026522;DF Individual - Demonstração das Mutações do Patrimônio Líquido;REAL;MIL;ÚLTIMO;2024-04-01;2025-03-31;Capital Social Integralizado;5.04.05;Ações em Tesouraria Vendidas;0.0000000000;S
08.322.396/0001-03;2025-03-31;1;CERRADINHO BIOENERGIA S.A.;026522;DF Individual - Demonstração das Mutações do Patrimônio Líquido;REAL;MIL;PENÚLTIMO;2023-04-01;2024-03-31;Reservas de Capital, Opções Outorgadas e Ações em Tesouraria;5.04.05;Ações em Tesouraria Vendidas;0.0000000000;S
08.322.396/0001-03;2025-03-31;1;CERRADINHO BIOENERGIA S.A.;026522;DF Individual - Demonstração das Mutações do Patrimônio Líquido;REAL;MIL;ÚLTIMO;2024-04-01;2025-03-31;Reservas de Capital, Opções Outorgadas e Ações em Tesouraria;5.04.05;Ações em Tesouraria Vendidas;0.0000000000;S
08.322.396/0001-03;2025-03-31;1;CERRADINHO BIOENERGIA S.A.;026522;DF Individual - Demonstração das Mutações do Patrimônio Líquido;REAL;MIL;PENÚLTIMO;2023-04-01;2024-03-31;Reservas de Lucro;5.04.05;Ações em Tesouraria Vendidas;0.0000000000;S
08.322.396/0001-03;2025-03-31;1;CERRADINHO BIOENERGIA S.A.;026522;DF Individual - Demonstração das Mutações do Patrimônio Líquido;REAL;MIL;ÚLTIMO;2024-04-01;2025-03-31;Reservas de Lucro;5.04.05;Ações em Tesouraria Vendidas;0.0000000000;S
08.322.396/0001-03;2025-03-31;1;CERRADINHO BIOENERGIA S.A.;026522;DF Individual - Demonstração das Mutações do Patrimônio Líquido;REAL;MIL;PENÚLTIMO;2023-04-01;2024-03-31;Lucros ou Prejuízos Acumulados;5.04.05;Ações em Tesouraria Vendidas;0.0000000000;S
08.322.396/0001-03;2025-03-31;1;CERRADINHO BIOENERGIA S.A.;026522;DF Individual - Demonstração das Mutações do Patrimônio Líquido;REAL;MIL;ÚLTIMO;2024-04-01;2025-03-31;Lucros ou Prejuízos Acumulados;5.04.05;Ações em Tesouraria Vendidas;0.0000000000;S
08.322.396/0001-03;2025-03-31;1;CERRADINHO BIOENERGIA S.A.;026522;DF Individual - Demonstração das Mutações do Patrimônio Líquido;REAL;MIL;PENÚLTIMO;2023-04-01;2024-03-31;Outros Resultados Abrangentes;5.04.05;Ações em Tesouraria Vendidas;0.0000000000;S
08.322.396/0001-03;2025-03-31;1;CERRADINHO BIOENERGIA S.A.;026522;DF Individual - Demonstração das Mutações do Patrimônio Líquido;REAL;MIL;ÚLTIMO;2024-04-01;2025-03-31;Outros Resultados Abrangentes;5.04.05;Ações em Tesouraria Vendidas;0.0000000000;S
08.322.396/0001-03;2025-03-31;1;CERRADINHO BIOENERGIA S.A.;026522;DF Individual - Demonstração das Mutações do Patrimônio Líquido;REAL;MIL;PENÚLTIMO;2023-04-01;2024-03-31;Patrimônio Líquido;5.04.05;Ações em Tesouraria Vendidas;0.0000000000;S
08.322.396/0001-03;2025-03-31;1;CERRADINHO BIOENERGIA S.A.;026522;DF Individual - Demonstração das Mutações do Patrimônio Líquido;REAL;MIL;ÚLTIMO;2024-04-01;2025-03-31;Patrimônio Líquido;5.04.05;Ações em Tesouraria Vendidas;0.0000000000;S
08.322.396/0001-03;2025-03-31;1;CERRADINHO BIOENERGIA S.A.;026522;DF Individual - Demonstração das Mutações do Patrimônio Líquido;REAL;MIL;PENÚLTIMO;2023-04-01;2024-03-31;Capital Social Integralizado;5.04.06;Dividendos;0.0000000000;S
08.322.396/0001-03;2025-03-31;1;CERRADINHO BIOENERGIA S.A.;026522;DF Individual - Demonstração das Mutações do Patrimônio Líquido;REAL;MIL;ÚLTIMO;2024-04-01;2025-03-31;Capital Social Integralizado;5.04.06;Dividendos;0.0000000000;S
08.322.396/0001-03;2025-03-31;1;CERRADINHO BIOENERGIA S.A.;026522;DF Individual - Demonstração das Mutações do Patrimônio Líquido;REAL;MIL;PENÚLTIMO;2023-04-01;2024-03-31;Reservas de Capital, Opções Outorgadas e Ações em Tesouraria;5.04.06;Dividendos;0.0000000000;S
08.322.396/0001-03;2025-03-31;1;CERRADINHO BIOENERGIA S.A.;026522;DF Individual - Demonstração das Mutações do Patrimônio Líquido;REAL;MIL;ÚLTIMO;2024-04-01;2025-03-31;Reservas de Capital, Opções Outorgadas e Ações em Tesouraria;5.04.06;Dividendos;0.0000000000;S
08.322.396/0001-03;2025-03-31;1;CERRADINHO BIOENERGIA S.A.;026522;DF Individual - Demonstração das Mutações do Patrimônio Líquido;REAL;MIL;PENÚLTIMO;2023-04-01;2024-03-31;Reservas de Lucro;5.04.06;Dividendos;0.0000000000;S
08.322.396/0001-03;2025-03-31;1;CERRADINHO BIOENERGIA S.A.;026522;DF Individual - Demonstração das Mutações do Patrimônio Líquido;REAL;MIL;ÚLTIMO;2024-04-01;2025-03-31;Reservas de Lucro;5.04.06;Dividendos;0.0000000000;S
08.322.396/0001-03;2025-03-31;1;CERRADINHO BIOENERGIA S.A.;026522;DF Individual - Demonstração das Mutações do Patrimônio Líquido;REAL;MIL;PENÚLTIMO;2023-04-01;2024-03-31;Lucros ou Prejuízos Acumulados;5.04.06;Dividendos;0.0000000000;S
08.322.396/0001-03;2025-03-31;1;CERRADINHO BIOENERGIA S.A.;026522;DF Individual - Demonstração das Mutações do Patrimônio Líquido;REAL;MIL;ÚLTIMO;2024-04-01;2025-03-31;Lucros ou Prejuízos Acumulados;5.04.06;Dividendos;-46676.0000000000;S
08.322.396/0001-03;2025-03-31;1;CERRADINHO BIOENERGIA S.A.;026522;DF Individual - Demonstração das Mutações do Patrimônio Líquido;REAL;MIL;PENÚLTIMO;2023-04-01;2024-03-31;Outros Resultados Abrangentes;5.04.06;Dividendos;0.0000000000;S
08.322.396/0001-03;2025-03-31;1;CERRADINHO BIOENERGIA S.A.;026522;DF Individual - Demonstração das Mutações do Patrimônio Líquido;REAL;MIL;ÚLTIMO;2024-04-01;2025-03-31;Outros Resultados Abrangentes;5.04.06;Dividendos;0.0000000000;S
08.322.396/0001-03;2025-03-31;1;CERRADINHO BIOENERGIA S.A.;026522;DF Individual - Demonstração das Mutações do Patrimônio Líquido;REAL;MIL;PENÚLTIMO;2023-04-01;2024-03-31;Patrimônio Líquido;5.04.06;Dividendos;0.0000000000;S
08.322.396/0001-03;2025-03-31;1;CERRADINHO BIOENERGIA S.A.;026522;DF Individual - Demonstração das Mutações do Patrimônio Líquido;REAL;MIL;ÚLTIMO;2024-04-01;2025-03-31;Patrimônio Líquido;5.04.06;Dividendos;-46676.0000000000;S
08.322.396/0001-03;2025-03-31;1;CERRADINHO BIOENERGIA S.A.;026522;DF Individual - Demonstração das Mutações do Patrimônio Líquido;REAL;MIL;PENÚLTIMO;2023-04-01;2024-03-31;Capital Social Integralizado;5.04.07;Juros sobre Capital Próprio;0.0000000000;S
08.322.396/0001-03;2025-03-31;1;CERRADINHO BIOENERGIA S.A.;026522;DF Individual - Demonstração das Mutações do Patrimônio Líquido;REAL;MIL;ÚLTIMO;2024-04-01;2025-03-31;Capital Social Integralizado;5.04.07;Juros sobre Capital Próprio;0.0000000000;S
08.322.396/0001-03;2025-03-31;1;CERRADINHO BIOENERGIA S.A.;026522;DF Individual - Demonstração das Mutações do Patrimônio Líquido;REAL;MIL;PENÚLTIMO;2023-04-01;2024-03-31;Reservas de Capital, Opções Outorgadas e Ações em Tesouraria;5.04.07;Juros sobre Capital Próprio;0.0000000000;S
08.322.396/0001-03;2025-03-31;1;CERRADINHO BIOENERGIA S.A.;026522;DF Individual - Demonstração das Mutações do Patrimônio Líquido;REAL;MIL;ÚLTIMO;2024-04-01;2025-03-31;Reservas de Capital, Opções Outorgadas e Ações em Tesouraria;5.04.07;Juros sobre Capital Próprio;0.0000000000;S
08.322.396/0001-03;2025-03-31;1;CERRADINHO BIOENERGIA S.A.;026522;DF Individual - Demonstração das Mutações do Patrimônio Líquido;REAL;MIL;PENÚLTIMO;2023-04-01;2024-03-31;Reservas de Lucro;5.04.07;Juros sobre Capital Próprio;0.0000000000;S
08.322.396/0001-03;2025-03-31;1;CERRADINHO BIOENERGIA S.A.;026522;DF Individual - Demonstração das Mutações do Patrimônio Líquido;REAL;MIL;ÚLTIMO;2024-04-01;2025-03-31;Reservas de Lucro;5.04.07;Juros sobre Capital Próprio;0.0000000000;S
08.322.396/0001-03;2025-03-31;1;CERRADINHO BIOENERGIA S.A.;026522;DF Individual - Demonstração das Mutações do Patrimônio Líquido;REAL;MIL;PENÚLTIMO;2023-04-01;2024-03-31;Lucros ou Prejuízos Acumulados;5.04.07;Juros sobre Capital Próprio;0.0000000000;S
08.322.396/0001-03;2025-03-31;1;CERRADINHO BIOENERGIA S.A.;026522;DF Individual - Demonstração das Mutações do Patrimônio Líquido;REAL;MIL;ÚLTIMO;2024-04-01;2025-03-31;Lucros ou Prejuízos Acumulados;5.04.07;Juros sobre Capital Próprio;0.0000000000;S
08.322.396/0001-03;2025-03-31;1;CERRADINHO BIOENERGIA S.A.;026522;DF Individual - Demonstração das Mutações do Patrimônio Líquido;REAL;MIL;PENÚLTIMO;2023-04-01;2024-03-31;Outros Resultados Abrangentes;5.04.07;Juros sobre Capital Próprio;0.0000000000;S
08.322.396/0001-03;2025-03-31;1;CERRADINHO BIOENERGIA S.A.;026522;DF Individual - Demonstração das Mutações do Patrimônio Líquido;REAL;MIL;ÚLTIMO;2024-04-01;2025-03-31;Outros Resultados Abrangentes;5.04.07;Juros sobre Capital Próprio;0.0000000000;S
08.322.396/0001-03;2025-03-31;1;CERRADINHO BIOENERGIA S.A.;026522;DF Individual - Demonstração das Mutações do Patrimônio Líquido;REAL;MIL;PENÚLTIMO;2023-04-01;2024-03-31;Patrimônio Líquido;5.04.07;Juros sobre Capital Próprio;0.0000000000;S
08.322.396/0001-03;2025-03-31;1;CERRADINHO BIOENERGIA S.A.;026522;DF Individual - Demonstração das Mutações do Patrimônio Líquido;REAL;MIL;ÚLTIMO;2024-04-01;2025-03-31;Patrimônio Líquido;5.04.07;Juros sobre Capital Próprio;0.0000000000;S
08.322.396/0001-03;2025-03-31;1;CERRADINHO BIOENERGIA S.A.;026522;DF Individual - Demonstração das Mutações do Patrimônio Líquido;REAL;MIL;ÚLTIMO;2024-04-01;2025-03-31;Capital Social Integralizado;5.04.08;Dividendos complementares;0.0000000000;N
08.322.396/0001-03;2025-03-31;1;CERRADINHO BIOENERGIA S.A.;026522;DF Individual - Demonstração das Mutações do Patrimônio Líquido;REAL;MIL;ÚLTIMO;2024-04-01;2025-03-31;Reservas de Capital, Opções Outorgadas e Ações em Tesouraria;5.04.08;Dividendos complementares;0.0000000000;N
08.322.396/0001-03;2025-03-31;1;CERRADINHO BIOENERGIA S.A.;026522;DF Individual - Demonstração das Mutações do Patrimônio Líquido;REAL;MIL;ÚLTIMO;2024-04-01;2025-03-31;Reservas de Lucro;5.04.08;Dividendos complementares;28005.0000000000;N
08.322.396/0001-03;2025-03-31;1;CERRADINHO BIOENERGIA S.A.;026522;DF Individual - Demonstração das Mutações do Patrimônio Líquido;REAL;MIL;ÚLTIMO;2024-04-01;2025-03-31;Lucros ou Prejuízos Acumulados;5.04.08;Dividendos complementares;-28005.0000000000;N
08.322.396/0001-03;2025-03-31;1;CERRADINHO BIOENERGIA S.A.;026522;DF Individual - Demonstração das Mutações do Patrimônio Líquido;REAL;MIL;ÚLTIMO;2024-04-01;2025-03-31;Outros Resultados Abrangentes;5.04.08;Dividendos complementares;0.0000000000;N
08.322.396/0001-03;2025-03-31;1;CERRADINHO BIOENERGIA S.A.;026522;DF Individual - Demonstração das Mutações do Patrimônio Líquido;REAL;MIL;ÚLTIMO;2024-04-01;2025-03-31;Patrimônio Líquido;5.04.08;Dividendos complementares;0.0000000000;N
08.322.396/0001-03;2025-03-31;1;CERRADINHO BIOENERGIA S.A.;026522;DF Individual - Demonstração das Mutações do Patrimônio Líquido;REAL;MIL;PENÚLTIMO;2023-04-01;2024-03-31;Capital Social Integralizado;5.05;Resultado Abrangente Total;0.0000000000;S
08.322.396/0001-03;2025-03-31;1;CERRADINHO BIOENERGIA S.A.;026522;DF Individual - Demonstração das Mutações do Patrimônio Líquido;REAL;MIL;ÚLTIMO;2024-04-01;2025-03-31;Capital Social Integralizado;5.05;Resultado Abrangente Total;0.0000000000;S
08.322.396/0001-03;2025-03-31;1;CERRADINHO BIOENERGIA S.A.;026522;DF Individual - Demonstração das Mutações do Patrimônio Líquido;REAL;MIL;PENÚLTIMO;2023-04-01;2024-03-31;Reservas de Capital, Opções Outorgadas e Ações em Tesouraria;5.05;Resultado Abrangente Total;0.0000000000;S
08.322.396/0001-03;2025-03-31;1;CERRADINHO BIOENERGIA S.A.;026522;DF Individual - Demonstração das Mutações do Patrimônio Líquido;REAL;MIL;ÚLTIMO;2024-04-01;2025-03-31;Reservas de Capital, Opções Outorgadas e Ações em Tesouraria;5.05;Resultado Abrangente Total;0.0000000000;S
08.322.396/0001-03;2025-03-31;1;CERRADINHO BIOENERGIA S.A.;026522;DF Individual - Demonstração das Mutações do Patrimônio Líquido;REAL;MIL;PENÚLTIMO;2023-04-01;2024-03-31;Reservas de Lucro;5.05;Resultado Abrangente Total;0.0000000000;S
08.322.396/0001-03;2025-03-31;1;CERRADINHO BIOENERGIA S.A.;026522;DF Individual - Demonstração das Mutações do Patrimônio Líquido;REAL;MIL;ÚLTIMO;2024-04-01;2025-03-31;Reservas de Lucro;5.05;Resultado Abrangente Total;0.0000000000;S
08.322.396/0001-03;2025-03-31;1;CERRADINHO BIOENERGIA S.A.;026522;DF Individual - Demonstração das Mutações do Patrimônio Líquido;REAL;MIL;PENÚLTIMO;2023-04-01;2024-03-31;Lucros ou Prejuízos Acumulados;5.05;Resultado Abrangente Total;40295.0000000000;S
08.322.396/0001-03;2025-03-31;1;CERRADINHO BIOENERGIA S.A.;026522;DF Individual - Demonstração das Mutações do Patrimônio Líquido;REAL;MIL;ÚLTIMO;2024-04-01;2025-03-31;Lucros ou Prejuízos Acumulados;5.05;Resultado Abrangente Total;196528.0000000000;S
08.322.396/0001-03;2025-03-31;1;CERRADINHO BIOENERGIA S.A.;026522;DF Individual - Demonstração das Mutações do Patrimônio Líquido;REAL;MIL;PENÚLTIMO;2023-04-01;2024-03-31;Outros Resultados Abrangentes;5.05;Resultado Abrangente Total;-21807.0000000000;S
08.322.396/0001-03;2025-03-31;1;CERRADINHO BIOENERGIA S.A.;026522;DF Individual - Demonstração das Mutações do Patrimônio Líquido;REAL;MIL;ÚLTIMO;2024-04-01;2025-03-31;Outros Resultados Abrangentes;5.05;Resultado Abrangente Total;-63794.0000000000;S
08.322.396/0001-03;2025-03-31;1;CERRADINHO BIOENERGIA S.A.;026522;DF Individual - Demonstração das Mutações do Patrimônio Líquido;REAL;MIL;PENÚLTIMO;2023-04-01;2024-03-31;Patrimônio Líquido;5.05;Resultado Abrangente Total;18488.0000000000;S
08.322.396/0001-03;2025-03-31;1;CERRADINHO BIOENERGIA S.A.;026522;DF Individual - Demonstração das Mutações do Patrimônio Líquido;REAL;MIL;ÚLTIMO;2024-04-01;2025-03-31;Patrimônio Líquido;5.05;Resultado Abrangente Total;132734.0000000000;S
08.322.396/0001-03;2025-03-31;1;CERRADINHO BIOENERGIA S.A.;026522;DF Individual - Demonstração das Mutações do Patrimônio Líquido;REAL;MIL;PENÚLTIMO;2023-04-01;2024-03-31;Capital Social Integralizado;5.05.01;Lucro Líquido do Período;0.0000000000;S
08.322.396/0001-03;2025-03-31;1;CERRADINHO BIOENERGIA S.A.;026522;DF Individual - Demonstração das Mutações do Patrimônio Líquido;REAL;MIL;ÚLTIMO;2024-04-01;2025-03-31;Capital Social Integralizado;5.05.01;Lucro Líquido do Período;0.0000000000;S
08.322.396/0001-03;2025-03-31;1;CERRADINHO BIOENERGIA S.A.;026522;DF Individual - Demonstração das Mutações do Patrimônio Líquido;REAL;MIL;PENÚLTIMO;2023-04-01;2024-03-31;Reservas de Capital, Opções Outorgadas e Ações em Tesouraria;5.05.01;Lucro Líquido do Período;0.0000000000;S
08.322.396/0001-03;2025-03-31;1;CERRADINHO BIOENERGIA S.A.;026522;DF Individual - Demonstração das Mutações do Patrimônio Líquido;REAL;MIL;ÚLTIMO;2024-04-01;2025-03-31;Reservas de Capital, Opções Outorgadas e Ações em Tesouraria;5.05.01;Lucro Líquido do Período;0.0000000000;S
08.322.396/0001-03;2025-03-31;1;CERRADINHO BIOENERGIA S.A.;026522;DF Individual - Demonstração das Mutações do Patrimônio Líquido;REAL;MIL;PENÚLTIMO;2023-04-01;2024-03-31;Reservas de Lucro;5.05.01;Lucro Líquido do Período;0.0000000000;S
08.322.396/0001-03;2025-03-31;1;CERRADINHO BIOENERGIA S.A.;026522;DF Individual - Demonstração das Mutações do Patrimônio Líquido;REAL;MIL;ÚLTIMO;2024-04-01;2025-03-31;Reservas de Lucro;5.05.01;Lucro Líquido do Período;0.0000000000;S
08.322.396/0001-03;2025-03-31;1;CERRADINHO BIOENERGIA S.A.;026522;DF Individual - Demonstração das Mutações do Patrimônio Líquido;REAL;MIL;PENÚLTIMO;2023-04-01;2024-03-31;Lucros ou Prejuízos Acumulados;5.05.01;Lucro Líquido do Período;40295.0000000000;S
08.322.396/0001-03;2025-03-31;1;CERRADINHO BIOENERGIA S.A.;026522;DF Individual - Demonstração das Mutações do Patrimônio Líquido;REAL;MIL;ÚLTIMO;2024-04-01;2025-03-31;Lucros ou Prejuízos Acumulados;5.05.01;Lucro Líquido do Período;196528.0000000000;S
08.322.396/0001-03;2025-03-31;1;CERRADINHO BIOENERGIA S.A.;026522;DF Individual - Demonstração das Mutações do Patrimônio Líquido;REAL;MIL;PENÚLTIMO;2023-04-01;2024-03-31;Outros Resultados Abrangentes;5.05.01;Lucro Líquido do Período;0.0000000000;S
08.322.396/0001-03;2025-03-31;1;CERRADINHO BIOENERGIA S.A.;026522;DF Individual - Demonstração das Mutações do Patrimônio Líquido;REAL;MIL;ÚLTIMO;2024-04-01;2025-03-31;Outros Resultados Abrangentes;5.05.01;Lucro Líquido do Período;0.0000000000;S
08.322.396/0001-03;2025-03-31;1;CERRADINHO BIOENERGIA S.A.;026522;DF Individual - Demonstração das Mutações do Patrimônio Líquido;REAL;MIL;PENÚLTIMO;2023-04-01;2024-03-31;Patrimônio Líquido;5.05.01;Lucro Líquido do Período;40295.0000000000;S
08.322.396/0001-03;2025-03-31;1;CERRADINHO BIOENERGIA S.A.;026522;DF Individual - Demonstração das Mutações do Patrimônio Líquido;REAL;MIL;ÚLTIMO;2024-04-01;2025-03-31;Patrimônio Líquido;5.05.01;Lucro Líquido do Período;196528.0000000000;S
08.322.396/0001-03;2025-03-31;1;CERRADINHO BIOENERGIA S.A.;026522;DF Individual - Demonstração das Mutações do Patrimônio Líquido;REAL;MIL;PENÚLTIMO;2023-04-01;2024-03-31;Capital Social Integralizado;5.05.02;Outros Resultados Abrangentes;0.0000000000;S
08.322.396/0001-03;2025-03-31;1;CERRADINHO BIOENERGIA S.A.;026522;DF Individual - Demonstração das Mutações do Patrimônio Líquido;REAL;MIL;ÚLTIMO;2024-04-01;2025-03-31;Capital Social Integralizado;5.05.02;Outros Resultados Abrangentes;0.0000000000;S
08.322.396/0001-03;2025-03-31;1;CERRADINHO BIOENERGIA S.A.;026522;DF Individual - Demonstração das Mutações do Patrimônio Líquido;REAL;MIL;PENÚLTIMO;2023-04-01;2024-03-31;Reservas de Capital, Opções Outorgadas e Ações em Tesouraria;5.05.02;Outros Resultados Abrangentes;0.0000000000;S
08.322.396/0001-03;2025-03-31;1;CERRADINHO BIOENERGIA S.A.;026522;DF Individual - Demonstração das Mutações do Patrimônio Líquido;REAL;MIL;ÚLTIMO;2024-04-01;2025-03-31;Reservas de Capital, Opções Outorgadas e Ações em Tesouraria;5.05.02;Outros Resultados Abrangentes;0.0000000000;S
08.322.396/0001-03;2025-03-31;1;CERRADINHO BIOENERGIA S.A.;026522;DF Individual - Demonstração das Mutações do Patrimônio Líquido;REAL;MIL;PENÚLTIMO;2023-04-01;2024-03-31;Reservas de Lucro;5.05.02;Outros Resultados Abrangentes;0.0000000000;S
08.322.396/0001-03;2025-03-31;1;CERRADINHO BIOENERGIA S.A.;026522;DF Individual - Demonstração das Mutações do Patrimônio Líquido;REAL;MIL;ÚLTIMO;2024-04-01;2025-03-31;Reservas de Lucro;5.05.02;Outros Resultados Abrangentes;0.0000000000;S
08.322.396/0001-03;2025-03-31;1;CERRADINHO BIOENERGIA S.A.;026522;DF Individual - Demonstração das Mutações do Patrimônio Líquido;REAL;MIL;PENÚLTIMO;2023-04-01;2024-03-31;Lucros ou Prejuízos Acumulados;5.05.02;Outros Resultados Abrangentes;0.0000000000;S
08.322.396/0001-03;2025-03-31;1;CERRADINHO BIOENERGIA S.A.;026522;DF Individual - Demonstração das Mutações do Patrimônio Líquido;REAL;MIL;ÚLTIMO;2024-04-01;2025-03-31;Lucros ou Prejuízos Acumulados;5.05.02;Outros Resultados Abrangentes;0.0000000000;S
08.322.396/0001-03;2025-03-31;1;CERRADINHO BIOENERGIA S.A.;026522;DF Individual - Demonstração das Mutações do Patrimônio Líquido;REAL;MIL;PENÚLTIMO;2023-04-01;2024-03-31;Outros Resultados Abrangentes;5.05.02;Outros Resultados Abrangentes;-21807.0000000000;S
08.322.396/0001-03;2025-03-31;1;CERRADINHO BIOENERGIA S.A.;026522;DF Individual - Demonstração das Mutações do Patrimônio Líquido;REAL;MIL;ÚLTIMO;2024-04-01;2025-03-31;Outros Resultados Abrangentes;5.05.02;Outros Resultados Abrangentes;-63794.0000000000;S
08.322.396/0001-03;2025-03-31;1;CERRADINHO BIOENERGIA S.A.;026522;DF Individual - Demonstração das Mutações do Patrimônio Líquido;REAL;MIL;PENÚLTIMO;2023-04-01;2024-03-31;Patrimônio Líquido;5.05.02;Outros Resultados Abrangentes;-21807.0000000000;S
08.322.396/0001-03;2025-03-31;1;CERRADINHO BIOENERGIA S.A.;026522;DF Individual - Demonstração das Mutações do Patrimônio Líquido;REAL;MIL;ÚLTIMO;2024-04-01;2025-03-31;Patrimônio Líquido;5.05.02;Outros Resultados Abrangentes;-63794.0000000000;S
08.322.396/0001-03;2025-03-31;1;CERRADINHO BIOENERGIA S.A.;026522;DF Individual - Demonstração das Mutações do Patrimônio Líquido;REAL;MIL;PENÚLTIMO;2023-04-01;2024-03-31;Capital Social Integralizado;5.05.02.01;Ajustes de Instrumentos Financeiros;0.0000000000;S
08.322.396/0001-03;2025-03-31;1;CERRADINHO BIOENERGIA S.A.;026522;DF Individual - Demonstração das Mutações do Patrimônio Líquido;REAL;MIL;ÚLTIMO;2024-04-01;2025-03-31;Capital Social Integralizado;5.05.02.01;Ajustes de Instrumentos Financeiros;0.0000000000;S
08.322.396/0001-03;2025-03-31;1;CERRADINHO BIOENERGIA S.A.;026522;DF Individual - Demonstração das Mutações do Patrimônio Líquido;REAL;MIL;PENÚLTIMO;2023-04-01;2024-03-31;Reservas de Capital, Opções Outorgadas e Ações em Tesouraria;5.05.02.01;Ajustes de Instrumentos Financeiros;0.0000000000;S
08.322.396/0001-03;2025-03-31;1;CERRADINHO BIOENERGIA S.A.;026522;DF Individual - Demonstração das Mutações do Patrimônio Líquido;REAL;MIL;ÚLTIMO;2024-04-01;2025-03-31;Reservas de Capital, Opções Outorgadas e Ações em Tesouraria;5.05.02.01;Ajustes de Instrumentos Financeiros;0.0000000000;S
08.322.396/0001-03;2025-03-31;1;CERRADINHO BIOENERGIA S.A.;026522;DF Individual - Demonstração das Mutações do Patrimônio Líquido;REAL;MIL;PENÚLTIMO;2023-04-01;2024-03-31;Reservas de Lucro;5.05.02.01;Ajustes de Instrumentos Financeiros;0.0000000000;S
08.322.396/0001-03;2025-03-31;1;CERRADINHO BIOENERGIA S.A.;026522;DF Individual - Demonstração das Mutações do Patrimônio Líquido;REAL;MIL;ÚLTIMO;2024-04-01;2025-03-31;Reservas de Lucro;5.05.02.01;Ajustes de Instrumentos Financeiros;0.0000000000;S
08.322.396/0001-03;2025-03-31;1;CERRADINHO BIOENERGIA S.A.;026522;DF Individual - Demonstração das Mutações do Patrimônio Líquido;REAL;MIL;PENÚLTIMO;2023-04-01;2024-03-31;Lucros ou Prejuízos Acumulados;5.05.02.01;Ajustes de Instrumentos Financeiros;0.0000000000;S
08.322.396/0001-03;2025-03-31;1;CERRADINHO BIOENERGIA S.A.;026522;DF Individual - Demonstração das Mutações do Patrimônio Líquido;REAL;MIL;ÚLTIMO;2024-04-01;2025-03-31;Lucros ou Prejuízos Acumulados;5.05.02.01;Ajustes de Instrumentos Financeiros;0.0000000000;S
08.322.396/0001-03;2025-03-31;1;CERRADINHO BIOENERGIA S.A.;026522;DF Individual - Demonstração das Mutações do Patrimônio Líquido;REAL;MIL;PENÚLTIMO;2023-04-01;2024-03-31;Outros Resultados Abrangentes;5.05.02.01;Ajustes de Instrumentos Financeiros;-21807.0000000000;S
08.322.396/0001-03;2025-03-31;1;CERRADINHO BIOENERGIA S.A.;026522;DF Individual - Demonstração das Mutações do Patrimônio Líquido;REAL;MIL;ÚLTIMO;2024-04-01;2025-03-31;Outros Resultados Abrangentes;5.05.02.01;Ajustes de Instrumentos Financeiros;-63794.0000000000;S
08.322.396/0001-03;2025-03-31;1;CERRADINHO BIOENERGIA S.A.;026522;DF Individual - Demonstração das Mutações do Patrimônio Líquido;REAL;MIL;PENÚLTIMO;2023-04-01;2024-03-31;Patrimônio Líquido;5.05.02.01;Ajustes de Instrumentos Financeiros;-21807.0000000000;S
08.322.396/0001-03;2025-03-31;1;CERRADINHO BIOENERGIA S.A.;026522;DF Individual - Demonstração das Mutações do Patrimônio Líquido;REAL;MIL;ÚLTIMO;2024-04-01;2025-03-31;Patrimônio Líquido;5.05.02.01;Ajustes de Instrumentos Financeiros;-63794.0000000000;S
08.322.396/0001-03;2025-03-31;1;CERRADINHO BIOENERGIA S.A.;026522;DF Individual - Demonstração das Mutações do Patrimônio Líquido;REAL;MIL;PENÚLTIMO;2023-04-01;2024-03-31;Capital Social Integralizado;5.05.02.02;Tributos s/ Ajustes Instrumentos Financeiros;0.0000000000;S
08.322.396/0001-03;2025-03-31;1;CERRADINHO BIOENERGIA S.A.;026522;DF Individual - Demonstração das Mutações do Patrimônio Líquido;REAL;MIL;ÚLTIMO;2024-04-01;2025-03-31;Capital Social Integralizado;5.05.02.02;Tributos s/ Ajustes Instrumentos Financeiros;0.0000000000;S
08.322.396/0001-03;2025-03-31;1;CERRADINHO BIOENERGIA S.A.;026522;DF Individual - Demonstração das Mutações do Patrimônio Líquido;REAL;MIL;PENÚLTIMO;2023-04-01;2024-03-31;Reservas de Capital, Opções Outorgadas e Ações em Tesouraria;5.05.02.02;Tributos s/ Ajustes Instrumentos Financeiros;0.0000000000;S
08.322.396/0001-03;2025-03-31;1;CERRADINHO BIOENERGIA S.A.;026522;DF Individual - Demonstração das Mutações do Patrimônio Líquido;REAL;MIL;ÚLTIMO;2024-04-01;2025-03-31;Reservas de Capital, Opções Outorgadas e Ações em Tesouraria;5.05.02.02;Tributos s/ Ajustes Instrumentos Financeiros;0.0000000000;S
08.322.396/0001-03;2025-03-31;1;CERRADINHO BIOENERGIA S.A.;026522;DF Individual - Demonstração das Mutações do Patrimônio Líquido;REAL;MIL;PENÚLTIMO;2023-04-01;2024-03-31;Reservas de Lucro;5.05.02.02;Tributos s/ Ajustes Instrumentos Financeiros;0.0000000000;S
08.322.396/0001-03;2025-03-31;1;CERRADINHO BIOENERGIA S.A.;026522;DF Individual - Demonstração das Mutações do Patrimônio Líquido;REAL;MIL;ÚLTIMO;2024-04-01;2025-03-31;Reservas de Lucro;5.05.02.02;Tributos s/ Ajustes Instrumentos Financeiros;0.0000000000;S
08.322.396/0001-03;2025-03-31;1;CERRADINHO BIOENERGIA S.A.;026522;DF Individual - Demonstração das Mutações do Patrimônio Líquido;REAL;MIL;PENÚLTIMO;2023-04-01;2024-03-31;Lucros ou Prejuízos Acumulados;5.05.02.02;Tributos s/ Ajustes Instrumentos Financeiros;0.0000000000;S
08.322.396/0001-03;2025-03-31;1;CERRADINHO BIOENERGIA S.A.;026522;DF Individual - Demonstração das Mutações do Patrimônio Líquido;REAL;MIL;ÚLTIMO;2024-04-01;2025-03-31;Lucros ou Prejuízos Acumulados;5.05.02.02;Tributos s/ Ajustes Instrumentos Financeiros;0.0000000000;S
08.322.396/0001-03;2025-03-31;1;CERRADINHO BIOENERGIA S.A.;026522;DF Individual - Demonstração das Mutações do Patrimônio Líquido;REAL;MIL;PENÚLTIMO;2023-04-01;2024-03-31;Outros Resultados Abrangentes;5.05.02.02;Tributos s/ Ajustes Instrumentos Financeiros;0.0000000000;S
08.322.396/0001-03;2025-03-31;1;CERRADINHO BIOENERGIA S.A.;026522;DF Individual - Demonstração das Mutações do Patrimônio Líquido;REAL;MIL;ÚLTIMO;2024-04-01;2025-03-31;Outros Resultados Abrangentes;5.05.02.02;Tributos s/ Ajustes Instrumentos Financeiros;0.0000000000;S
08.322.396/0001-03;2025-03-31;1;CERRADINHO BIOENERGIA S.A.;026522;DF Individual - Demonstração das Mutações do Patrimônio Líquido;REAL;MIL;PENÚLTIMO;2023-04-01;2024-03-31;Patrimônio Líquido;5.05.02.02;Tributos s/ Ajustes Instrumentos Financeiros;0.0000000000;S
08.322.396/0001-03;2025-03-31;1;CERRADINHO BIOENERGIA S.A.;026522;DF Individual - Demonstração das Mutações do Patrimônio Líquido;REAL;MIL;ÚLTIMO;2024-04-01;2025-03-31;Patrimônio Líquido;5.05.02.02;Tributos s/ Ajustes Instrumentos Financeiros;0.0000000000;S
08.322.396/0001-03;2025-03-31;1;CERRADINHO BIOENERGIA S.A.;026522;DF Individual - Demonstração das Mutações do Patrimônio Líquido;REAL;MIL;PENÚLTIMO;2023-04-01;2024-03-31;Capital Social Integralizado;5.05.02.03;Equiv. Patrim. s/Result. Abrang. Controladas e Coligadas;0.0000000000;S
08.322.396/0001-03;2025-03-31;1;CERRADINHO BIOENERGIA S.A.;026522;DF Individual - Demonstração das Mutações do Patrimônio Líquido;REAL;MIL;ÚLTIMO;2024-04-01;2025-03-31;Capital Social Integralizado;5.05.02.03;Equiv. Patrim. s/Result. Abrang. Controladas e Coligadas;0.0000000000;S
08.322.396/0001-03;2025-03-31;1;CERRADINHO BIOENERGIA S.A.;026522;DF Individual - Demonstração das Mutações do Patrimônio Líquido;REAL;MIL;PENÚLTIMO;2023-04-01;2024-03-31;Reservas de Capital, Opções Outorgadas e Ações em Tesouraria;5.05.02.03;Equiv. Patrim. s/Result. Abrang. Controladas e Coligadas;0.0000000000;S
08.322.396/0001-03;2025-03-31;1;CERRADINHO BIOENERGIA S.A.;026522;DF Individual - Demonstração das Mutações do Patrimônio Líquido;REAL;MIL;ÚLTIMO;2024-04-01;2025-03-31;Reservas de Capital, Opções Outorgadas e Ações em Tesouraria;5.05.02.03;Equiv. Patrim. s/Result. Abrang. Controladas e Coligadas;0.0000000000;S
08.322.396/0001-03;2025-03-31;1;CERRADINHO BIOENERGIA S.A.;026522;DF Individual - Demonstração das Mutações do Patrimônio Líquido;REAL;MIL;PENÚLTIMO;2023-04-01;2024-03-31;Reservas de Lucro;5.05.02.03;Equiv. Patrim. s/Result. Abrang. Controladas e Coligadas;0.0000000000;S
08.322.396/0001-03;2025-03-31;1;CERRADINHO BIOENERGIA S.A.;026522;DF Individual - Demonstração das Mutações do Patrimônio Líquido;REAL;MIL;ÚLTIMO;2024-04-01;2025-03-31;Reservas de Lucro;5.05.02.03;Equiv. Patrim. s/Result. Abrang. Controladas e Coligadas;0.0000000000;S
08.322.396/0001-03;2025-03-31;1;CERRADINHO BIOENERGIA S.A.;026522;DF Individual - Demonstração das Mutações do Patrimônio Líquido;REAL;MIL;PENÚLTIMO;2023-04-01;2024-03-31;Lucros ou Prejuízos Acumulados;5.05.02.03;Equiv. Patrim. s/Result. Abrang. Controladas e Coligadas;0.0000000000;S
08.322.396/0001-03;2025-03-31;1;CERRADINHO BIOENERGIA S.A.;026522;DF Individual - Demonstração das Mutações do Patrimônio Líquido;REAL;MIL;ÚLTIMO;2024-04-01;2025-03-31;Lucros ou Prejuízos Acumulados;5.05.02.03;Equiv. Patrim. s/Result. Abrang. Controladas e Coligadas;0.0000000000;S
08.322.396/0001-03;2025-03-31;1;CERRADINHO BIOENERGIA S.A.;026522;DF Individual - Demonstração das Mutações do Patrimônio Líquido;REAL;MIL;PENÚLTIMO;2023-04-01;2024-03-31;Outros Resultados Abrangentes;5.05.02.03;Equiv. Patrim. s/Result. Abrang. Controladas e Coligadas;0.0000000000;S
08.322.396/0001-03;2025-03-31;1;CERRADINHO BIOENERGIA S.A.;026522;DF Individual - Demonstração das Mutações do Patrimônio Líquido;REAL;MIL;ÚLTIMO;2024-04-01;2025-03-31;Outros Resultados Abrangentes;5.05.02.03;Equiv. Patrim. s/Result. Abrang. Controladas e Coligadas;0.0000000000;S
08.322.396/0001-03;2025-03-31;1;CERRADINHO BIOENERGIA S.A.;026522;DF Individual - Demonstração das Mutações do Patrimônio Líquido;REAL;MIL;PENÚLTIMO;2023-04-01;2024-03-31;Patrimônio Líquido;5.05.02.03;Equiv. Patrim. s/Result. Abrang. Controladas e Coligadas;0.0000000000;S
08.322.396/0001-03;2025-03-31;1;CERRADINHO BIOENERGIA S.A.;026522;DF Individual - Demonstração das Mutações do Patrimônio Líquido;REAL;MIL;ÚLTIMO;2024-04-01;2025-03-31;Patrimônio Líquido;5.05.02.03;Equiv. Patrim. s/Result. Abrang. Controladas e Coligadas;0.0000000000;S
08.322.396/0001-03;2025-03-31;1;CERRADINHO BIOENERGIA S.A.;026522;DF Individual - Demonstração das Mutações do Patrimônio Líquido;REAL;MIL;PENÚLTIMO;2023-04-01;2024-03-31;Capital Social Integralizado;5.05.02.04;Ajustes de Conversão do Período;0.0000000000;S
08.322.396/0001-03;2025-03-31;1;CERRADINHO BIOENERGIA S.A.;026522;DF Individual - Demonstração das Mutações do Patrimônio Líquido;REAL;MIL;ÚLTIMO;2024-04-01;2025-03-31;Capital Social Integralizado;5.05.02.04;Ajustes de Conversão do Período;0.0000000000;S
08.322.396/0001-03;2025-03-31;1;CERRADINHO BIOENERGIA S.A.;026522;DF Individual - Demonstração das Mutações do Patrimônio Líquido;REAL;MIL;PENÚLTIMO;2023-04-01;2024-03-31;Reservas de Capital, Opções Outorgadas e Ações em Tesouraria;5.05.02.04;Ajustes de Conversão do Período;0.0000000000;S
08.322.396/0001-03;2025-03-31;1;CERRADINHO BIOENERGIA S.A.;026522;DF Individual - Demonstração das Mutações do Patrimônio Líquido;REAL;MIL;ÚLTIMO;2024-04-01;2025-03-31;Reservas de Capital, Opções Outorgadas e Ações em Tesouraria;5.05.02.04;Ajustes de Conversão do Período;0.0000000000;S
08.322.396/0001-03;2025-03-31;1;CERRADINHO BIOENERGIA S.A.;026522;DF Individual - Demonstração das Mutações do Patrimônio Líquido;REAL;MIL;PENÚLTIMO;2023-04-01;2024-03-31;Reservas de Lucro;5.05.02.04;Ajustes de Conversão do Período;0.0000000000;S
08.322.396/0001-03;2025-03-31;1;CERRADINHO BIOENERGIA S.A.;026522;DF Individual - Demonstração das Mutações do Patrimônio Líquido;REAL;MIL;ÚLTIMO;2024-04-01;2025-03-31;Reservas de Lucro;5.05.02.04;Ajustes de Conversão do Período;0.0000000000;S
08.322.396/0001-03;2025-03-31;1;CERRADINHO BIOENERGIA S.A.;026522;DF Individual - Demonstração das Mutações do Patrimônio Líquido;REAL;MIL;PENÚLTIMO;2023-04-01;2024-03-31;Lucros ou Prejuízos Acumulados;5.05.02.04;Ajustes de Conversão do Período;0.0000000000;S
08.322.396/0001-03;2025-03-31;1;CERRADINHO BIOENERGIA S.A.;026522;DF Individual - Demonstração das Mutações do Patrimônio Líquido;REAL;MIL;ÚLTIMO;2024-04-01;2025-03-31;Lucros ou Prejuízos Acumulados;5.05.02.04;Ajustes de Conversão do Período;0.0000000000;S
08.322.396/0001-03;2025-03-31;1;CERRADINHO BIOENERGIA S.A.;026522;DF Individual - Demonstração das Mutações do Patrimônio Líquido;REAL;MIL;PENÚLTIMO;2023-04-01;2024-03-31;Outros Resultados Abrangentes;5.05.02.04;Ajustes de Conversão do Período;0.0000000000;S
08.322.396/0001-03;2025-03-31;1;CERRADINHO BIOENERGIA S.A.;026522;DF Individual - Demonstração das Mutações do Patrimônio Líquido;REAL;MIL;ÚLTIMO;2024-04-01;2025-03-31;Outros Resultados Abrangentes;5.05.02.04;Ajustes de Conversão do Período;0.0000000000;S
08.322.396/0001-03;2025-03-31;1;CERRADINHO BIOENERGIA S.A.;026522;DF Individual - Demonstração das Mutações do Patrimônio Líquido;REAL;MIL;PENÚLTIMO;2023-04-01;2024-03-31;Patrimônio Líquido;5.05.02.04;Ajustes de Conversão do Período;0.0000000000;S
08.322.396/0001-03;2025-03-31;1;CERRADINHO BIOENERGIA S.A.;026522;DF Individual - Demonstração das Mutações do Patrimônio Líquido;REAL;MIL;ÚLTIMO;2024-04-01;2025-03-31;Patrimônio Líquido;5.05.02.04;Ajustes de Conversão do Período;0.0000000000;S
08.322.396/0001-03;2025-03-31;1;CERRADINHO BIOENERGIA S.A.;026522;DF Individual - Demonstração das Mutações do Patrimônio Líquido;REAL;MIL;PENÚLTIMO;2023-04-01;2024-03-31;Capital Social Integralizado;5.05.02.05;Tributos s/ Ajustes de Conversão do Período;0.0000000000;S
08.322.396/0001-03;2025-03-31;1;CERRADINHO BIOENERGIA S.A.;026522;DF Individual - Demonstração das Mutações do Patrimônio Líquido;REAL;MIL;ÚLTIMO;2024-04-01;2025-03-31;Capital Social Integralizado;5.05.02.05;Tributos s/ Ajustes de Conversão do Período;0.0000000000;S
08.322.396/0001-03;2025-03-31;1;CERRADINHO BIOENERGIA S.A.;026522;DF Individual - Demonstração das Mutações do Patrimônio Líquido;REAL;MIL;PENÚLTIMO;2023-04-01;2024-03-31;Reservas de Capital, Opções Outorgadas e Ações em Tesouraria;5.05.02.05;Tributos s/ Ajustes de Conversão do Período;0.0000000000;S
08.322.396/0001-03;2025-03-31;1;CERRADINHO BIOENERGIA S.A.;026522;DF Individual - Demonstração das Mutações do Patrimônio Líquido;REAL;MIL;ÚLTIMO;2024-04-01;2025-03-31;Reservas de Capital, Opções Outorgadas e Ações em Tesouraria;5.05.02.05;Tributos s/ Ajustes de Conversão do Período;0.0000000000;S
08.322.396/0001-03;2025-03-31;1;CERRADINHO BIOENERGIA S.A.;026522;DF Individual - Demonstração das Mutações do Patrimônio Líquido;REAL;MIL;PENÚLTIMO;2023-04-01;2024-03-31;Reservas de Lucro;5.05.02.05;Tributos s/ Ajustes de Conversão do Período;0.0000000000;S
08.322.396/0001-03;2025-03-31;1;CERRADINHO BIOENERGIA S.A.;026522;DF Individual - Demonstração das Mutações do Patrimônio Líquido;REAL;MIL;ÚLTIMO;2024-04-01;2025-03-31;Reservas de Lucro;5.05.02.05;Tributos s/ Ajustes de Conversão do Período;0.0000000000;S
08.322.396/0001-03;2025-03-31;1;CERRADINHO BIOENERGIA S.A.;026522;DF Individual - Demonstração das Mutações do Patrimônio Líquido;REAL;MIL;PENÚLTIMO;2023-04-01;2024-03-31;Lucros ou Prejuízos Acumulados;5.05.02.05;Tributos s/ Ajustes de Conversão do Período;0.0000000000;S
08.322.396/0001-03;2025-03-31;1;CERRADINHO BIOENERGIA S.A.;026522;DF Individual - Demonstração das Mutações do Patrimônio Líquido;REAL;MIL;ÚLTIMO;2024-04-01;2025-03-31;Lucros ou Prejuízos Acumulados;5.05.02.05;Tributos s/ Ajustes de Conversão do Período;0.0000000000;S
08.322.396/0001-03;2025-03-31;1;CERRADINHO BIOENERGIA S.A.;026522;DF Individual - Demonstração das Mutações do Patrimônio Líquido;REAL;MIL;PENÚLTIMO;2023-04-01;2024-03-31;Outros Resultados Abrangentes;5.05.02.05;Tributos s/ Ajustes de Conversão do Período;0.0000000000;S
08.322.396/0001-03;2025-03-31;1;CERRADINHO BIOENERGIA S.A.;026522;DF Individual - Demonstração das Mutações do Patrimônio Líquido;REAL;MIL;ÚLTIMO;2024-04-01;2025-03-31;Outros Resultados Abrangentes;5.05.02.05;Tributos s/ Ajustes de Conversão do Período;0.0000000000;S
08.322.396/0001-03;2025-03-31;1;CERRADINHO BIOENERGIA S.A.;026522;DF Individual - Demonstração das Mutações do Patrimônio Líquido;REAL;MIL;PENÚLTIMO;2023-04-01;2024-03-31;Patrimônio Líquido;5.05.02.05;Tributos s/ Ajustes de Conversão do Período;0.0000000000;S
08.322.396/0001-03;2025-03-31;1;CERRADINHO BIOENERGIA S.A.;026522;DF Individual - Demonstração das Mutações do Patrimônio Líquido;REAL;MIL;ÚLTIMO;2024-04-01;2025-03-31;Patrimônio Líquido;5.05.02.05;Tributos s/ Ajustes de Conversão do Período;0.0000000000;S
08.322.396/0001-03;2025-03-31;1;CERRADINHO BIOENERGIA S.A.;026522;DF Individual - Demonstração das Mutações do Patrimônio Líquido;REAL;MIL;PENÚLTIMO;2023-04-01;2024-03-31;Capital Social Integralizado;5.05.03;Reclassificações para o Resultado;0.0000000000;S
08.322.396/0001-03;2025-03-31;1;CERRADINHO BIOENERGIA S.A.;026522;DF Individual - Demonstração das Mutações do Patrimônio Líquido;REAL;MIL;ÚLTIMO;2024-04-01;2025-03-31;Capital Social Integralizado;5.05.03;Reclassificações para o Resultado;0.0000000000;S
08.322.396/0001-03;2025-03-31;1;CERRADINHO BIOENERGIA S.A.;026522;DF Individual - Demonstração das Mutações do Patrimônio Líquido;REAL;MIL;PENÚLTIMO;2023-04-01;2024-03-31;Reservas de Capital, Opções Outorgadas e Ações em Tesouraria;5.05.03;Reclassificações para o Resultado;0.0000000000;S
08.322.396/0001-03;2025-03-31;1;CERRADINHO BIOENERGIA S.A.;026522;DF Individual - Demonstração das Mutações do Patrimônio Líquido;REAL;MIL;ÚLTIMO;2024-04-01;2025-03-31;Reservas de Capital, Opções Outorgadas e Ações em Tesouraria;5.05.03;Reclassificações para o Resultado;0.0000000000;S
08.322.396/0001-03;2025-03-31;1;CERRADINHO BIOENERGIA S.A.;026522;DF Individual - Demonstração das Mutações do Patrimônio Líquido;REAL;MIL;PENÚLTIMO;2023-04-01;2024-03-31;Reservas de Lucro;5.05.03;Reclassificações para o Resultado;0.0000000000;S
08.322.396/0001-03;2025-03-31;1;CERRADINHO BIOENERGIA S.A.;026522;DF Individual - Demonstração das Mutações do Patrimônio Líquido;REAL;MIL;ÚLTIMO;2024-04-01;2025-03-31;Reservas de Lucro;5.05.03;Reclassificações para o Resultado;0.0000000000;S
08.322.396/0001-03;2025-03-31;1;CERRADINHO BIOENERGIA S.A.;026522;DF Individual - Demonstração das Mutações do Patrimônio Líquido;REAL;MIL;PENÚLTIMO;2023-04-01;2024-03-31;Lucros ou Prejuízos Acumulados;5.05.03;Reclassificações para o Resultado;0.0000000000;S
08.322.396/0001-03;2025-03-31;1;CERRADINHO BIOENERGIA S.A.;026522;DF Individual - Demonstração das Mutações do Patrimônio Líquido;REAL;MIL;ÚLTIMO;2024-04-01;2025-03-31;Lucros ou Prejuízos Acumulados;5.05.03;Reclassificações para o Resultado;0.0000000000;S
08.322.396/0001-03;2025-03-31;1;CERRADINHO BIOENERGIA S.A.;026522;DF Individual - Demonstração das Mutações do Patrimônio Líquido;REAL;MIL;PENÚLTIMO;2023-04-01;2024-03-31;Outros Resultados Abrangentes;5.05.03;Reclassificações para o Resultado;0.0000000000;S
08.322.396/0001-03;2025-03-31;1;CERRADINHO BIOENERGIA S.A.;026522;DF Individual - Demonstração das Mutações do Patrimônio Líquido;REAL;MIL;ÚLTIMO;2024-04-01;2025-03-31;Outros Resultados Abrangentes;5.05.03;Reclassificações para o Resultado;0.0000000000;S
08.322.396/0001-03;2025-03-31;1;CERRADINHO BIOENERGIA S.A.;026522;DF Individual - Demonstração das Mutações do Patrimônio Líquido;REAL;MIL;PENÚLTIMO;2023-04-01;2024-03-31;Patrimônio Líquido;5.05.03;Reclassificações para o Resultado;0.0000000000;S
08.322.396/0001-03;2025-03-31;1;CERRADINHO BIOENERGIA S.A.;026522;DF Individual - Demonstração das Mutações do Patrimônio Líquido;REAL;MIL;ÚLTIMO;2024-04-01;2025-03-31;Patrimônio Líquido;5.05.03;Reclassificações para o Resultado;0.0000000000;S
08.322.396/0001-03;2025-03-31;1;CERRADINHO BIOENERGIA S.A.;026522;DF Individual - Demonstração das Mutações do Patrimônio Líquido;REAL;MIL;PENÚLTIMO;2023-04-01;2024-03-31;Capital Social Integralizado;5.05.03.01;Ajustes de Instrumentos Financeiros;0.0000000000;S
08.322.396/0001-03;2025-03-31;1;CERRADINHO BIOENERGIA S.A.;026522;DF Individual - Demonstração das Mutações do Patrimônio Líquido;REAL;MIL;ÚLTIMO;2024-04-01;2025-03-31;Capital Social Integralizado;5.05.03.01;Ajustes de Instrumentos Financeiros;0.0000000000;S
08.322.396/0001-03;2025-03-31;1;CERRADINHO BIOENERGIA S.A.;026522;DF Individual - Demonstração das Mutações do Patrimônio Líquido;REAL;MIL;PENÚLTIMO;2023-04-01;2024-03-31;Reservas de Capital, Opções Outorgadas e Ações em Tesouraria;5.05.03.01;Ajustes de Instrumentos Financeiros;0.0000000000;S
08.322.396/0001-03;2025-03-31;1;CERRADINHO BIOENERGIA S.A.;026522;DF Individual - Demonstração das Mutações do Patrimônio Líquido;REAL;MIL;ÚLTIMO;2024-04-01;2025-03-31;Reservas de Capital, Opções Outorgadas e Ações em Tesouraria;5.05.03.01;Ajustes de Instrumentos Financeiros;0.0000000000;S
08.322.396/0001-03;2025-03-31;1;CERRADINHO BIOENERGIA S.A.;026522;DF Individual - Demonstração das Mutações do Patrimônio Líquido;REAL;MIL;PENÚLTIMO;2023-04-01;2024-03-31;Reservas de Lucro;5.05.03.01;Ajustes de Instrumentos Financeiros;0.0000000000;S
08.322.396/0001-03;2025-03-31;1;CERRADINHO BIOENERGIA S.A.;026522;DF Individual - Demonstração das Mutações do Patrimônio Líquido;REAL;MIL;ÚLTIMO;2024-04-01;2025-03-31;Reservas de Lucro;5.05.03.01;Ajustes de Instrumentos Financeiros;0.0000000000;S
08.322.396/0001-03;2025-03-31;1;CERRADINHO BIOENERGIA S.A.;026522;DF Individual - Demonstração das Mutações do Patrimônio Líquido;REAL;MIL;PENÚLTIMO;2023-04-01;2024-03-31;Lucros ou Prejuízos Acumulados;5.05.03.01;Ajustes de Instrumentos Financeiros;0.0000000000;S
08.322.396/0001-03;2025-03-31;1;CERRADINHO BIOENERGIA S.A.;026522;DF Individual - Demonstração das Mutações do Patrimônio Líquido;REAL;MIL;ÚLTIMO;2024-04-01;2025-03-31;Lucros ou Prejuízos Acumulados;5.05.03.01;Ajustes de Instrumentos Financeiros;0.0000000000;S
08.322.396/0001-03;2025-03-31;1;CERRADINHO BIOENERGIA S.A.;026522;DF Individual - Demonstração das Mutações do Patrimônio Líquido;REAL;MIL;PENÚLTIMO;2023-04-01;2024-03-31;Outros Resultados Abrangentes;5.05.03.01;Ajustes de Instrumentos Financeiros;0.0000000000;S
08.322.396/0001-03;2025-03-31;1;CERRADINHO BIOENERGIA S.A.;026522;DF Individual - Demonstração das Mutações do Patrimônio Líquido;REAL;MIL;ÚLTIMO;2024-04-01;2025-03-31;Outros Resultados Abrangentes;5.05.03.01;Ajustes de Instrumentos Financeiros;0.0000000000;S
08.322.396/0001-03;2025-03-31;1;CERRADINHO BIOENERGIA S.A.;026522;DF Individual - Demonstração das Mutações do Patrimônio Líquido;REAL;MIL;PENÚLTIMO;2023-04-01;2024-03-31;Patrimônio Líquido;5.05.03.01;Ajustes de Instrumentos Financeiros;0.0000000000;S
08.322.396/0001-03;2025-03-31;1;CERRADINHO BIOENERGIA S.A.;026522;DF Individual - Demonstração das Mutações do Patrimônio Líquido;REAL;MIL;ÚLTIMO;2024-04-01;2025-03-31;Patrimônio Líquido;5.05.03.01;Ajustes de Instrumentos Financeiros;0.0000000000;S
08.322.396/0001-03;2025-03-31;1;CERRADINHO BIOENERGIA S.A.;026522;DF Individual - Demonstração das Mutações do Patrimônio Líquido;REAL;MIL;PENÚLTIMO;2023-04-01;2024-03-31;Capital Social Integralizado;5.06;Mutações Internas do Patrimônio Líquido;0.0000000000;S
08.322.396/0001-03;2025-03-31;1;CERRADINHO BIOENERGIA S.A.;026522;DF Individual - Demonstração das Mutações do Patrimônio Líquido;REAL;MIL;ÚLTIMO;2024-04-01;2025-03-31;Capital Social Integralizado;5.06;Mutações Internas do Patrimônio Líquido;0.0000000000;S
08.322.396/0001-03;2025-03-31;1;CERRADINHO BIOENERGIA S.A.;026522;DF Individual - Demonstração das Mutações do Patrimônio Líquido;REAL;MIL;PENÚLTIMO;2023-04-01;2024-03-31;Reservas de Capital, Opções Outorgadas e Ações em Tesouraria;5.06;Mutações Internas do Patrimônio Líquido;0.0000000000;S
08.322.396/0001-03;2025-03-31;1;CERRADINHO BIOENERGIA S.A.;026522;DF Individual - Demonstração das Mutações do Patrimônio Líquido;REAL;MIL;ÚLTIMO;2024-04-01;2025-03-31;Reservas de Capital, Opções Outorgadas e Ações em Tesouraria;5.06;Mutações Internas do Patrimônio Líquido;0.0000000000;S
08.322.396/0001-03;2025-03-31;1;CERRADINHO BIOENERGIA S.A.;026522;DF Individual - Demonstração das Mutações do Patrimônio Líquido;REAL;MIL;PENÚLTIMO;2023-04-01;2024-03-31;Reservas de Lucro;5.06;Mutações Internas do Patrimônio Líquido;40295.0000000000;S
08.322.396/0001-03;2025-03-31;1;CERRADINHO BIOENERGIA S.A.;026522;DF Individual - Demonstração das Mutações do Patrimônio Líquido;REAL;MIL;ÚLTIMO;2024-04-01;2025-03-31;Reservas de Lucro;5.06;Mutações Internas do Patrimônio Líquido;121847.0000000000;S
08.322.396/0001-03;2025-03-31;1;CERRADINHO BIOENERGIA S.A.;026522;DF Individual - Demonstração das Mutações do Patrimônio Líquido;REAL;MIL;PENÚLTIMO;2023-04-01;2024-03-31;Lucros ou Prejuízos Acumulados;5.06;Mutações Internas do Patrimônio Líquido;-40295.0000000000;S
08.322.396/0001-03;2025-03-31;1;CERRADINHO BIOENERGIA S.A.;026522;DF Individual - Demonstração das Mutações do Patrimônio Líquido;REAL;MIL;ÚLTIMO;2024-04-01;2025-03-31;Lucros ou Prejuízos Acumulados;5.06;Mutações Internas do Patrimônio Líquido;-121847.0000000000;S
08.322.396/0001-03;2025-03-31;1;CERRADINHO BIOENERGIA S.A.;026522;DF Individual - Demonstração das Mutações do Patrimônio Líquido;REAL;MIL;PENÚLTIMO;2023-04-01;2024-03-31;Outros Resultados Abrangentes;5.06;Mutações Internas do Patrimônio Líquido;0.0000000000;S
08.322.396/0001-03;2025-03-31;1;CERRADINHO BIOENERGIA S.A.;026522;DF Individual - Demonstração das Mutações do Patrimônio Líquido;REAL;MIL;ÚLTIMO;2024-04-01;2025-03-31;Outros Resultados Abrangentes;5.06;Mutações Internas do Patrimônio Líquido;0.0000000000;S
08.322.396/0001-03;2025-03-31;1;CERRADINHO BIOENERGIA S.A.;026522;DF Individual - Demonstração das Mutações do Patrimônio Líquido;REAL;MIL;PENÚLTIMO;2023-04-01;2024-03-31;Patrimônio Líquido;5.06;Mutações Internas do Patrimônio Líquido;0.0000000000;S
08.322.396/0001-03;2025-03-31;1;CERRADINHO BIOENERGIA S.A.;026522;DF Individual - Demonstração das Mutações do Patrimônio Líquido;REAL;MIL;ÚLTIMO;2024-04-01;2025-03-31;Patrimônio Líquido;5.06;Mutações Internas do Patrimônio Líquido;0.0000000000;S
08.322.396/0001-03;2025-03-31;1;CERRADINHO BIOENERGIA S.A.;026522;DF Individual - Demonstração das Mutações do Patrimônio Líquido;REAL;MIL;PENÚLTIMO;2023-04-01;2024-03-31;Capital Social Integralizado;5.06.01;Constituição de Reservas;0.0000000000;S
08.322.396/0001-03;2025-03-31;1;CERRADINHO BIOENERGIA S.A.;026522;DF Individual - Demonstração das Mutações do Patrimônio Líquido;REAL;MIL;ÚLTIMO;2024-04-01;2025-03-31;Capital Social Integralizado;5.06.01;Constituição de Reservas;0.0000000000;S
08.322.396/0001-03;2025-03-31;1;CERRADINHO BIOENERGIA S.A.;026522;DF Individual - Demonstração das Mutações do Patrimônio Líquido;REAL;MIL;PENÚLTIMO;2023-04-01;2024-03-31;Reservas de Capital, Opções Outorgadas e Ações em Tesouraria;5.06.01;Constituição de Reservas;0.0000000000;S
08.322.396/0001-03;2025-03-31;1;CERRADINHO BIOENERGIA S.A.;026522;DF Individual - Demonstração das Mutações do Patrimônio Líquido;REAL;MIL;ÚLTIMO;2024-04-01;2025-03-31;Reservas de Capital, Opções Outorgadas e Ações em Tesouraria;5.06.01;Constituição de Reservas;0.0000000000;S
08.322.396/0001-03;2025-03-31;1;CERRADINHO BIOENERGIA S.A.;026522;DF Individual - Demonstração das Mutações do Patrimônio Líquido;REAL;MIL;PENÚLTIMO;2023-04-01;2024-03-31;Reservas de Lucro;5.06.01;Constituição de Reservas;40295.0000000000;S
08.322.396/0001-03;2025-03-31;1;CERRADINHO BIOENERGIA S.A.;026522;DF Individual - Demonstração das Mutações do Patrimônio Líquido;REAL;MIL;ÚLTIMO;2024-04-01;2025-03-31;Reservas de Lucro;5.06.01;Constituição de Reservas;121847.0000000000;S
08.322.396/0001-03;2025-03-31;1;CERRADINHO BIOENERGIA S.A.;026522;DF Individual - Demonstração das Mutações do Patrimônio Líquido;REAL;MIL;PENÚLTIMO;2023-04-01;2024-03-31;Lucros ou Prejuízos Acumulados;5.06.01;Constituição de Reservas;-40295.0000000000;S
08.322.396/0001-03;2025-03-31;1;CERRADINHO BIOENERGIA S.A.;026522;DF Individual - Demonstração das Mutações do Patrimônio Líquido;REAL;MIL;ÚLTIMO;2024-04-01;2025-03-31;Lucros ou Prejuízos Acumulados;5.06.01;Constituição de Reservas;-121847.0000000000;S
08.322.396/0001-03;2025-03-31;1;CERRADINHO BIOENERGIA S.A.;026522;DF Individual - Demonstração das Mutações do Patrimônio Líquido;REAL;MIL;PENÚLTIMO;2023-04-01;2024-03-31;Outros Resultados Abrangentes;5.06.01;Constituição de Reservas;0.0000000000;S
08.322.396/0001-03;2025-03-31;1;CERRADINHO BIOENERGIA S.A.;026522;DF Individual - Demonstração das Mutações do Patrimônio Líquido;REAL;MIL;ÚLTIMO;2024-04-01;2025-03-31;Outros Resultados Abrangentes;5.06.01;Constituição de Reservas;0.0000000000;S
08.322.396/0001-03;2025-03-31;1;CERRADINHO BIOENERGIA S.A.;026522;DF Individual - Demonstração das Mutações do Patrimônio Líquido;REAL;MIL;PENÚLTIMO;2023-04-01;2024-03-31;Patrimônio Líquido;5.06.01;Constituição de Reservas;0.0000000000;S
08.322.396/0001-03;2025-03-31;1;CERRADINHO BIOENERGIA S.A.;026522;DF Individual - Demonstração das Mutações do Patrimônio Líquido;REAL;MIL;ÚLTIMO;2024-04-01;2025-03-31;Patrimônio Líquido;5.06.01;Constituição de Reservas;0.0000000000;S
08.322.396/0001-03;2025-03-31;1;CERRADINHO BIOENERGIA S.A.;026522;DF Individual - Demonstração das Mutações do Patrimônio Líquido;REAL;MIL;PENÚLTIMO;2023-04-01;2024-03-31;Capital Social Integralizado;5.06.02;Realização da Reserva Reavaliação;0.0000000000;S
08.322.396/0001-03;2025-03-31;1;CERRADINHO BIOENERGIA S.A.;026522;DF Individual - Demonstração das Mutações do Patrimônio Líquido;REAL;MIL;ÚLTIMO;2024-04-01;2025-03-31;Capital Social Integralizado;5.06.02;Realização da Reserva Reavaliação;0.0000000000;S
08.322.396/0001-03;2025-03-31;1;CERRADINHO BIOENERGIA S.A.;026522;DF Individual - Demonstração das Mutações do Patrimônio Líquido;REAL;MIL;PENÚLTIMO;2023-04-01;2024-03-31;Reservas de Capital, Opções Outorgadas e Ações em Tesouraria;5.06.02;Realização da Reserva Reavaliação;0.0000000000;S
08.322.396/0001-03;2025-03-31;1;CERRADINHO BIOENERGIA S.A.;026522;DF Individual - Demonstração das Mutações do Patrimônio Líquido;REAL;MIL;ÚLTIMO;2024-04-01;2025-03-31;Reservas de Capital, Opções Outorgadas e Ações em Tesouraria;5.06.02;Realização da Reserva Reavaliação;0.0000000000;S
08.322.396/0001-03;2025-03-31;1;CERRADINHO BIOENERGIA S.A.;026522;DF Individual - Demonstração das Mutações do Patrimônio Líquido;REAL;MIL;PENÚLTIMO;2023-04-01;2024-03-31;Reservas de Lucro;5.06.02;Realização da Reserva Reavaliação;0.0000000000;S
08.322.396/0001-03;2025-03-31;1;CERRADINHO BIOENERGIA S.A.;026522;DF Individual - Demonstração das Mutações do Patrimônio Líquido;REAL;MIL;ÚLTIMO;2024-04-01;2025-03-31;Reservas de Lucro;5.06.02;Realização da Reserva Reavaliação;0.0000000000;S
08.322.396/0001-03;2025-03-31;1;CERRADINHO BIOENERGIA S.A.;026522;DF Individual - Demonstração das Mutações do Patrimônio Líquido;REAL;MIL;PENÚLTIMO;2023-04-01;2024-03-31;Lucros ou Prejuízos Acumulados;5.06.02;Realização da Reserva Reavaliação;0.0000000000;S
08.322.396/0001-03;2025-03-31;1;CERRADINHO BIOENERGIA S.A.;026522;DF Individual - Demonstração das Mutações do Patrimônio Líquido;REAL;MIL;ÚLTIMO;2024-04-01;2025-03-31;Lucros ou Prejuízos Acumulados;5.06.02;Realização da Reserva Reavaliação;0.0000000000;S
08.322.396/0001-03;2025-03-31;1;CERRADINHO BIOENERGIA S.A.;026522;DF Individual - Demonstração das Mutações do Patrimônio Líquido;REAL;MIL;PENÚLTIMO;2023-04-01;2024-03-31;Outros Resultados Abrangentes;5.06.02;Realização da Reserva Reavaliação;0.0000000000;S
08.322.396/0001-03;2025-03-31;1;CERRADINHO BIOENERGIA S.A.;026522;DF Individual - Demonstração das Mutações do Patrimônio Líquido;REAL;MIL;ÚLTIMO;2024-04-01;2025-03-31;Outros Resultados Abrangentes;5.06.02;Realização da Reserva Reavaliação;0.0000000000;S
08.322.396/0001-03;2025-03-31;1;CERRADINHO BIOENERGIA S.A.;026522;DF Individual - Demonstração das Mutações do Patrimônio Líquido;REAL;MIL;PENÚLTIMO;2023-04-01;2024-03-31;Patrimônio Líquido;5.06.02;Realização da Reserva Reavaliação;0.0000000000;S
08.322.396/0001-03;2025-03-31;1;CERRADINHO BIOENERGIA S.A.;026522;DF Individual - Demonstração das Mutações do Patrimônio Líquido;REAL;MIL;ÚLTIMO;2024-04-01;2025-03-31;Patrimônio Líquido;5.06.02;Realização da Reserva Reavaliação;0.0000000000;S
08.322.396/0001-03;2025-03-31;1;CERRADINHO BIOENERGIA S.A.;026522;DF Individual - Demonstração das Mutações do Patrimônio Líquido;REAL;MIL;PENÚLTIMO;2023-04-01;2024-03-31;Capital Social Integralizado;5.06.03;Tributos sobre a Realização da Reserva de Reavaliação;0.0000000000;S
08.322.396/0001-03;2025-03-31;1;CERRADINHO BIOENERGIA S.A.;026522;DF Individual - Demonstração das Mutações do Patrimônio Líquido;REAL;MIL;ÚLTIMO;2024-04-01;2025-03-31;Capital Social Integralizado;5.06.03;Tributos sobre a Realização da Reserva de Reavaliação;0.0000000000;S
08.322.396/0001-03;2025-03-31;1;CERRADINHO BIOENERGIA S.A.;026522;DF Individual - Demonstração das Mutações do Patrimônio Líquido;REAL;MIL;PENÚLTIMO;2023-04-01;2024-03-31;Reservas de Capital, Opções Outorgadas e Ações em Tesouraria;5.06.03;Tributos sobre a Realização da Reserva de Reavaliação;0.0000000000;S
08.322.396/0001-03;2025-03-31;1;CERRADINHO BIOENERGIA S.A.;026522;DF Individual - Demonstração das Mutações do Patrimônio Líquido;REAL;MIL;ÚLTIMO;2024-04-01;2025-03-31;Reservas de Capital, Opções Outorgadas e Ações em Tesouraria;5.06.03;Tributos sobre a Realização da Reserva de Reavaliação;0.0000000000;S
08.322.396/0001-03;2025-03-31;1;CERRADINHO BIOENERGIA S.A.;026522;DF Individual - Demonstração das Mutações do Patrimônio Líquido;REAL;MIL;PENÚLTIMO;2023-04-01;2024-03-31;Reservas de Lucro;5.06.03;Tributos sobre a Realização da Reserva de Reavaliação;0.0000000000;S
08.322.396/0001-03;2025-03-31;1;CERRADINHO BIOENERGIA S.A.;026522;DF Individual - Demonstração das Mutações do Patrimônio Líquido;REAL;MIL;ÚLTIMO;2024-04-01;2025-03-31;Reservas de Lucro;5.06.03;Tributos sobre a Realização da Reserva de Reavaliação;0.0000000000;S
08.322.396/0001-03;2025-03-31;1;CERRADINHO BIOENERGIA S.A.;026522;DF Individual - Demonstração das Mutações do Patrimônio Líquido;REAL;MIL;PENÚLTIMO;2023-04-01;2024-03-31;Lucros ou Prejuízos Acumulados;5.06.03;Tributos sobre a Realização da Reserva de Reavaliação;0.0000000000;S
08.322.396/0001-03;2025-03-31;1;CERRADINHO BIOENERGIA S.A.;026522;DF Individual - Demonstração das Mutações do Patrimônio Líquido;REAL;MIL;ÚLTIMO;2024-04-01;2025-03-31;Lucros ou Prejuízos Acumulados;5.06.03;Tributos sobre a Realização da Reserva de Reavaliação;0.0000000000;S
08.322.396/0001-03;2025-03-31;1;CERRADINHO BIOENERGIA S.A.;026522;DF Individual - Demonstração das Mutações do Patrimônio Líquido;REAL;MIL;PENÚLTIMO;2023-04-01;2024-03-31;Outros Resultados Abrangentes;5.06.03;Tributos sobre a Realização da Reserva de Reavaliação;0.0000000000;S
08.322.396/0001-03;2025-03-31;1;CERRADINHO BIOENERGIA S.A.;026522;DF Individual - Demonstração das Mutações do Patrimônio Líquido;REAL;MIL;ÚLTIMO;2024-04-01;2025-03-31;Outros Resultados Abrangentes;5.06.03;Tributos sobre a Realização da Reserva de Reavaliação;0.0000000000;S
08.322.396/0001-03;2025-03-31;1;CERRADINHO BIOENERGIA S.A.;026522;DF Individual - Demonstração das Mutações do Patrimônio Líquido;REAL;MIL;PENÚLTIMO;2023-04-01;2024-03-31;Patrimônio Líquido;5.06.03;Tributos sobre a Realização da Reserva de Reavaliação;0.0000000000;S
08.322.396/0001-03;2025-03-31;1;CERRADINHO BIOENERGIA S.A.;026522;DF Individual - Demonstração das Mutações do Patrimônio Líquido;REAL;MIL;ÚLTIMO;2024-04-01;2025-03-31;Patrimônio Líquido;5.06.03;Tributos sobre a Realização da Reserva de Reavaliação;0.0000000000;S
08.322.396/0001-03;2025-03-31;1;CERRADINHO BIOENERGIA S.A.;026522;DF Individual - Demonstração das Mutações do Patrimônio Líquido;REAL;MIL;PENÚLTIMO;2023-04-01;2024-03-31;Capital Social Integralizado;5.07;Saldos Finais;472588.0000000000;S
08.322.396/0001-03;2025-03-31;1;CERRADINHO BIOENERGIA S.A.;026522;DF Individual - Demonstração das Mutações do Patrimônio Líquido;REAL;MIL;ÚLTIMO;2024-04-01;2025-03-31;Capital Social Integralizado;5.07;Saldos Finais;472588.0000000000;S
08.322.396/0001-03;2025-03-31;1;CERRADINHO BIOENERGIA S.A.;026522;DF Individual - Demonstração das Mutações do Patrimônio Líquido;REAL;MIL;PENÚLTIMO;2023-04-01;2024-03-31;Reservas de Capital, Opções Outorgadas e Ações em Tesouraria;5.07;Saldos Finais;0.0000000000;S
08.322.396/0001-03;2025-03-31;1;CERRADINHO BIOENERGIA S.A.;026522;DF Individual - Demonstração das Mutações do Patrimônio Líquido;REAL;MIL;ÚLTIMO;2024-04-01;2025-03-31;Reservas de Capital, Opções Outorgadas e Ações em Tesouraria;5.07;Saldos Finais;0.0000000000;S
08.322.396/0001-03;2025-03-31;1;CERRADINHO BIOENERGIA S.A.;026522;DF Individual - Demonstração das Mutações do Patrimônio Líquido;REAL;MIL;PENÚLTIMO;2023-04-01;2024-03-31;Reservas de Lucro;5.07;Saldos Finais;907239.0000000000;S
08.322.396/0001-03;2025-03-31;1;CERRADINHO BIOENERGIA S.A.;026522;DF Individual - Demonstração das Mutações do Patrimônio Líquido;REAL;MIL;ÚLTIMO;2024-04-01;2025-03-31;Reservas de Lucro;5.07;Saldos Finais;1057091.0000000000;S
08.322.396/0001-03;2025-03-31;1;CERRADINHO BIOENERGIA S.A.;026522;DF Individual - Demonstração das Mutações do Patrimônio Líquido;REAL;MIL;PENÚLTIMO;2023-04-01;2024-03-31;Lucros ou Prejuízos Acumulados;5.07;Saldos Finais;0.0000000000;S
08.322.396/0001-03;2025-03-31;1;CERRADINHO BIOENERGIA S.A.;026522;DF Individual - Demonstração das Mutações do Patrimônio Líquido;REAL;MIL;ÚLTIMO;2024-04-01;2025-03-31;Lucros ou Prejuízos Acumulados;5.07;Saldos Finais;0.0000000000;S
08.322.396/0001-03;2025-03-31;1;CERRADINHO BIOENERGIA S.A.;026522;DF Individual - Demonstração das Mutações do Patrimônio Líquido;REAL;MIL;PENÚLTIMO;2023-04-01;2024-03-31;Outros Resultados Abrangentes;5.07;Saldos Finais;-32554.0000000000;S
08.322.396/0001-03;2025-03-31;1;CERRADINHO BIOENERGIA S.A.;026522;DF Individual - Demonstração das Mutações do Patrimônio Líquido;REAL;MIL;ÚLTIMO;2024-04-01;2025-03-31;Outros Resultados Abrangentes;5.07;Saldos Finais;-96348.0000000000;S
08.322.396/0001-03;2025-03-31;1;CERRADINHO BIOENERGIA S.A.;026522;DF Individual - Demonstração das Mutações do Patrimônio Líquido;REAL;MIL;PENÚLTIMO;2023-04-01;2024-03-31;Patrimônio Líquido;5.07;Saldos Finais;1347273.0000000000;S
08.322.396/0001-03;2025-03-31;1;CERRADINHO BIOENERGIA S.A.;026522;DF Individual - Demonstração das Mutações do Patrimônio Líquido;REAL;MIL;ÚLTIMO;2024-04-01;2025-03-31;Patrimônio Líquido;5.07;Saldos Finais;1433331.0000000000;S
33.453.598/0001-23;2025-03-31;1;RAÍZEN S.A.;025917;DF Individual - Demonstração das Mutações do Patrimônio Líquido;REAL;MIL;PENÚLTIMO;2023-04-01;2024-03-31;Capital Social Integralizado;5.01;Saldos Iniciais;6859670.0000000000;S
33.453.598/0001-23;2025-03-31;1;RAÍZEN S.A.;025917;DF Individual - Demonstração das Mutações do Patrimônio Líquido;REAL;MIL;ÚLTIMO;2024-04-01;2025-03-31;Capital Social Integralizado;5.01;Saldos Iniciais;6859670.0000000000;S
33.453.598/0001-23;2025-03-31;1;RAÍZEN S.A.;025917;DF Individual - Demonstração das Mutações do Patrimônio Líquido;REAL;MIL;PENÚLTIMO;2023-04-01;2024-03-31;Reservas de Capital, Opções Outorgadas e Ações em Tesouraria;5.01;Saldos Iniciais;10103115.0000000000;S
33.453.598/0001-23;2025-03-31;1;RAÍZEN S.A.;025917;DF Individual - Demonstração das Mutações do Patrimônio Líquido;REAL;MIL;ÚLTIMO;2024-04-01;2025-03-31;Reservas de Capital, Opções Outorgadas e Ações em Tesouraria;5.01;Saldos Iniciais;10214352.0000000000;S
33.453.598/0001-23;2025-03-31;1;RAÍZEN S.A.;025917;DF Individual - Demonstração das Mutações do Patrimônio Líquido;REAL;MIL;PENÚLTIMO;2023-04-01;2024-03-31;Reservas de Lucro;5.01;Saldos Iniciais;2751597.0000000000;S
33.453.598/0001-23;2025-03-31;1;RAÍZEN S.A.;025917;DF Individual - Demonstração das Mutações do Patrimônio Líquido;REAL;MIL;ÚLTIMO;2024-04-01;2025-03-31;Reservas de Lucro;5.01;Saldos Iniciais;1298986.0000000000;S
33.453.598/0001-23;2025-03-31;1;RAÍZEN S.A.;025917;DF Individual - Demonstração das Mutações do Patrimônio Líquido;REAL;MIL;PENÚLTIMO;2023-04-01;2024-03-31;Lucros ou Prejuízos Acumulados;5.01;Saldos Iniciais;0.0000000000;S
33.453.598/0001-23;2025-03-31;1;RAÍZEN S.A.;025917;DF Individual - Demonstração das Mutações do Patrimônio Líquido;REAL;MIL;ÚLTIMO;2024-04-01;2025-03-31;Lucros ou Prejuízos Acumulados;5.01;Saldos Iniciais;0.0000000000;S
33.453.598/0001-23;2025-03-31;1;RAÍZEN S.A.;025917;DF Individual - Demonstração das Mutações do Patrimônio Líquido;REAL;MIL;PENÚLTIMO;2023-04-01;2024-03-31;Outros Resultados Abrangentes;5.01;Saldos Iniciais;2537367.0000000000;S
33.453.598/0001-23;2025-03-31;1;RAÍZEN S.A.;025917;DF Individual - Demonstração das Mutações do Patrimônio Líquido;REAL;MIL;ÚLTIMO;2024-04-01;2025-03-31;Outros Resultados Abrangentes;5.01;Saldos Iniciais;3006397.0000000000;S
33.453.598/0001-23;2025-03-31;1;RAÍZEN S.A.;025917;DF Individual - Demonstração das Mutações do Patrimônio Líquido;REAL;MIL;PENÚLTIMO;2023-04-01;2024-03-31;Patrimônio Líquido;5.01;Saldos Iniciais;22251749.0000000000;S
33.453.598/0001-23;2025-03-31;1;RAÍZEN S.A.;025917;DF Individual - Demonstração das Mutações do Patrimônio Líquido;REAL;MIL;ÚLTIMO;2024-04-01;2025-03-31;Patrimônio Líquido;5.01;Saldos Iniciais;21379405.0000000000;S
33.453.598/0001-23;2025-03-31;1;RAÍZEN S.A.;025917;DF Individual - Demonstração das Mutações do Patrimônio Líquido;REAL;MIL;PENÚLTIMO;2023-04-01;2024-03-31;Capital Social Integralizado;5.02;Ajustes de Exercícios Anteriores;0.0000000000;S
33.453.598/0001-23;2025-03-31;1;RAÍZEN S.A.;025917;DF Individual - Demonstração das Mutações do Patrimônio Líquido;REAL;MIL;ÚLTIMO;2024-04-01;2025-03-31;Capital Social Integralizado;5.02;Ajustes de Exercícios Anteriores;0.0000000000;S
33.453.598/0001-23;2025-03-31;1;RAÍZEN S.A.;025917;DF Individual - Demonstração das Mutações do Patrimônio Líquido;REAL;MIL;PENÚLTIMO;2023-04-01;2024-03-31;Reservas de Capital, Opções Outorgadas e Ações em Tesouraria;5.02;Ajustes de Exercícios Anteriores;0.0000000000;S
33.453.598/0001-23;2025-03-31;1;RAÍZEN S.A.;025917;DF Individual - Demonstração das Mutações do Patrimônio Líquido;REAL;MIL;ÚLTIMO;2024-04-01;2025-03-31;Reservas de Capital, Opções Outorgadas e Ações em Tesouraria;5.02;Ajustes de Exercícios Anteriores;0.0000000000;S
33.453.598/0001-23;2025-03-31;1;RAÍZEN S.A.;025917;DF Individual - Demonstração das Mutações do Patrimônio Líquido;REAL;MIL;PENÚLTIMO;2023-04-01;2024-03-31;Reservas de Lucro;5.02;Ajustes de Exercícios Anteriores;0.0000000000;S
33.453.598/0001-23;2025-03-31;1;RAÍZEN S.A.;025917;DF Individual - Demonstração das Mutações do Patrimônio Líquido;REAL;MIL;ÚLTIMO;2024-04-01;2025-03-31;Reservas de Lucro;5.02;Ajustes de Exercícios Anteriores;0.0000000000;S
33.453.598/0001-23;2025-03-31;1;RAÍZEN S.A.;025917;DF Individual - Demonstração das Mutações do Patrimônio Líquido;REAL;MIL;PENÚLTIMO;2023-04-01;2024-03-31;Lucros ou Prejuízos Acumulados;5.02;Ajustes de Exercícios Anteriores;0.0000000000;S
33.453.598/0001-23;2025-03-31;1;RAÍZEN S.A.;025917;DF Individual - Demonstração das Mutações do Patrimônio Líquido;REAL;MIL;ÚLTIMO;2024-04-01;2025-03-31;Lucros ou Prejuízos Acumulados;5.02;Ajustes de Exercícios Anteriores;0.0000000000;S
33.453.598/0001-23;2025-03-31;1;RAÍZEN S.A.;025917;DF Individual - Demonstração das Mutações do Patrimônio Líquido;REAL;MIL;PENÚLTIMO;2023-04-01;2024-03-31;Outros Resultados Abrangentes;5.02;Ajustes de Exercícios Anteriores;0.0000000000;S
33.453.598/0001-23;2025-03-31;1;RAÍZEN S.A.;025917;DF Individual - Demonstração das Mutações do Patrimônio Líquido;REAL;MIL;ÚLTIMO;2024-04-01;2025-03-31;Outros Resultados Abrangentes;5.02;Ajustes de Exercícios Anteriores;0.0000000000;S
33.453.598/0001-23;2025-03-31;1;RAÍZEN S.A.;025917;DF Individual - Demonstração das Mutações do Patrimônio Líquido;REAL;MIL;PENÚLTIMO;2023-04-01;2024-03-31;Patrimônio Líquido;5.02;Ajustes de Exercícios Anteriores;0.0000000000;S
33.453.598/0001-23;2025-03-31;1;RAÍZEN S.A.;025917;DF Individual - Demonstração das Mutações do Patrimônio Líquido;REAL;MIL;ÚLTIMO;2024-04-01;2025-03-31;Patrimônio Líquido;5.02;Ajustes de Exercícios Anteriores;0.0000000000;S
33.453.598/0001-23;2025-03-31;1;RAÍZEN S.A.;025917;DF Individual - Demonstração das Mutações do Patrimônio Líquido;REAL;MIL;PENÚLTIMO;2023-04-01;2024-03-31;Capital Social Integralizado;5.03;Saldos Iniciais Ajustados;6859670.0000000000;S
33.453.598/0001-23;2025-03-31;1;RAÍZEN S.A.;025917;DF Individual - Demonstração das Mutações do Patrimônio Líquido;REAL;MIL;ÚLTIMO;2024-04-01;2025-03-31;Capital Social Integralizado;5.03;Saldos Iniciais Ajustados;6859670.0000000000;S
33.453.598/0001-23;2025-03-31;1;RAÍZEN S.A.;025917;DF Individual - Demonstração das Mutações do Patrimônio Líquido;REAL;MIL;PENÚLTIMO;2023-04-01;2024-03-31;Reservas de Capital, Opções Outorgadas e Ações em Tesouraria;5.03;Saldos Iniciais Ajustados;10103115.0000000000;S
33.453.598/0001-23;2025-03-31;1;RAÍZEN S.A.;025917;DF Individual - Demonstração das Mutações do Patrimônio Líquido;REAL;MIL;ÚLTIMO;2024-04-01;2025-03-31;Reservas de Capital, Opções Outorgadas e Ações em Tesouraria;5.03;Saldos Iniciais Ajustados;10214352.0000000000;S
33.453.598/0001-23;2025-03-31;1;RAÍZEN S.A.;025917;DF Individual - Demonstração das Mutações do Patrimônio Líquido;REAL;MIL;PENÚLTIMO;2023-04-01;2024-03-31;Reservas de Lucro;5.03;Saldos Iniciais Ajustados;2751597.0000000000;S
33.453.598/0001-23;2025-03-31;1;RAÍZEN S.A.;025917;DF Individual - Demonstração das Mutações do Patrimônio Líquido;REAL;MIL;ÚLTIMO;2024-04-01;2025-03-31;Reservas de Lucro;5.03;Saldos Iniciais Ajustados;1298986.0000000000;S
33.453.598/0001-23;2025-03-31;1;RAÍZEN S.A.;025917;DF Individual - Demonstração das Mutações do Patrimônio Líquido;REAL;MIL;PENÚLTIMO;2023-04-01;2024-03-31;Lucros ou Prejuízos Acumulados;5.03;Saldos Iniciais Ajustados;0.0000000000;S
33.453.598/0001-23;2025-03-31;1;RAÍZEN S.A.;025917;DF Individual - Demonstração das Mutações do Patrimônio Líquido;REAL;MIL;ÚLTIMO;2024-04-01;2025-03-31;Lucros ou Prejuízos Acumulados;5.03;Saldos Iniciais Ajustados;0.0000000000;S
33.453.598/0001-23;2025-03-31;1;RAÍZEN S.A.;025917;DF Individual - Demonstração das Mutações do Patrimônio Líquido;REAL;MIL;PENÚLTIMO;2023-04-01;2024-03-31;Outros Resultados Abrangentes;5.03;Saldos Iniciais Ajustados;2537367.0000000000;S
33.453.598/0001-23;2025-03-31;1;RAÍZEN S.A.;025917;DF Individual - Demonstração das Mutações do Patrimônio Líquido;REAL;MIL;ÚLTIMO;2024-04-01;2025-03-31;Outros Resultados Abrangentes;5.03;Saldos Iniciais Ajustados;3006397.0000000000;S
33.453.598/0001-23;2025-03-31;1;RAÍZEN S.A.;025917;DF Individual - Demonstração das Mutações do Patrimônio Líquido;REAL;MIL;PENÚLTIMO;2023-04-01;2024-03-31;Patrimônio Líquido;5.03;Saldos Iniciais Ajustados;22251749.0000000000;S
33.453.598/0001-23;2025-03-31;1;RAÍZEN S.A.;025917;DF Individual - Demonstração das Mutações do Patrimônio Líquido;REAL;MIL;ÚLTIMO;2024-04-01;2025-03-31;Patrimônio Líquido;5.03;Saldos Iniciais Ajustados;21379405.0000000000;S
33.453.598/0001-23;2025-03-31;1;RAÍZEN S.A.;025917;DF Individual - Demonstração das Mutações do Patrimônio Líquido;REAL;MIL;PENÚLTIMO;2023-04-01;2024-03-31;Capital Social Integralizado;5.04;Transações de Capital com os Sócios;0.0000000000;S
33.453.598/0001-23;2025-03-31;1;RAÍZEN S.A.;025917;DF Individual - Demonstração das Mutações do Patrimônio Líquido;REAL;MIL;ÚLTIMO;2024-04-01;2025-03-31;Capital Social Integralizado;5.04;Transações de Capital com os Sócios;0.0000000000;S
33.453.598/0001-23;2025-03-31;1;RAÍZEN S.A.;025917;DF Individual - Demonstração das Mutações do Patrimônio Líquido;REAL;MIL;PENÚLTIMO;2023-04-01;2024-03-31;Reservas de Capital, Opções Outorgadas e Ações em Tesouraria;5.04;Transações de Capital com os Sócios;111237.0000000000;S
33.453.598/0001-23;2025-03-31;1;RAÍZEN S.A.;025917;DF Individual - Demonstração das Mutações do Patrimônio Líquido;REAL;MIL;ÚLTIMO;2024-04-01;2025-03-31;Reservas de Capital, Opções Outorgadas e Ações em Tesouraria;5.04;Transações de Capital com os Sócios;70797.0000000000;S
33.453.598/0001-23;2025-03-31;1;RAÍZEN S.A.;025917;DF Individual - Demonstração das Mutações do Patrimônio Líquido;REAL;MIL;PENÚLTIMO;2023-04-01;2024-03-31;Reservas de Lucro;5.04;Transações de Capital com os Sócios;-1869838.0000000000;S
33.453.598/0001-23;2025-03-31;1;RAÍZEN S.A.;025917;DF Individual - Demonstração das Mutações do Patrimônio Líquido;REAL;MIL;ÚLTIMO;2024-04-01;2025-03-31;Reservas de Lucro;5.04;Transações de Capital com os Sócios;0.0000000000;S
33.453.598/0001-23;2025-03-31;1;RAÍZEN S.A.;025917;DF Individual - Demonstração das Mutações do Patrimônio Líquido;REAL;MIL;PENÚLTIMO;2023-04-01;2024-03-31;Lucros ou Prejuízos Acumulados;5.04;Transações de Capital com os Sócios;-103488.0000000000;S
33.453.598/0001-23;2025-03-31;1;RAÍZEN S.A.;025917;DF Individual - Demonstração das Mutações do Patrimônio Líquido;REAL;MIL;ÚLTIMO;2024-04-01;2025-03-31;Lucros ou Prejuízos Acumulados;5.04;Transações de Capital com os Sócios;0.0000000000;S
33.453.598/0001-23;2025-03-31;1;RAÍZEN S.A.;025917;DF Individual - Demonstração das Mutações do Patrimônio Líquido;REAL;MIL;PENÚLTIMO;2023-04-01;2024-03-31;Outros Resultados Abrangentes;5.04;Transações de Capital com os Sócios;0.0000000000;S
33.453.598/0001-23;2025-03-31;1;RAÍZEN S.A.;025917;DF Individual - Demonstração das Mutações do Patrimônio Líquido;REAL;MIL;ÚLTIMO;2024-04-01;2025-03-31;Outros Resultados Abrangentes;5.04;Transações de Capital com os Sócios;0.0000000000;S
33.453.598/0001-23;2025-03-31;1;RAÍZEN S.A.;025917;DF Individual - Demonstração das Mutações do Patrimônio Líquido;REAL;MIL;PENÚLTIMO;2023-04-01;2024-03-31;Patrimônio Líquido;5.04;Transações de Capital com os Sócios;-1862089.0000000000;S
33.453.598/0001-23;2025-03-31;1;RAÍZEN S.A.;025917;DF Individual - Demonstração das Mutações do Patrimônio Líquido;REAL;MIL;ÚLTIMO;2024-04-01;2025-03-31;Patrimônio Líquido;5.04;Transações de Capital com os Sócios;70797.0000000000;S
33.453.598/0001-23;2025-03-31;1;RAÍZEN S.A.;025917;DF Individual - Demonstração das Mutações do Patrimônio Líquido;REAL;MIL;PENÚLTIMO;2023-04-01;2024-03-31;Capital Social Integralizado;5.04.01;Aumentos de Capital;0.0000000000;S
33.453.598/0001-23;2025-03-31;1;RAÍZEN S.A.;025917;DF Individual - Demonstração das Mutações do Patrimônio Líquido;REAL;MIL;ÚLTIMO;2024-04-01;2025-03-31;Capital Social Integralizado;5.04.01;Aumentos de Capital;0.0000000000;S
33.453.598/0001-23;2025-03-31;1;RAÍZEN S.A.;025917;DF Individual - Demonstração das Mutações do Patrimônio Líquido;REAL;MIL;PENÚLTIMO;2023-04-01;2024-03-31;Reservas de Capital, Opções Outorgadas e Ações em Tesouraria;5.04.01;Aumentos de Capital;0.0000000000;S
33.453.598/0001-23;2025-03-31;1;RAÍZEN S.A.;025917;DF Individual - Demonstração das Mutações do Patrimônio Líquido;REAL;MIL;ÚLTIMO;2024-04-01;2025-03-31;Reservas de Capital, Opções Outorgadas e Ações em Tesouraria;5.04.01;Aumentos de Capital;0.0000000000;S
33.453.598/0001-23;2025-03-31;1;RAÍZEN S.A.;025917;DF Individual - Demonstração das Mutações do Patrimônio Líquido;REAL;MIL;PENÚLTIMO;2023-04-01;2024-03-31;Reservas de Lucro;5.04.01;Aumentos de Capital;0.0000000000;S
33.453.598/0001-23;2025-03-31;1;RAÍZEN S.A.;025917;DF Individual - Demonstração das Mutações do Patrimônio Líquido;REAL;MIL;ÚLTIMO;2024-04-01;2025-03-31;Reservas de Lucro;5.04.01;Aumentos de Capital;0.0000000000;S
33.453.598/0001-23;2025-03-31;1;RAÍZEN S.A.;025917;DF Individual - Demonstração das Mutações do Patrimônio Líquido;REAL;MIL;PENÚLTIMO;2023-04-01;2024-03-31;Lucros ou Prejuízos Acumulados;5.04.01;Aumentos de Capital;0.0000000000;S
33.453.598/0001-23;2025-03-31;1;RAÍZEN S.A.;025917;DF Individual - Demonstração das Mutações do Patrimônio Líquido;REAL;MIL;ÚLTIMO;2024-04-01;2025-03-31;Lucros ou Prejuízos Acumulados;5.04.01;Aumentos de Capital;0.0000000000;S
33.453.598/0001-23;2025-03-31;1;RAÍZEN S.A.;025917;DF Individual - Demonstração das Mutações do Patrimônio Líquido;REAL;MIL;PENÚLTIMO;2023-04-01;2024-03-31;Outros Resultados Abrangentes;5.04.01;Aumentos de Capital;0.0000000000;S
33.453.598/0001-23;2025-03-31;1;RAÍZEN S.A.;025917;DF Individual - Demonstração das Mutações do Patrimônio Líquido;REAL;MIL;ÚLTIMO;2024-04-01;2025-03-31;Outros Resultados Abrangentes;5.04.01;Aumentos de Capital;0.0000000000;S
33.453.598/0001-23;2025-03-31;1;RAÍZEN S.A.;025917;DF Individual - Demonstração das Mutações do Patrimônio Líquido;REAL;MIL;PENÚLTIMO;2023-04-01;2024-03-31;Patrimônio Líquido;5.04.01;Aumentos de Capital;0.0000000000;S
33.453.598/0001-23;2025-03-31;1;RAÍZEN S.A.;025917;DF Individual - Demonstração das Mutações do Patrimônio Líquido;REAL;MIL;ÚLTIMO;2024-04-01;2025-03-31;Patrimônio Líquido;5.04.01;Aumentos de Capital;0.0000000000;S
33.453.598/0001-23;2025-03-31;1;RAÍZEN S.A.;025917;DF Individual - Demonstração das Mutações do Patrimônio Líquido;REAL;MIL;PENÚLTIMO;2023-04-01;2024-03-31;Capital Social Integralizado;5.04.02;Gastos com Emissão de Ações;0.0000000000;S
33.453.598/0001-23;2025-03-31;1;RAÍZEN S.A.;025917;DF Individual - Demonstração das Mutações do Patrimônio Líquido;REAL;MIL;ÚLTIMO;2024-04-01;2025-03-31;Capital Social Integralizado;5.04.02;Gastos com Emissão de Ações;0.0000000000;S
33.453.598/0001-23;2025-03-31;1;RAÍZEN S.A.;025917;DF Individual - Demonstração das Mutações do Patrimônio Líquido;REAL;MIL;PENÚLTIMO;2023-04-01;2024-03-31;Reservas de Capital, Opções Outorgadas e Ações em Tesouraria;5.04.02;Gastos com Emissão de Ações;0.0000000000;S
33.453.598/0001-23;2025-03-31;1;RAÍZEN S.A.;025917;DF Individual - Demonstração das Mutações do Patrimônio Líquido;REAL;MIL;ÚLTIMO;2024-04-01;2025-03-31;Reservas de Capital, Opções Outorgadas e Ações em Tesouraria;5.04.02;Gastos com Emissão de Ações;0.0000000000;S
33.453.598/0001-23;2025-03-31;1;RAÍZEN S.A.;025917;DF Individual - Demonstração das Mutações do Patrimônio Líquido;REAL;MIL;PENÚLTIMO;2023-04-01;2024-03-31;Reservas de Lucro;5.04.02;Gastos com Emissão de Ações;0.0000000000;S
33.453.598/0001-23;2025-03-31;1;RAÍZEN S.A.;025917;DF Individual - Demonstração das Mutações do Patrimônio Líquido;REAL;MIL;ÚLTIMO;2024-04-01;2025-03-31;Reservas de Lucro;5.04.02;Gastos com Emissão de Ações;0.0000000000;S
33.453.598/0001-23;2025-03-31;1;RAÍZEN S.A.;025917;DF Individual - Demonstração das Mutações do Patrimônio Líquido;REAL;MIL;PENÚLTIMO;2023-04-01;2024-03-31;Lucros ou Prejuízos Acumulados;5.04.02;Gastos com Emissão de Ações;0.0000000000;S
33.453.598/0001-23;2025-03-31;1;RAÍZEN S.A.;025917;DF Individual - Demonstração das Mutações do Patrimônio Líquido;REAL;MIL;ÚLTIMO;2024-04-01;2025-03-31;Lucros ou Prejuízos Acumulados;5.04.02;Gastos com Emissão de Ações;0.0000000000;S
33.453.598/0001-23;2025-03-31;1;RAÍZEN S.A.;025917;DF Individual - Demonstração das Mutações do Patrimônio Líquido;REAL;MIL;PENÚLTIMO;2023-04-01;2024-03-31;Outros Resultados Abrangentes;5.04.02;Gastos com Emissão de Ações;0.0000000000;S
33.453.598/0001-23;2025-03-31;1;RAÍZEN S.A.;025917;DF Individual - Demonstração das Mutações do Patrimônio Líquido;REAL;MIL;ÚLTIMO;2024-04-01;2025-03-31;Outros Resultados Abrangentes;5.04.02;Gastos com Emissão de Ações;0.0000000000;S
33.453.598/0001-23;2025-03-31;1;RAÍZEN S.A.;025917;DF Individual - Demonstração das Mutações do Patrimônio Líquido;REAL;MIL;PENÚLTIMO;2023-04-01;2024-03-31;Patrimônio Líquido;5.04.02;Gastos com Emissão de Ações;0.0000000000;S
33.453.598/0001-23;2025-03-31;1;RAÍZEN S.A.;025917;DF Individual - Demonstração das Mutações do Patrimônio Líquido;REAL;MIL;ÚLTIMO;2024-04-01;2025-03-31;Patrimônio Líquido;5.04.02;Gastos com Emissão de Ações;0.0000000000;S
33.453.598/0001-23;2025-03-31;1;RAÍZEN S.A.;025917;DF Individual - Demonstração das Mutações do Patrimônio Líquido;REAL;MIL;PENÚLTIMO;2023-04-01;2024-03-31;Capital Social Integralizado;5.04.03;Opções Outorgadas Reconhecidas;0.0000000000;S
33.453.598/0001-23;2025-03-31;1;RAÍZEN S.A.;025917;DF Individual - Demonstração das Mutações do Patrimônio Líquido;REAL;MIL;ÚLTIMO;2024-04-01;2025-03-31;Capital Social Integralizado;5.04.03;Opções Outorgadas Reconhecidas;0.0000000000;S
33.453.598/0001-23;2025-03-31;1;RAÍZEN S.A.;025917;DF Individual - Demonstração das Mutações do Patrimônio Líquido;REAL;MIL;PENÚLTIMO;2023-04-01;2024-03-31;Reservas de Capital, Opções Outorgadas e Ações em Tesouraria;5.04.03;Opções Outorgadas Reconhecidas;0.0000000000;S
33.453.598/0001-23;2025-03-31;1;RAÍZEN S.A.;025917;DF Individual - Demonstração das Mutações do Patrimônio Líquido;REAL;MIL;ÚLTIMO;2024-04-01;2025-03-31;Reservas de Capital, Opções Outorgadas e Ações em Tesouraria;5.04.03;Opções Outorgadas Reconhecidas;0.0000000000;S
33.453.598/0001-23;2025-03-31;1;RAÍZEN S.A.;025917;DF Individual - Demonstração das Mutações do Patrimônio Líquido;REAL;MIL;PENÚLTIMO;2023-04-01;2024-03-31;Reservas de Lucro;5.04.03;Opções Outorgadas Reconhecidas;0.0000000000;S
33.453.598/0001-23;2025-03-31;1;RAÍZEN S.A.;025917;DF Individual - Demonstração das Mutações do Patrimônio Líquido;REAL;MIL;ÚLTIMO;2024-04-01;2025-03-31;Reservas de Lucro;5.04.03;Opções Outorgadas Reconhecidas;0.0000000000;S
33.453.598/0001-23;2025-03-31;1;RAÍZEN S.A.;025917;DF Individual - Demonstração das Mutações do Patrimônio Líquido;REAL;MIL;PENÚLTIMO;2023-04-01;2024-03-31;Lucros ou Prejuízos Acumulados;5.04.03;Opções Outorgadas Reconhecidas;0.0000000000;S
33.453.598/0001-23;2025-03-31;1;RAÍZEN S.A.;025917;DF Individual - Demonstração das Mutações do Patrimônio Líquido;REAL;MIL;ÚLTIMO;2024-04-01;2025-03-31;Lucros ou Prejuízos Acumulados;5.04.03;Opções Outorgadas Reconhecidas;0.0000000000;S
33.453.598/0001-23;2025-03-31;1;RAÍZEN S.A.;025917;DF Individual - Demonstração das Mutações do Patrimônio Líquido;REAL;MIL;PENÚLTIMO;2023-04-01;2024-03-31;Outros Resultados Abrangentes;5.04.03;Opções Outorgadas Reconhecidas;0.0000000000;S
33.453.598/0001-23;2025-03-31;1;RAÍZEN S.A.;025917;DF Individual - Demonstração das Mutações do Patrimônio Líquido;REAL;MIL;ÚLTIMO;2024-04-01;2025-03-31;Outros Resultados Abrangentes;5.04.03;Opções Outorgadas Reconhecidas;0.0000000000;S
33.453.598/0001-23;2025-03-31;1;RAÍZEN S.A.;025917;DF Individual - Demonstração das Mutações do Patrimônio Líquido;REAL;MIL;PENÚLTIMO;2023-04-01;2024-03-31;Patrimônio Líquido;5.04.03;Opções Outorgadas Reconhecidas;0.0000000000;S
33.453.598/0001-23;2025-03-31;1;RAÍZEN S.A.;025917;DF Individual - Demonstração das Mutações do Patrimônio Líquido;REAL;MIL;ÚLTIMO;2024-04-01;2025-03-31;Patrimônio Líquido;5.04.03;Opções Outorgadas Reconhecidas;0.0000000000;S
33.453.598/0001-23;2025-03-31;1;RAÍZEN S.A.;025917;DF Individual - Demonstração das Mutações do Patrimônio Líquido;REAL;MIL;PENÚLTIMO;2023-04-01;2024-03-31;Capital Social Integralizado;5.04.04;Ações em Tesouraria Adquiridas;0.0000000000;S
33.453.598/0001-23;2025-03-31;1;RAÍZEN S.A.;025917;DF Individual - Demonstração das Mutações do Patrimônio Líquido;REAL;MIL;ÚLTIMO;2024-04-01;2025-03-31;Capital Social Integralizado;5.04.04;Ações em Tesouraria Adquiridas;0.0000000000;S
33.453.598/0001-23;2025-03-31;1;RAÍZEN S.A.;025917;DF Individual - Demonstração das Mutações do Patrimônio Líquido;REAL;MIL;PENÚLTIMO;2023-04-01;2024-03-31;Reservas de Capital, Opções Outorgadas e Ações em Tesouraria;5.04.04;Ações em Tesouraria Adquiridas;0.0000000000;S
33.453.598/0001-23;2025-03-31;1;RAÍZEN S.A.;025917;DF Individual - Demonstração das Mutações do Patrimônio Líquido;REAL;MIL;ÚLTIMO;2024-04-01;2025-03-31;Reservas de Capital, Opções Outorgadas e Ações em Tesouraria;5.04.04;Ações em Tesouraria Adquiridas;0.0000000000;S
33.453.598/0001-23;2025-03-31;1;RAÍZEN S.A.;025917;DF Individual - Demonstração das Mutações do Patrimônio Líquido;REAL;MIL;PENÚLTIMO;2023-04-01;2024-03-31;Reservas de Lucro;5.04.04;Ações em Tesouraria Adquiridas;0.0000000000;S
33.453.598/0001-23;2025-03-31;1;RAÍZEN S.A.;025917;DF Individual - Demonstração das Mutações do Patrimônio Líquido;REAL;MIL;ÚLTIMO;2024-04-01;2025-03-31;Reservas de Lucro;5.04.04;Ações em Tesouraria Adquiridas;0.0000000000;S
33.453.598/0001-23;2025-03-31;1;RAÍZEN S.A.;025917;DF Individual - Demonstração das Mutações do Patrimônio Líquido;REAL;MIL;PENÚLTIMO;2023-04-01;2024-03-31;Lucros ou Prejuízos Acumulados;5.04.04;Ações em Tesouraria Adquiridas;0.0000000000;S
33.453.598/0001-23;2025-03-31;1;RAÍZEN S.A.;025917;DF Individual - Demonstração das Mutações do Patrimônio Líquido;REAL;MIL;ÚLTIMO;2024-04-01;2025-03-31;Lucros ou Prejuízos Acumulados;5.04.04;Ações em Tesouraria Adquiridas;0.0000000000;S
33.453.598/0001-23;2025-03-31;1;RAÍZEN S.A.;025917;DF Individual - Demonstração das Mutações do Patrimônio Líquido;REAL;MIL;PENÚLTIMO;2023-04-01;2024-03-31;Outros Resultados Abrangentes;5.04.04;Ações em Tesouraria Adquiridas;0.0000000000;S
33.453.598/0001-23;2025-03-31;1;RAÍZEN S.A.;025917;DF Individual - Demonstração das Mutações do Patrimônio Líquido;REAL;MIL;ÚLTIMO;2024-04-01;2025-03-31;Outros Resultados Abrangentes;5.04.04;Ações em Tesouraria Adquiridas;0.0000000000;S
33.453.598/0001-23;2025-03-31;1;RAÍZEN S.A.;025917;DF Individual - Demonstração das Mutações do Patrimônio Líquido;REAL;MIL;PENÚLTIMO;2023-04-01;2024-03-31;Patrimônio Líquido;5.04.04;Ações em Tesouraria Adquiridas;0.0000000000;S
33.453.598/0001-23;2025-03-31;1;RAÍZEN S.A.;025917;DF Individual - Demonstração das Mutações do Patrimônio Líquido;REAL;MIL;ÚLTIMO;2024-04-01;2025-03-31;Patrimônio Líquido;5.04.04;Ações em Tesouraria Adquiridas;0.0000000000;S
33.453.598/0001-23;2025-03-31;1;RAÍZEN S.A.;025917;DF Individual - Demonstração das Mutações do Patrimônio Líquido;REAL;MIL;PENÚLTIMO;2023-04-01;2024-03-31;Capital Social Integralizado;5.04.05;Ações em Tesouraria Vendidas;0.0000000000;S
33.453.598/0001-23;2025-03-31;1;RAÍZEN S.A.;025917;DF Individual - Demonstração das Mutações do Patrimônio Líquido;REAL;MIL;ÚLTIMO;2024-04-01;2025-03-31;Capital Social Integralizado;5.04.05;Ações em Tesouraria Vendidas;0.0000000000;S
33.453.598/0001-23;2025-03-31;1;RAÍZEN S.A.;025917;DF Individual - Demonstração das Mutações do Patrimônio Líquido;REAL;MIL;PENÚLTIMO;2023-04-01;2024-03-31;Reservas de Capital, Opções Outorgadas e Ações em Tesouraria;5.04.05;Ações em Tesouraria Vendidas;0.0000000000;S
33.453.598/0001-23;2025-03-31;1;RAÍZEN S.A.;025917;DF Individual - Demonstração das Mutações do Patrimônio Líquido;REAL;MIL;ÚLTIMO;2024-04-01;2025-03-31;Reservas de Capital, Opções Outorgadas e Ações em Tesouraria;5.04.05;Ações em Tesouraria Vendidas;0.0000000000;S
33.453.598/0001-23;2025-03-31;1;RAÍZEN S.A.;025917;DF Individual - Demonstração das Mutações do Patrimônio Líquido;REAL;MIL;PENÚLTIMO;2023-04-01;2024-03-31;Reservas de Lucro;5.04.05;Ações em Tesouraria Vendidas;0.0000000000;S
33.453.598/0001-23;2025-03-31;1;RAÍZEN S.A.;025917;DF Individual - Demonstração das Mutações do Patrimônio Líquido;REAL;MIL;ÚLTIMO;2024-04-01;2025-03-31;Reservas de Lucro;5.04.05;Ações em Tesouraria Vendidas;0.0000000000;S
33.453.598/0001-23;2025-03-31;1;RAÍZEN S.A.;025917;DF Individual - Demonstração das Mutações do Patrimônio Líquido;REAL;MIL;PENÚLTIMO;2023-04-01;2024-03-31;Lucros ou Prejuízos Acumulados;5.04.05;Ações em Tesouraria Vendidas;0.0000000000;S
33.453.598/0001-23;2025-03-31;1;RAÍZEN S.A.;025917;DF Individual - Demonstração das Mutações do Patrimônio Líquido;REAL;MIL;ÚLTIMO;2024-04-01;2025-03-31;Lucros ou Prejuízos Acumulados;5.04.05;Ações em Tesouraria Vendidas;0.0000000000;S
33.453.598/0001-23;2025-03-31;1;RAÍZEN S.A.;025917;DF Individual - Demonstração das Mutações do Patrimônio Líquido;REAL;MIL;PENÚLTIMO;2023-04-01;2024-03-31;Outros Resultados Abrangentes;5.04.05;Ações em Tesouraria Vendidas;0.0000000000;S
33.453.598/0001-23;2025-03-31;1;RAÍZEN S.A.;025917;DF Individual - Demonstração das Mutações do Patrimônio Líquido;REAL;MIL;ÚLTIMO;2024-04-01;2025-03-31;Outros Resultados Abrangentes;5.04.05;Ações em Tesouraria Vendidas;0.0000000000;S
33.453.598/0001-23;2025-03-31;1;RAÍZEN S.A.;025917;DF Individual - Demonstração das Mutações do Patrimônio Líquido;REAL;MIL;PENÚLTIMO;2023-04-01;2024-03-31;Patrimônio Líquido;5.04.05;Ações em Tesouraria Vendidas;0.0000000000;S
33.453.598/0001-23;2025-03-31;1;RAÍZEN S.A.;025917;DF Individual - Demonstração das Mutações do Patrimônio Líquido;REAL;MIL;ÚLTIMO;2024-04-01;2025-03-31;Patrimônio Líquido;5.04.05;Ações em Tesouraria Vendidas;0.0000000000;S
33.453.598/0001-23;2025-03-31;1;RAÍZEN S.A.;025917;DF Individual - Demonstração das Mutações do Patrimônio Líquido;REAL;MIL;PENÚLTIMO;2023-04-01;2024-03-31;Capital Social Integralizado;5.04.06;Dividendos;0.0000000000;S
33.453.598/0001-23;2025-03-31;1;RAÍZEN S.A.;025917;DF Individual - Demonstração das Mutações do Patrimônio Líquido;REAL;MIL;ÚLTIMO;2024-04-01;2025-03-31;Capital Social Integralizado;5.04.06;Dividendos;0.0000000000;S
33.453.598/0001-23;2025-03-31;1;RAÍZEN S.A.;025917;DF Individual - Demonstração das Mutações do Patrimônio Líquido;REAL;MIL;PENÚLTIMO;2023-04-01;2024-03-31;Reservas de Capital, Opções Outorgadas e Ações em Tesouraria;5.04.06;Dividendos;0.0000000000;S
33.453.598/0001-23;2025-03-31;1;RAÍZEN S.A.;025917;DF Individual - Demonstração das Mutações do Patrimônio Líquido;REAL;MIL;ÚLTIMO;2024-04-01;2025-03-31;Reservas de Capital, Opções Outorgadas e Ações em Tesouraria;5.04.06;Dividendos;0.0000000000;S
33.453.598/0001-23;2025-03-31;1;RAÍZEN S.A.;025917;DF Individual - Demonstração das Mutações do Patrimônio Líquido;REAL;MIL;PENÚLTIMO;2023-04-01;2024-03-31;Reservas de Lucro;5.04.06;Dividendos;-537434.0000000000;S
33.453.598/0001-23;2025-03-31;1;RAÍZEN S.A.;025917;DF Individual - Demonstração das Mutações do Patrimônio Líquido;REAL;MIL;ÚLTIMO;2024-04-01;2025-03-31;Reservas de Lucro;5.04.06;Dividendos;0.0000000000;S
33.453.598/0001-23;2025-03-31;1;RAÍZEN S.A.;025917;DF Individual - Demonstração das Mutações do Patrimônio Líquido;REAL;MIL;PENÚLTIMO;2023-04-01;2024-03-31;Lucros ou Prejuízos Acumulados;5.04.06;Dividendos;-103488.0000000000;S
33.453.598/0001-23;2025-03-31;1;RAÍZEN S.A.;025917;DF Individual - Demonstração das Mutações do Patrimônio Líquido;REAL;MIL;ÚLTIMO;2024-04-01;2025-03-31;Lucros ou Prejuízos Acumulados;5.04.06;Dividendos;0.0000000000;S
33.453.598/0001-23;2025-03-31;1;RAÍZEN S.A.;025917;DF Individual - Demonstração das Mutações do Patrimônio Líquido;REAL;MIL;PENÚLTIMO;2023-04-01;2024-03-31;Outros Resultados Abrangentes;5.04.06;Dividendos;0.0000000000;S
33.453.598/0001-23;2025-03-31;1;RAÍZEN S.A.;025917;DF Individual - Demonstração das Mutações do Patrimônio Líquido;REAL;MIL;ÚLTIMO;2024-04-01;2025-03-31;Outros Resultados Abrangentes;5.04.06;Dividendos;0.0000000000;S
33.453.598/0001-23;2025-03-31;1;RAÍZEN S.A.;025917;DF Individual - Demonstração das Mutações do Patrimônio Líquido;REAL;MIL;PENÚLTIMO;2023-04-01;2024-03-31;Patrimônio Líquido;5.04.06;Dividendos;-640922.0000000000;S
33.453.598/0001-23;2025-03-31;1;RAÍZEN S.A.;025917;DF Individual - Demonstração das Mutações do Patrimônio Líquido;REAL;MIL;ÚLTIMO;2024-04-01;2025-03-31;Patrimônio Líquido;5.04.06;Dividendos;0.0000000000;S
33.453.598/0001-23;2025-03-31;1;RAÍZEN S.A.;025917;DF Individual - Demonstração das Mutações do Patrimônio Líquido;REAL;MIL;PENÚLTIMO;2023-04-01;2024-03-31;Capital Social Integralizado;5.04.07;Juros sobre Capital Próprio;0.0000000000;S
33.453.598/0001-23;2025-03-31;1;RAÍZEN S.A.;025917;DF Individual - Demonstração das Mutações do Patrimônio Líquido;REAL;MIL;ÚLTIMO;2024-04-01;2025-03-31;Capital Social Integralizado;5.04.07;Juros sobre Capital Próprio;0.0000000000;S
33.453.598/0001-23;2025-03-31;1;RAÍZEN S.A.;025917;DF Individual - Demonstração das Mutações do Patrimônio Líquido;REAL;MIL;PENÚLTIMO;2023-04-01;2024-03-31;Reservas de Capital, Opções Outorgadas e Ações em Tesouraria;5.04.07;Juros sobre Capital Próprio;0.0000000000;S
33.453.598/0001-23;2025-03-31;1;RAÍZEN S.A.;025917;DF Individual - Demonstração das Mutações do Patrimônio Líquido;REAL;MIL;ÚLTIMO;2024-04-01;2025-03-31;Reservas de Capital, Opções Outorgadas e Ações em Tesouraria;5.04.07;Juros sobre Capital Próprio;0.0000000000;S
33.453.598/0001-23;2025-03-31;1;RAÍZEN S.A.;025917;DF Individual - Demonstração das Mutações do Patrimônio Líquido;REAL;MIL;PENÚLTIMO;2023-04-01;2024-03-31;Reservas de Lucro;5.04.07;Juros sobre Capital Próprio;-1332404.0000000000;S
33.453.598/0001-23;2025-03-31;1;RAÍZEN S.A.;025917;DF Individual - Demonstração das Mutações do Patrimônio Líquido;REAL;MIL;ÚLTIMO;2024-04-01;2025-03-31;Reservas de Lucro;5.04.07;Juros sobre Capital Próprio;0.0000000000;S
33.453.598/0001-23;2025-03-31;1;RAÍZEN S.A.;025917;DF Individual - Demonstração das Mutações do Patrimônio Líquido;REAL;MIL;PENÚLTIMO;2023-04-01;2024-03-31;Lucros ou Prejuízos Acumulados;5.04.07;Juros sobre Capital Próprio;0.0000000000;S
33.453.598/0001-23;2025-03-31;1;RAÍZEN S.A.;025917;DF Individual - Demonstração das Mutações do Patrimônio Líquido;REAL;MIL;ÚLTIMO;2024-04-01;2025-03-31;Lucros ou Prejuízos Acumulados;5.04.07;Juros sobre Capital Próprio;0.0000000000;S
33.453.598/0001-23;2025-03-31;1;RAÍZEN S.A.;025917;DF Individual - Demonstração das Mutações do Patrimônio Líquido;REAL;MIL;PENÚLTIMO;2023-04-01;2024-03-31;Outros Resultados Abrangentes;5.04.07;Juros sobre Capital Próprio;0.0000000000;S
33.453.598/0001-23;2025-03-31;1;RAÍZEN S.A.;025917;DF Individual - Demonstração das Mutações do Patrimônio Líquido;REAL;MIL;ÚLTIMO;2024-04-01;2025-03-31;Outros Resultados Abrangentes;5.04.07;Juros sobre Capital Próprio;0.0000000000;S
33.453.598/0001-23;2025-03-31;1;RAÍZEN S.A.;025917;DF Individual - Demonstração das Mutações do Patrimônio Líquido;REAL;MIL;PENÚLTIMO;2023-04-01;2024-03-31;Patrimônio Líquido;5.04.07;Juros sobre Capital Próprio;-1332404.0000000000;S
33.453.598/0001-23;2025-03-31;1;RAÍZEN S.A.;025917;DF Individual - Demonstração das Mutações do Patrimônio Líquido;REAL;MIL;ÚLTIMO;2024-04-01;2025-03-31;Patrimônio Líquido;5.04.07;Juros sobre Capital Próprio;0.0000000000;S
33.453.598/0001-23;2025-03-31;1;RAÍZEN S.A.;025917;DF Individual - Demonstração das Mutações do Patrimônio Líquido;REAL;MIL;PENÚLTIMO;2023-04-01;2024-03-31;Capital Social Integralizado;5.04.08;Transação com pagamento baseado em ações;0.0000000000;N
33.453.598/0001-23;2025-03-31;1;RAÍZEN S.A.;025917;DF Individual - Demonstração das Mutações do Patrimônio Líquido;REAL;MIL;ÚLTIMO;2024-04-01;2025-03-31;Capital Social Integralizado;5.04.08;Transação com pagamento baseado em ações;0.0000000000;N
33.453.598/0001-23;2025-03-31;1;RAÍZEN S.A.;025917;DF Individual - Demonstração das Mutações do Patrimônio Líquido;REAL;MIL;PENÚLTIMO;2023-04-01;2024-03-31;Reservas de Capital, Opções Outorgadas e Ações em Tesouraria;5.04.08;Transação com pagamento baseado em ações;124024.0000000000;N
33.453.598/0001-23;2025-03-31;1;RAÍZEN S.A.;025917;DF Individual - Demonstração das Mutações do Patrimônio Líquido;REAL;MIL;ÚLTIMO;2024-04-01;2025-03-31;Reservas de Capital, Opções Outorgadas e Ações em Tesouraria;5.04.08;Transação com pagamento baseado em ações;74393.0000000000;N
33.453.598/0001-23;2025-03-31;1;RAÍZEN S.A.;025917;DF Individual - Demonstração das Mutações do Patrimônio Líquido;REAL;MIL;PENÚLTIMO;2023-04-01;2024-03-31;Reservas de Lucro;5.04.08;Transação com pagamento baseado em ações;0.0000000000;N
33.453.598/0001-23;2025-03-31;1;RAÍZEN S.A.;025917;DF Individual - Demonstração das Mutações do Patrimônio Líquido;REAL;MIL;ÚLTIMO;2024-04-01;2025-03-31;Reservas de Lucro;5.04.08;Transação com pagamento baseado em ações;0.0000000000;N
33.453.598/0001-23;2025-03-31;1;RAÍZEN S.A.;025917;DF Individual - Demonstração das Mutações do Patrimônio Líquido;REAL;MIL;PENÚLTIMO;2023-04-01;2024-03-31;Lucros ou Prejuízos Acumulados;5.04.08;Transação com pagamento baseado em ações;0.0000000000;N
33.453.598/0001-23;2025-03-31;1;RAÍZEN S.A.;025917;DF Individual - Demonstração das Mutações do Patrimônio Líquido;REAL;MIL;ÚLTIMO;2024-04-01;2025-03-31;Lucros ou Prejuízos Acumulados;5.04.08;Transação com pagamento baseado em ações;0.0000000000;N
33.453.598/0001-23;2025-03-31;1;RAÍZEN S.A.;025917;DF Individual - Demonstração das Mutações do Patrimônio Líquido;REAL;MIL;PENÚLTIMO;2023-04-01;2024-03-31;Outros Resultados Abrangentes;5.04.08;Transação com pagamento baseado em ações;0.0000000000;N
33.453.598/0001-23;2025-03-31;1;RAÍZEN S.A.;025917;DF Individual - Demonstração das Mutações do Patrimônio Líquido;REAL;MIL;ÚLTIMO;2024-04-01;2025-03-31;Outros Resultados Abrangentes;5.04.08;Transação com pagamento baseado em ações;0.0000000000;N
33.453.598/0001-23;2025-03-31;1;RAÍZEN S.A.;025917;DF Individual - Demonstração das Mutações do Patrimônio Líquido;REAL;MIL;PENÚLTIMO;2023-04-01;2024-03-31;Patrimônio Líquido;5.04.08;Transação com pagamento baseado em ações;124024.0000000000;N
33.453.598/0001-23;2025-03-31;1;RAÍZEN S.A.;025917;DF Individual - Demonstração das Mutações do Patrimônio Líquido;REAL;MIL;ÚLTIMO;2024-04-01;2025-03-31;Patrimônio Líquido;5.04.08;Transação com pagamento baseado em ações;74393.0000000000;N
33.453.598/0001-23;2025-03-31;1;RAÍZEN S.A.;025917;DF Individual - Demonstração das Mutações do Patrimônio Líquido;REAL;MIL;PENÚLTIMO;2023-04-01;2024-03-31;Capital Social Integralizado;5.04.10;Efeito reflexo da compra de participação em controlada;0.0000000000;N
33.453.598/0001-23;2025-03-31;1;RAÍZEN S.A.;025917;DF Individual - Demonstração das Mutações do Patrimônio Líquido;REAL;MIL;ÚLTIMO;2024-04-01;2025-03-31;Capital Social Integralizado;5.04.10;Efeito reflexo da compra de participação em controlada;0.0000000000;N
33.453.598/0001-23;2025-03-31;1;RAÍZEN S.A.;025917;DF Individual - Demonstração das Mutações do Patrimônio Líquido;REAL;MIL;PENÚLTIMO;2023-04-01;2024-03-31;Reservas de Capital, Opções Outorgadas e Ações em Tesouraria;5.04.10;Efeito reflexo da compra de participação em controlada;0.0000000000;N
33.453.598/0001-23;2025-03-31;1;RAÍZEN S.A.;025917;DF Individual - Demonstração das Mutações do Patrimônio Líquido;REAL;MIL;ÚLTIMO;2024-04-01;2025-03-31;Reservas de Capital, Opções Outorgadas e Ações em Tesouraria;5.04.10;Efeito reflexo da compra de participação em controlada;-3596.0000000000;N
33.453.598/0001-23;2025-03-31;1;RAÍZEN S.A.;025917;DF Individual - Demonstração das Mutações do Patrimônio Líquido;REAL;MIL;PENÚLTIMO;2023-04-01;2024-03-31;Reservas de Lucro;5.04.10;Efeito reflexo da compra de participação em controlada;0.0000000000;N
33.453.598/0001-23;2025-03-31;1;RAÍZEN S.A.;025917;DF Individual - Demonstração das Mutações do Patrimônio Líquido;REAL;MIL;ÚLTIMO;2024-04-01;2025-03-31;Reservas de Lucro;5.04.10;Efeito reflexo da compra de participação em controlada;0.0000000000;N
33.453.598/0001-23;2025-03-31;1;RAÍZEN S.A.;025917;DF Individual - Demonstração das Mutações do Patrimônio Líquido;REAL;MIL;PENÚLTIMO;2023-04-01;2024-03-31;Lucros ou Prejuízos Acumulados;5.04.10;Efeito reflexo da compra de participação em controlada;0.0000000000;N
33.453.598/0001-23;2025-03-31;1;RAÍZEN S.A.;025917;DF Individual - Demonstração das Mutações do Patrimônio Líquido;REAL;MIL;ÚLTIMO;2024-04-01;2025-03-31;Lucros ou Prejuízos Acumulados;5.04.10;Efeito reflexo da compra de participação em controlada;0.0000000000;N
33.453.598/0001-23;2025-03-31;1;RAÍZEN S.A.;025917;DF Individual - Demonstração das Mutações do Patrimônio Líquido;REAL;MIL;PENÚLTIMO;2023-04-01;2024-03-31;Outros Resultados Abrangentes;5.04.10;Efeito reflexo da compra de participação em controlada;0.0000000000;N
33.453.598/0001-23;2025-03-31;1;RAÍZEN S.A.;025917;DF Individual - Demonstração das Mutações do Patrimônio Líquido;REAL;MIL;ÚLTIMO;2024-04-01;2025-03-31;Outros Resultados Abrangentes;5.04.10;Efeito reflexo da compra de participação em controlada;0.0000000000;N
33.453.598/0001-23;2025-03-31;1;RAÍZEN S.A.;025917;DF Individual - Demonstração das Mutações do Patrimônio Líquido;REAL;MIL;PENÚLTIMO;2023-04-01;2024-03-31;Patrimônio Líquido;5.04.10;Efeito reflexo da compra de participação em controlada;0.0000000000;N
33.453.598/0001-23;2025-03-31;1;RAÍZEN S.A.;025917;DF Individual - Demonstração das Mutações do Patrimônio Líquido;REAL;MIL;ÚLTIMO;2024-04-01;2025-03-31;Patrimônio Líquido;5.04.10;Efeito reflexo da compra de participação em controlada;-3596.0000000000;N
33.453.598/0001-23;2025-03-31;1;RAÍZEN S.A.;025917;DF Individual - Demonstração das Mutações do Patrimônio Líquido;REAL;MIL;PENÚLTIMO;2023-04-01;2024-03-31;Capital Social Integralizado;5.04.11;Efeito reflexo de transações entre sócias em controladas;0.0000000000;N
33.453.598/0001-23;2025-03-31;1;RAÍZEN S.A.;025917;DF Individual - Demonstração das Mutações do Patrimônio Líquido;REAL;MIL;ÚLTIMO;2024-04-01;2025-03-31;Capital Social Integralizado;5.04.11;Efeito reflexo de transações entre sócias em controladas;0.0000000000;N
33.453.598/0001-23;2025-03-31;1;RAÍZEN S.A.;025917;DF Individual - Demonstração das Mutações do Patrimônio Líquido;REAL;MIL;PENÚLTIMO;2023-04-01;2024-03-31;Reservas de Capital, Opções Outorgadas e Ações em Tesouraria;5.04.11;Efeito reflexo de transações entre sócias em controladas;-12787.0000000000;N
33.453.598/0001-23;2025-03-31;1;RAÍZEN S.A.;025917;DF Individual - Demonstração das Mutações do Patrimônio Líquido;REAL;MIL;ÚLTIMO;2024-04-01;2025-03-31;Reservas de Capital, Opções Outorgadas e Ações em Tesouraria;5.04.11;Efeito reflexo de transações entre sócias em controladas;0.0000000000;N
33.453.598/0001-23;2025-03-31;1;RAÍZEN S.A.;025917;DF Individual - Demonstração das Mutações do Patrimônio Líquido;REAL;MIL;PENÚLTIMO;2023-04-01;2024-03-31;Reservas de Lucro;5.04.11;Efeito reflexo de transações entre sócias em controladas;0.0000000000;N
33.453.598/0001-23;2025-03-31;1;RAÍZEN S.A.;025917;DF Individual - Demonstração das Mutações do Patrimônio Líquido;REAL;MIL;ÚLTIMO;2024-04-01;2025-03-31;Reservas de Lucro;5.04.11;Efeito reflexo de transações entre sócias em controladas;0.0000000000;N
33.453.598/0001-23;2025-03-31;1;RAÍZEN S.A.;025917;DF Individual - Demonstração das Mutações do Patrimônio Líquido;REAL;MIL;PENÚLTIMO;2023-04-01;2024-03-31;Lucros ou Prejuízos Acumulados;5.04.11;Efeito reflexo de transações entre sócias em controladas;0.0000000000;N
33.453.598/0001-23;2025-03-31;1;RAÍZEN S.A.;025917;DF Individual - Demonstração das Mutações do Patrimônio Líquido;REAL;MIL;ÚLTIMO;2024-04-01;2025-03-31;Lucros ou Prejuízos Acumulados;5.04.11;Efeito reflexo de transações entre sócias em controladas;0.0000000000;N
33.453.598/0001-23;2025-03-31;1;RAÍZEN S.A.;025917;DF Individual - Demonstração das Mutações do Patrimônio Líquido;REAL;MIL;PENÚLTIMO;2023-04-01;2024-03-31;Outros Resultados Abrangentes;5.04.11;Efeito reflexo de transações entre sócias em controladas;0.0000000000;N
33.453.598/0001-23;2025-03-31;1;RAÍZEN S.A.;025917;DF Individual - Demonstração das Mutações do Patrimônio Líquido;REAL;MIL;ÚLTIMO;2024-04-01;2025-03-31;Outros Resultados Abrangentes;5.04.11;Efeito reflexo de transações entre sócias em controladas;0.0000000000;N
33.453.598/0001-23;2025-03-31;1;RAÍZEN S.A.;025917;DF Individual - Demonstração das Mutações do Patrimônio Líquido;REAL;MIL;PENÚLTIMO;2023-04-01;2024-03-31;Patrimônio Líquido;5.04.11;Efeito reflexo de transações entre sócias em controladas;-12787.0000000000;N
33.453.598/0001-23;2025-03-31;1;RAÍZEN S.A.;025917;DF Individual - Demonstração das Mutações do Patrimônio Líquido;REAL;MIL;ÚLTIMO;2024-04-01;2025-03-31;Patrimônio Líquido;5.04.11;Efeito reflexo de transações entre sócias em controladas;0.0000000000;N
33.453.598/0001-23;2025-03-31;1;RAÍZEN S.A.;025917;DF Individual - Demonstração das Mutações do Patrimônio Líquido;REAL;MIL;PENÚLTIMO;2023-04-01;2024-03-31;Capital Social Integralizado;5.05;Resultado Abrangente Total;0.0000000000;S
33.453.598/0001-23;2025-03-31;1;RAÍZEN S.A.;025917;DF Individual - Demonstração das Mutações do Patrimônio Líquido;REAL;MIL;ÚLTIMO;2024-04-01;2025-03-31;Capital Social Integralizado;5.05;Resultado Abrangente Total;0.0000000000;S
33.453.598/0001-23;2025-03-31;1;RAÍZEN S.A.;025917;DF Individual - Demonstração das Mutações do Patrimônio Líquido;REAL;MIL;PENÚLTIMO;2023-04-01;2024-03-31;Reservas de Capital, Opções Outorgadas e Ações em Tesouraria;5.05;Resultado Abrangente Total;0.0000000000;S
33.453.598/0001-23;2025-03-31;1;RAÍZEN S.A.;025917;DF Individual - Demonstração das Mutações do Patrimônio Líquido;REAL;MIL;ÚLTIMO;2024-04-01;2025-03-31;Reservas de Capital, Opções Outorgadas e Ações em Tesouraria;5.05;Resultado Abrangente Total;0.0000000000;S
33.453.598/0001-23;2025-03-31;1;RAÍZEN S.A.;025917;DF Individual - Demonstração das Mutações do Patrimônio Líquido;REAL;MIL;PENÚLTIMO;2023-04-01;2024-03-31;Reservas de Lucro;5.05;Resultado Abrangente Total;0.0000000000;S
33.453.598/0001-23;2025-03-31;1;RAÍZEN S.A.;025917;DF Individual - Demonstração das Mutações do Patrimônio Líquido;REAL;MIL;ÚLTIMO;2024-04-01;2025-03-31;Reservas de Lucro;5.05;Resultado Abrangente Total;0.0000000000;S
33.453.598/0001-23;2025-03-31;1;RAÍZEN S.A.;025917;DF Individual - Demonstração das Mutações do Patrimônio Líquido;REAL;MIL;PENÚLTIMO;2023-04-01;2024-03-31;Lucros ou Prejuízos Acumulados;5.05;Resultado Abrangente Total;520715.0000000000;S
33.453.598/0001-23;2025-03-31;1;RAÍZEN S.A.;025917;DF Individual - Demonstração das Mutações do Patrimônio Líquido;REAL;MIL;ÚLTIMO;2024-04-01;2025-03-31;Lucros ou Prejuízos Acumulados;5.05;Resultado Abrangente Total;-4256528.0000000000;S
33.453.598/0001-23;2025-03-31;1;RAÍZEN S.A.;025917;DF Individual - Demonstração das Mutações do Patrimônio Líquido;REAL;MIL;PENÚLTIMO;2023-04-01;2024-03-31;Outros Resultados Abrangentes;5.05;Resultado Abrangente Total;469030.0000000000;S
33.453.598/0001-23;2025-03-31;1;RAÍZEN S.A.;025917;DF Individual - Demonstração das Mutações do Patrimônio Líquido;REAL;MIL;ÚLTIMO;2024-04-01;2025-03-31;Outros Resultados Abrangentes;5.05;Resultado Abrangente Total;394856.0000000000;S
33.453.598/0001-23;2025-03-31;1;RAÍZEN S.A.;025917;DF Individual - Demonstração das Mutações do Patrimônio Líquido;REAL;MIL;PENÚLTIMO;2023-04-01;2024-03-31;Patrimônio Líquido;5.05;Resultado Abrangente Total;989745.0000000000;S
33.453.598/0001-23;2025-03-31;1;RAÍZEN S.A.;025917;DF Individual - Demonstração das Mutações do Patrimônio Líquido;REAL;MIL;ÚLTIMO;2024-04-01;2025-03-31;Patrimônio Líquido;5.05;Resultado Abrangente Total;-3861672.0000000000;S
33.453.598/0001-23;2025-03-31;1;RAÍZEN S.A.;025917;DF Individual - Demonstração das Mutações do Patrimônio Líquido;REAL;MIL;PENÚLTIMO;2023-04-01;2024-03-31;Capital Social Integralizado;5.05.01;Lucro Líquido do Período;0.0000000000;S
33.453.598/0001-23;2025-03-31;1;RAÍZEN S.A.;025917;DF Individual - Demonstração das Mutações do Patrimônio Líquido;REAL;MIL;ÚLTIMO;2024-04-01;2025-03-31;Capital Social Integralizado;5.05.01;Lucro Líquido do Período;0.0000000000;S
33.453.598/0001-23;2025-03-31;1;RAÍZEN S.A.;025917;DF Individual - Demonstração das Mutações do Patrimônio Líquido;REAL;MIL;PENÚLTIMO;2023-04-01;2024-03-31;Reservas de Capital, Opções Outorgadas e Ações em Tesouraria;5.05.01;Lucro Líquido do Período;0.0000000000;S
33.453.598/0001-23;2025-03-31;1;RAÍZEN S.A.;025917;DF Individual - Demonstração das Mutações do Patrimônio Líquido;REAL;MIL;ÚLTIMO;2024-04-01;2025-03-31;Reservas de Capital, Opções Outorgadas e Ações em Tesouraria;5.05.01;Lucro Líquido do Período;0.0000000000;S
33.453.598/0001-23;2025-03-31;1;RAÍZEN S.A.;025917;DF Individual - Demonstração das Mutações do Patrimônio Líquido;REAL;MIL;PENÚLTIMO;2023-04-01;2024-03-31;Reservas de Lucro;5.05.01;Lucro Líquido do Período;0.0000000000;S
33.453.598/0001-23;2025-03-31;1;RAÍZEN S.A.;025917;DF Individual - Demonstração das Mutações do Patrimônio Líquido;REAL;MIL;ÚLTIMO;2024-04-01;2025-03-31;Reservas de Lucro;5.05.01;Lucro Líquido do Período;0.0000000000;S
33.453.598/0001-23;2025-03-31;1;RAÍZEN S.A.;025917;DF Individual - Demonstração das Mutações do Patrimônio Líquido;REAL;MIL;PENÚLTIMO;2023-04-01;2024-03-31;Lucros ou Prejuízos Acumulados;5.05.01;Lucro Líquido do Período;520715.0000000000;S
33.453.598/0001-23;2025-03-31;1;RAÍZEN S.A.;025917;DF Individual - Demonstração das Mutações do Patrimônio Líquido;REAL;MIL;ÚLTIMO;2024-04-01;2025-03-31;Lucros ou Prejuízos Acumulados;5.05.01;Lucro Líquido do Período;-4256528.0000000000;S
33.453.598/0001-23;2025-03-31;1;RAÍZEN S.A.;025917;DF Individual - Demonstração das Mutações do Patrimônio Líquido;REAL;MIL;PENÚLTIMO;2023-04-01;2024-03-31;Outros Resultados Abrangentes;5.05.01;Lucro Líquido do Período;0.0000000000;S
33.453.598/0001-23;2025-03-31;1;RAÍZEN S.A.;025917;DF Individual - Demonstração das Mutações do Patrimônio Líquido;REAL;MIL;ÚLTIMO;2024-04-01;2025-03-31;Outros Resultados Abrangentes;5.05.01;Lucro Líquido do Período;0.0000000000;S
33.453.598/0001-23;2025-03-31;1;RAÍZEN S.A.;025917;DF Individual - Demonstração das Mutações do Patrimônio Líquido;REAL;MIL;PENÚLTIMO;2023-04-01;2024-03-31;Patrimônio Líquido;5.05.01;Lucro Líquido do Período;520715.0000000000;S
33.453.598/0001-23;2025-03-31;1;RAÍZEN S.A.;025917;DF Individual - Demonstração das Mutações do Patrimônio Líquido;REAL;MIL;ÚLTIMO;2024-04-01;2025-03-31;Patrimônio Líquido;5.05.01;Lucro Líquido do Período;-4256528.0000000000;S
33.453.598/0001-23;2025-03-31;1;RAÍZEN S.A.;025917;DF Individual - Demonstração das Mutações do Patrimônio Líquido;REAL;MIL;PENÚLTIMO;2023-04-01;2024-03-31;Capital Social Integralizado;5.05.02;Outros Resultados Abrangentes;0.0000000000;S
33.453.598/0001-23;2025-03-31;1;RAÍZEN S.A.;025917;DF Individual - Demonstração das Mutações do Patrimônio Líquido;REAL;MIL;ÚLTIMO;2024-04-01;2025-03-31;Capital Social Integralizado;5.05.02;Outros Resultados Abrangentes;0.0000000000;S
33.453.598/0001-23;2025-03-31;1;RAÍZEN S.A.;025917;DF Individual - Demonstração das Mutações do Patrimônio Líquido;REAL;MIL;PENÚLTIMO;2023-04-01;2024-03-31;Reservas de Capital, Opções Outorgadas e Ações em Tesouraria;5.05.02;Outros Resultados Abrangentes;0.0000000000;S
33.453.598/0001-23;2025-03-31;1;RAÍZEN S.A.;025917;DF Individual - Demonstração das Mutações do Patrimônio Líquido;REAL;MIL;ÚLTIMO;2024-04-01;2025-03-31;Reservas de Capital, Opções Outorgadas e Ações em Tesouraria;5.05.02;Outros Resultados Abrangentes;0.0000000000;S
33.453.598/0001-23;2025-03-31;1;RAÍZEN S.A.;025917;DF Individual - Demonstração das Mutações do Patrimônio Líquido;REAL;MIL;PENÚLTIMO;2023-04-01;2024-03-31;Reservas de Lucro;5.05.02;Outros Resultados Abrangentes;0.0000000000;S
33.453.598/0001-23;2025-03-31;1;RAÍZEN S.A.;025917;DF Individual - Demonstração das Mutações do Patrimônio Líquido;REAL;MIL;ÚLTIMO;2024-04-01;2025-03-31;Reservas de Lucro;5.05.02;Outros Resultados Abrangentes;0.0000000000;S
33.453.598/0001-23;2025-03-31;1;RAÍZEN S.A.;025917;DF Individual - Demonstração das Mutações do Patrimônio Líquido;REAL;MIL;PENÚLTIMO;2023-04-01;2024-03-31;Lucros ou Prejuízos Acumulados;5.05.02;Outros Resultados Abrangentes;0.0000000000;S
33.453.598/0001-23;2025-03-31;1;RAÍZEN S.A.;025917;DF Individual - Demonstração das Mutações do Patrimônio Líquido;REAL;MIL;ÚLTIMO;2024-04-01;2025-03-31;Lucros ou Prejuízos Acumulados;5.05.02;Outros Resultados Abrangentes;0.0000000000;S
33.453.598/0001-23;2025-03-31;1;RAÍZEN S.A.;025917;DF Individual - Demonstração das Mutações do Patrimônio Líquido;REAL;MIL;PENÚLTIMO;2023-04-01;2024-03-31;Outros Resultados Abrangentes;5.05.02;Outros Resultados Abrangentes;469030.0000000000;S
33.453.598/0001-23;2025-03-31;1;RAÍZEN S.A.;025917;DF Individual - Demonstração das Mutações do Patrimônio Líquido;REAL;MIL;ÚLTIMO;2024-04-01;2025-03-31;Outros Resultados Abrangentes;5.05.02;Outros Resultados Abrangentes;394856.0000000000;S
33.453.598/0001-23;2025-03-31;1;RAÍZEN S.A.;025917;DF Individual - Demonstração das Mutações do Patrimônio Líquido;REAL;MIL;PENÚLTIMO;2023-04-01;2024-03-31;Patrimônio Líquido;5.05.02;Outros Resultados Abrangentes;469030.0000000000;S
33.453.598/0001-23;2025-03-31;1;RAÍZEN S.A.;025917;DF Individual - Demonstração das Mutações do Patrimônio Líquido;REAL;MIL;ÚLTIMO;2024-04-01;2025-03-31;Patrimônio Líquido;5.05.02;Outros Resultados Abrangentes;394856.0000000000;S
33.453.598/0001-23;2025-03-31;1;RAÍZEN S.A.;025917;DF Individual - Demonstração das Mutações do Patrimônio Líquido;REAL;MIL;PENÚLTIMO;2023-04-01;2024-03-31;Capital Social Integralizado;5.05.02.01;Ajustes de Instrumentos Financeiros;0.0000000000;S
33.453.598/0001-23;2025-03-31;1;RAÍZEN S.A.;025917;DF Individual - Demonstração das Mutações do Patrimônio Líquido;REAL;MIL;ÚLTIMO;2024-04-01;2025-03-31;Capital Social Integralizado;5.05.02.01;Ajustes de Instrumentos Financeiros;0.0000000000;S
33.453.598/0001-23;2025-03-31;1;RAÍZEN S.A.;025917;DF Individual - Demonstração das Mutações do Patrimônio Líquido;REAL;MIL;PENÚLTIMO;2023-04-01;2024-03-31;Reservas de Capital, Opções Outorgadas e Ações em Tesouraria;5.05.02.01;Ajustes de Instrumentos Financeiros;0.0000000000;S
33.453.598/0001-23;2025-03-31;1;RAÍZEN S.A.;025917;DF Individual - Demonstração das Mutações do Patrimônio Líquido;REAL;MIL;ÚLTIMO;2024-04-01;2025-03-31;Reservas de Capital, Opções Outorgadas e Ações em Tesouraria;5.05.02.01;Ajustes de Instrumentos Financeiros;0.0000000000;S
33.453.598/0001-23;2025-03-31;1;RAÍZEN S.A.;025917;DF Individual - Demonstração das Mutações do Patrimônio Líquido;REAL;MIL;PENÚLTIMO;2023-04-01;2024-03-31;Reservas de Lucro;5.05.02.01;Ajustes de Instrumentos Financeiros;0.0000000000;S
33.453.598/0001-23;2025-03-31;1;RAÍZEN S.A.;025917;DF Individual - Demonstração das Mutações do Patrimônio Líquido;REAL;MIL;ÚLTIMO;2024-04-01;2025-03-31;Reservas de Lucro;5.05.02.01;Ajustes de Instrumentos Financeiros;0.0000000000;S
33.453.598/0001-23;2025-03-31;1;RAÍZEN S.A.;025917;DF Individual - Demonstração das Mutações do Patrimônio Líquido;REAL;MIL;PENÚLTIMO;2023-04-01;2024-03-31;Lucros ou Prejuízos Acumulados;5.05.02.01;Ajustes de Instrumentos Financeiros;0.0000000000;S
33.453.598/0001-23;2025-03-31;1;RAÍZEN S.A.;025917;DF Individual - Demonstração das Mutações do Patrimônio Líquido;REAL;MIL;ÚLTIMO;2024-04-01;2025-03-31;Lucros ou Prejuízos Acumulados;5.05.02.01;Ajustes de Instrumentos Financeiros;0.0000000000;S
33.453.598/0001-23;2025-03-31;1;RAÍZEN S.A.;025917;DF Individual - Demonstração das Mutações do Patrimônio Líquido;REAL;MIL;PENÚLTIMO;2023-04-01;2024-03-31;Outros Resultados Abrangentes;5.05.02.01;Ajustes de Instrumentos Financeiros;0.0000000000;S
33.453.598/0001-23;2025-03-31;1;RAÍZEN S.A.;025917;DF Individual - Demonstração das Mutações do Patrimônio Líquido;REAL;MIL;ÚLTIMO;2024-04-01;2025-03-31;Outros Resultados Abrangentes;5.05.02.01;Ajustes de Instrumentos Financeiros;0.0000000000;S
33.453.598/0001-23;2025-03-31;1;RAÍZEN S.A.;025917;DF Individual - Demonstração das Mutações do Patrimônio Líquido;REAL;MIL;PENÚLTIMO;2023-04-01;2024-03-31;Patrimônio Líquido;5.05.02.01;Ajustes de Instrumentos Financeiros;0.0000000000;S
33.453.598/0001-23;2025-03-31;1;RAÍZEN S.A.;025917;DF Individual - Demonstração das Mutações do Patrimônio Líquido;REAL;MIL;ÚLTIMO;2024-04-01;2025-03-31;Patrimônio Líquido;5.05.02.01;Ajustes de Instrumentos Financeiros;0.0000000000;S
33.453.598/0001-23;2025-03-31;1;RAÍZEN S.A.;025917;DF Individual - Demonstração das Mutações do Patrimônio Líquido;REAL;MIL;PENÚLTIMO;2023-04-01;2024-03-31;Capital Social Integralizado;5.05.02.02;Tributos s/ Ajustes Instrumentos Financeiros;0.0000000000;S
33.453.598/0001-23;2025-03-31;1;RAÍZEN S.A.;025917;DF Individual - Demonstração das Mutações do Patrimônio Líquido;REAL;MIL;ÚLTIMO;2024-04-01;2025-03-31;Capital Social Integralizado;5.05.02.02;Tributos s/ Ajustes Instrumentos Financeiros;0.0000000000;S
33.453.598/0001-23;2025-03-31;1;RAÍZEN S.A.;025917;DF Individual - Demonstração das Mutações do Patrimônio Líquido;REAL;MIL;PENÚLTIMO;2023-04-01;2024-03-31;Reservas de Capital, Opções Outorgadas e Ações em Tesouraria;5.05.02.02;Tributos s/ Ajustes Instrumentos Financeiros;0.0000000000;S
33.453.598/0001-23;2025-03-31;1;RAÍZEN S.A.;025917;DF Individual - Demonstração das Mutações do Patrimônio Líquido;REAL;MIL;ÚLTIMO;2024-04-01;2025-03-31;Reservas de Capital, Opções Outorgadas e Ações em Tesouraria;5.05.02.02;Tributos s/ Ajustes Instrumentos Financeiros;0.0000000000;S
33.453.598/0001-23;2025-03-31;1;RAÍZEN S.A.;025917;DF Individual - Demonstração das Mutações do Patrimônio Líquido;REAL;MIL;PENÚLTIMO;2023-04-01;2024-03-31;Reservas de Lucro;5.05.02.02;Tributos s/ Ajustes Instrumentos Financeiros;0.0000000000;S
33.453.598/0001-23;2025-03-31;1;RAÍZEN S.A.;025917;DF Individual - Demonstração das Mutações do Patrimônio Líquido;REAL;MIL;ÚLTIMO;2024-04-01;2025-03-31;Reservas de Lucro;5.05.02.02;Tributos s/ Ajustes Instrumentos Financeiros;0.0000000000;S
33.453.598/0001-23;2025-03-31;1;RAÍZEN S.A.;025917;DF Individual - Demonstração das Mutações do Patrimônio Líquido;REAL;MIL;PENÚLTIMO;2023-04-01;2024-03-31;Lucros ou Prejuízos Acumulados;5.05.02.02;Tributos s/ Ajustes Instrumentos Financeiros;0.0000000000;S
33.453.598/0001-23;2025-03-31;1;RAÍZEN S.A.;025917;DF Individual - Demonstração das Mutações do Patrimônio Líquido;REAL;MIL;ÚLTIMO;2024-04-01;2025-03-31;Lucros ou Prejuízos Acumulados;5.05.02.02;Tributos s/ Ajustes Instrumentos Financeiros;0.0000000000;S
33.453.598/0001-23;2025-03-31;1;RAÍZEN S.A.;025917;DF Individual - Demonstração das Mutações do Patrimônio Líquido;REAL;MIL;PENÚLTIMO;2023-04-01;2024-03-31;Outros Resultados Abrangentes;5.05.02.02;Tributos s/ Ajustes Instrumentos Financeiros;0.0000000000;S
33.453.598/0001-23;2025-03-31;1;RAÍZEN S.A.;025917;DF Individual - Demonstração das Mutações do Patrimônio Líquido;REAL;MIL;ÚLTIMO;2024-04-01;2025-03-31;Outros Resultados Abrangentes;5.05.02.02;Tributos s/ Ajustes Instrumentos Financeiros;0.0000000000;S
33.453.598/0001-23;2025-03-31;1;RAÍZEN S.A.;025917;DF Individual - Demonstração das Mutações do Patrimônio Líquido;REAL;MIL;PENÚLTIMO;2023-04-01;2024-03-31;Patrimônio Líquido;5.05.02.02;Tributos s/ Ajustes Instrumentos Financeiros;0.0000000000;S
33.453.598/0001-23;2025-03-31;1;RAÍZEN S.A.;025917;DF Individual - Demonstração das Mutações do Patrimônio Líquido;REAL;MIL;ÚLTIMO;2024-04-01;2025-03-31;Patrimônio Líquido;5.05.02.02;Tributos s/ Ajustes Instrumentos Financeiros;0.0000000000;S
33.453.598/0001-23;2025-03-31;1;RAÍZEN S.A.;025917;DF Individual - Demonstração das Mutações do Patrimônio Líquido;REAL;MIL;PENÚLTIMO;2023-04-01;2024-03-31;Capital Social Integralizado;5.05.02.03;Equiv. Patrim. s/Result. Abrang. Controladas e Coligadas;0.0000000000;S
33.453.598/0001-23;2025-03-31;1;RAÍZEN S.A.;025917;DF Individual - Demonstração das Mutações do Patrimônio Líquido;REAL;MIL;ÚLTIMO;2024-04-01;2025-03-31;Capital Social Integralizado;5.05.02.03;Equiv. Patrim. s/Result. Abrang. Controladas e Coligadas;0.0000000000;S
33.453.598/0001-23;2025-03-31;1;RAÍZEN S.A.;025917;DF Individual - Demonstração das Mutações do Patrimônio Líquido;REAL;MIL;PENÚLTIMO;2023-04-01;2024-03-31;Reservas de Capital, Opções Outorgadas e Ações em Tesouraria;5.05.02.03;Equiv. Patrim. s/Result. Abrang. Controladas e Coligadas;0.0000000000;S
33.453.598/0001-23;2025-03-31;1;RAÍZEN S.A.;025917;DF Individual - Demonstração das Mutações do Patrimônio Líquido;REAL;MIL;ÚLTIMO;2024-04-01;2025-03-31;Reservas de Capital, Opções Outorgadas e Ações em Tesouraria;5.05.02.03;Equiv. Patrim. s/Result. Abrang. Controladas e Coligadas;0.0000000000;S
33.453.598/0001-23;2025-03-31;1;RAÍZEN S.A.;025917;DF Individual - Demonstração das Mutações do Patrimônio Líquido;REAL;MIL;PENÚLTIMO;2023-04-01;2024-03-31;Reservas de Lucro;5.05.02.03;Equiv. Patrim. s/Result. Abrang. Controladas e Coligadas;0.0000000000;S
33.453.598/0001-23;2025-03-31;1;RAÍZEN S.A.;025917;DF Individual - Demonstração das Mutações do Patrimônio Líquido;REAL;MIL;ÚLTIMO;2024-04-01;2025-03-31;Reservas de Lucro;5.05.02.03;Equiv. Patrim. s/Result. Abrang. Controladas e Coligadas;0.0000000000;S
33.453.598/0001-23;2025-03-31;1;RAÍZEN S.A.;025917;DF Individual - Demonstração das Mutações do Patrimônio Líquido;REAL;MIL;PENÚLTIMO;2023-04-01;2024-03-31;Lucros ou Prejuízos Acumulados;5.05.02.03;Equiv. Patrim. s/Result. Abrang. Controladas e Coligadas;0.0000000000;S
33.453.598/0001-23;2025-03-31;1;RAÍZEN S.A.;025917;DF Individual - Demonstração das Mutações do Patrimônio Líquido;REAL;MIL;ÚLTIMO;2024-04-01;2025-03-31;Lucros ou Prejuízos Acumulados;5.05.02.03;Equiv. Patrim. s/Result. Abrang. Controladas e Coligadas;0.0000000000;S
33.453.598/0001-23;2025-03-31;1;RAÍZEN S.A.;025917;DF Individual - Demonstração das Mutações do Patrimônio Líquido;REAL;MIL;PENÚLTIMO;2023-04-01;2024-03-31;Outros Resultados Abrangentes;5.05.02.03;Equiv. Patrim. s/Result. Abrang. Controladas e Coligadas;559134.0000000000;S
33.453.598/0001-23;2025-03-31;1;RAÍZEN S.A.;025917;DF Individual - Demonstração das Mutações do Patrimônio Líquido;REAL;MIL;ÚLTIMO;2024-04-01;2025-03-31;Outros Resultados Abrangentes;5.05.02.03;Equiv. Patrim. s/Result. Abrang. Controladas e Coligadas;-302324.0000000000;S
33.453.598/0001-23;2025-03-31;1;RAÍZEN S.A.;025917;DF Individual - Demonstração das Mutações do Patrimônio Líquido;REAL;MIL;PENÚLTIMO;2023-04-01;2024-03-31;Patrimônio Líquido;5.05.02.03;Equiv. Patrim. s/Result. Abrang. Controladas e Coligadas;559134.0000000000;S
33.453.598/0001-23;2025-03-31;1;RAÍZEN S.A.;025917;DF Individual - Demonstração das Mutações do Patrimônio Líquido;REAL;MIL;ÚLTIMO;2024-04-01;2025-03-31;Patrimônio Líquido;5.05.02.03;Equiv. Patrim. s/Result. Abrang. Controladas e Coligadas;-302324.0000000000;S
33.453.598/0001-23;2025-03-31;1;RAÍZEN S.A.;025917;DF Individual - Demonstração das Mutações do Patrimônio Líquido;REAL;MIL;PENÚLTIMO;2023-04-01;2024-03-31;Capital Social Integralizado;5.05.02.04;Ajustes de Conversão do Período;0.0000000000;S
33.453.598/0001-23;2025-03-31;1;RAÍZEN S.A.;025917;DF Individual - Demonstração das Mutações do Patrimônio Líquido;REAL;MIL;ÚLTIMO;2024-04-01;2025-03-31;Capital Social Integralizado;5.05.02.04;Ajustes de Conversão do Período;0.0000000000;S
33.453.598/0001-23;2025-03-31;1;RAÍZEN S.A.;025917;DF Individual - Demonstração das Mutações do Patrimônio Líquido;REAL;MIL;PENÚLTIMO;2023-04-01;2024-03-31;Reservas de Capital, Opções Outorgadas e Ações em Tesouraria;5.05.02.04;Ajustes de Conversão do Período;0.0000000000;S
33.453.598/0001-23;2025-03-31;1;RAÍZEN S.A.;025917;DF Individual - Demonstração das Mutações do Patrimônio Líquido;REAL;MIL;ÚLTIMO;2024-04-01;2025-03-31;Reservas de Capital, Opções Outorgadas e Ações em Tesouraria;5.05.02.04;Ajustes de Conversão do Período;0.0000000000;S
33.453.598/0001-23;2025-03-31;1;RAÍZEN S.A.;025917;DF Individual - Demonstração das Mutações do Patrimônio Líquido;REAL;MIL;PENÚLTIMO;2023-04-01;2024-03-31;Reservas de Lucro;5.05.02.04;Ajustes de Conversão do Período;0.0000000000;S
33.453.598/0001-23;2025-03-31;1;RAÍZEN S.A.;025917;DF Individual - Demonstração das Mutações do Patrimônio Líquido;REAL;MIL;ÚLTIMO;2024-04-01;2025-03-31;Reservas de Lucro;5.05.02.04;Ajustes de Conversão do Período;0.0000000000;S
33.453.598/0001-23;2025-03-31;1;RAÍZEN S.A.;025917;DF Individual - Demonstração das Mutações do Patrimônio Líquido;REAL;MIL;PENÚLTIMO;2023-04-01;2024-03-31;Lucros ou Prejuízos Acumulados;5.05.02.04;Ajustes de Conversão do Período;0.0000000000;S
33.453.598/0001-23;2025-03-31;1;RAÍZEN S.A.;025917;DF Individual - Demonstração das Mutações do Patrimônio Líquido;REAL;MIL;ÚLTIMO;2024-04-01;2025-03-31;Lucros ou Prejuízos Acumulados;5.05.02.04;Ajustes de Conversão do Período;0.0000000000;S
33.453.598/0001-23;2025-03-31;1;RAÍZEN S.A.;025917;DF Individual - Demonstração das Mutações do Patrimônio Líquido;REAL;MIL;PENÚLTIMO;2023-04-01;2024-03-31;Outros Resultados Abrangentes;5.05.02.04;Ajustes de Conversão do Período;-82599.0000000000;S
33.453.598/0001-23;2025-03-31;1;RAÍZEN S.A.;025917;DF Individual - Demonstração das Mutações do Patrimônio Líquido;REAL;MIL;ÚLTIMO;2024-04-01;2025-03-31;Outros Resultados Abrangentes;5.05.02.04;Ajustes de Conversão do Período;704710.0000000000;S
33.453.598/0001-23;2025-03-31;1;RAÍZEN S.A.;025917;DF Individual - Demonstração das Mutações do Patrimônio Líquido;REAL;MIL;PENÚLTIMO;2023-04-01;2024-03-31;Patrimônio Líquido;5.05.02.04;Ajustes de Conversão do Período;-82599.0000000000;S
33.453.598/0001-23;2025-03-31;1;RAÍZEN S.A.;025917;DF Individual - Demonstração das Mutações do Patrimônio Líquido;REAL;MIL;ÚLTIMO;2024-04-01;2025-03-31;Patrimônio Líquido;5.05.02.04;Ajustes de Conversão do Período;704710.0000000000;S
33.453.598/0001-23;2025-03-31;1;RAÍZEN S.A.;025917;DF Individual - Demonstração das Mutações do Patrimônio Líquido;REAL;MIL;PENÚLTIMO;2023-04-01;2024-03-31;Capital Social Integralizado;5.05.02.05;Tributos s/ Ajustes de Conversão do Período;0.0000000000;S
33.453.598/0001-23;2025-03-31;1;RAÍZEN S.A.;025917;DF Individual - Demonstração das Mutações do Patrimônio Líquido;REAL;MIL;ÚLTIMO;2024-04-01;2025-03-31;Capital Social Integralizado;5.05.02.05;Tributos s/ Ajustes de Conversão do Período;0.0000000000;S
33.453.598/0001-23;2025-03-31;1;RAÍZEN S.A.;025917;DF Individual - Demonstração das Mutações do Patrimônio Líquido;REAL;MIL;PENÚLTIMO;2023-04-01;2024-03-31;Reservas de Capital, Opções Outorgadas e Ações em Tesouraria;5.05.02.05;Tributos s/ Ajustes de Conversão do Período;0.0000000000;S
33.453.598/0001-23;2025-03-31;1;RAÍZEN S.A.;025917;DF Individual - Demonstração das Mutações do Patrimônio Líquido;REAL;MIL;ÚLTIMO;2024-04-01;2025-03-31;Reservas de Capital, Opções Outorgadas e Ações em Tesouraria;5.05.02.05;Tributos s/ Ajustes de Conversão do Período;0.0000000000;S
33.453.598/0001-23;2025-03-31;1;RAÍZEN S.A.;025917;DF Individual - Demonstração das Mutações do Patrimônio Líquido;REAL;MIL;PENÚLTIMO;2023-04-01;2024-03-31;Reservas de Lucro;5.05.02.05;Tributos s/ Ajustes de Conversão do Período;0.0000000000;S
33.453.598/0001-23;2025-03-31;1;RAÍZEN S.A.;025917;DF Individual - Demonstração das Mutações do Patrimônio Líquido;REAL;MIL;ÚLTIMO;2024-04-01;2025-03-31;Reservas de Lucro;5.05.02.05;Tributos s/ Ajustes de Conversão do Período;0.0000000000;S
33.453.598/0001-23;2025-03-31;1;RAÍZEN S.A.;025917;DF Individual - Demonstração das Mutações do Patrimônio Líquido;REAL;MIL;PENÚLTIMO;2023-04-01;2024-03-31;Lucros ou Prejuízos Acumulados;5.05.02.05;Tributos s/ Ajustes de Conversão do Período;0.0000000000;S
33.453.598/0001-23;2025-03-31;1;RAÍZEN S.A.;025917;DF Individual - Demonstração das Mutações do Patrimônio Líquido;REAL;MIL;ÚLTIMO;2024-04-01;2025-03-31;Lucros ou Prejuízos Acumulados;5.05.02.05;Tributos s/ Ajustes de Conversão do Período;0.0000000000;S
33.453.598/0001-23;2025-03-31;1;RAÍZEN S.A.;025917;DF Individual - Demonstração das Mutações do Patrimônio Líquido;REAL;MIL;PENÚLTIMO;2023-04-01;2024-03-31;Outros Resultados Abrangentes;5.05.02.05;Tributos s/ Ajustes de Conversão do Período;0.0000000000;S
33.453.598/0001-23;2025-03-31;1;RAÍZEN S.A.;025917;DF Individual - Demonstração das Mutações do Patrimônio Líquido;REAL;MIL;ÚLTIMO;2024-04-01;2025-03-31;Outros Resultados Abrangentes;5.05.02.05;Tributos s/ Ajustes de Conversão do Período;0.0000000000;S
33.453.598/0001-23;2025-03-31;1;RAÍZEN S.A.;025917;DF Individual - Demonstração das Mutações do Patrimônio Líquido;REAL;MIL;PENÚLTIMO;2023-04-01;2024-03-31;Patrimônio Líquido;5.05.02.05;Tributos s/ Ajustes de Conversão do Período;0.0000000000;S
33.453.598/0001-23;2025-03-31;1;RAÍZEN S.A.;025917;DF Individual - Demonstração das Mutações do Patrimônio Líquido;REAL;MIL;ÚLTIMO;2024-04-01;2025-03-31;Patrimônio Líquido;5.05.02.05;Tributos s/ Ajustes de Conversão do Período;0.0000000000;S
33.453.598/0001-23;2025-03-31;1;RAÍZEN S.A.;025917;DF Individual - Demonstração das Mutações do Patrimônio Líquido;REAL;MIL;PENÚLTIMO;2023-04-01;2024-03-31;Capital Social Integralizado;5.05.02.06;Resultado com instrumentos financeiros designados como hedge accounting;0.0000000000;N
33.453.598/0001-23;2025-03-31;1;RAÍZEN S.A.;025917;DF Individual - Demonstração das Mutações do Patrimônio Líquido;REAL;MIL;ÚLTIMO;2024-04-01;2025-03-31;Capital Social Integralizado;5.05.02.06;Resultado com instrumentos financeiros designados como hedge accounting;0.0000000000;N
33.453.598/0001-23;2025-03-31;1;RAÍZEN S.A.;025917;DF Individual - Demonstração das Mutações do Patrimônio Líquido;REAL;MIL;PENÚLTIMO;2023-04-01;2024-03-31;Reservas de Capital, Opções Outorgadas e Ações em Tesouraria;5.05.02.06;Resultado com instrumentos financeiros designados como hedge accounting;0.0000000000;N
33.453.598/0001-23;2025-03-31;1;RAÍZEN S.A.;025917;DF Individual - Demonstração das Mutações do Patrimônio Líquido;REAL;MIL;ÚLTIMO;2024-04-01;2025-03-31;Reservas de Capital, Opções Outorgadas e Ações em Tesouraria;5.05.02.06;Resultado com instrumentos financeiros designados como hedge accounting;0.0000000000;N
33.453.598/0001-23;2025-03-31;1;RAÍZEN S.A.;025917;DF Individual - Demonstração das Mutações do Patrimônio Líquido;REAL;MIL;PENÚLTIMO;2023-04-01;2024-03-31;Reservas de Lucro;5.05.02.06;Resultado com instrumentos financeiros designados como hedge accounting;0.0000000000;N
33.453.598/0001-23;2025-03-31;1;RAÍZEN S.A.;025917;DF Individual - Demonstração das Mutações do Patrimônio Líquido;REAL;MIL;ÚLTIMO;2024-04-01;2025-03-31;Reservas de Lucro;5.05.02.06;Resultado com instrumentos financeiros designados como hedge accounting;0.0000000000;N
33.453.598/0001-23;2025-03-31;1;RAÍZEN S.A.;025917;DF Individual - Demonstração das Mutações do Patrimônio Líquido;REAL;MIL;PENÚLTIMO;2023-04-01;2024-03-31;Lucros ou Prejuízos Acumulados;5.05.02.06;Resultado com instrumentos financeiros designados como hedge accounting;0.0000000000;N
33.453.598/0001-23;2025-03-31;1;RAÍZEN S.A.;025917;DF Individual - Demonstração das Mutações do Patrimônio Líquido;REAL;MIL;ÚLTIMO;2024-04-01;2025-03-31;Lucros ou Prejuízos Acumulados;5.05.02.06;Resultado com instrumentos financeiros designados como hedge accounting;0.0000000000;N
33.453.598/0001-23;2025-03-31;1;RAÍZEN S.A.;025917;DF Individual - Demonstração das Mutações do Patrimônio Líquido;REAL;MIL;PENÚLTIMO;2023-04-01;2024-03-31;Outros Resultados Abrangentes;5.05.02.06;Resultado com instrumentos financeiros designados como hedge accounting;-7505.0000000000;N
33.453.598/0001-23;2025-03-31;1;RAÍZEN S.A.;025917;DF Individual - Demonstração das Mutações do Patrimônio Líquido;REAL;MIL;ÚLTIMO;2024-04-01;2025-03-31;Outros Resultados Abrangentes;5.05.02.06;Resultado com instrumentos financeiros designados como hedge accounting;-7530.0000000000;N
33.453.598/0001-23;2025-03-31;1;RAÍZEN S.A.;025917;DF Individual - Demonstração das Mutações do Patrimônio Líquido;REAL;MIL;PENÚLTIMO;2023-04-01;2024-03-31;Patrimônio Líquido;5.05.02.06;Resultado com instrumentos financeiros designados como hedge accounting;-7505.0000000000;N
33.453.598/0001-23;2025-03-31;1;RAÍZEN S.A.;025917;DF Individual - Demonstração das Mutações do Patrimônio Líquido;REAL;MIL;ÚLTIMO;2024-04-01;2025-03-31;Patrimônio Líquido;5.05.02.06;Resultado com instrumentos financeiros designados como hedge accounting;-7530.0000000000;N
33.453.598/0001-23;2025-03-31;1;RAÍZEN S.A.;025917;DF Individual - Demonstração das Mutações do Patrimônio Líquido;REAL;MIL;PENÚLTIMO;2023-04-01;2024-03-31;Capital Social Integralizado;5.05.03;Reclassificações para o Resultado;0.0000000000;S
33.453.598/0001-23;2025-03-31;1;RAÍZEN S.A.;025917;DF Individual - Demonstração das Mutações do Patrimônio Líquido;REAL;MIL;ÚLTIMO;2024-04-01;2025-03-31;Capital Social Integralizado;5.05.03;Reclassificações para o Resultado;0.0000000000;S
33.453.598/0001-23;2025-03-31;1;RAÍZEN S.A.;025917;DF Individual - Demonstração das Mutações do Patrimônio Líquido;REAL;MIL;PENÚLTIMO;2023-04-01;2024-03-31;Reservas de Capital, Opções Outorgadas e Ações em Tesouraria;5.05.03;Reclassificações para o Resultado;0.0000000000;S
33.453.598/0001-23;2025-03-31;1;RAÍZEN S.A.;025917;DF Individual - Demonstração das Mutações do Patrimônio Líquido;REAL;MIL;ÚLTIMO;2024-04-01;2025-03-31;Reservas de Capital, Opções Outorgadas e Ações em Tesouraria;5.05.03;Reclassificações para o Resultado;0.0000000000;S
33.453.598/0001-23;2025-03-31;1;RAÍZEN S.A.;025917;DF Individual - Demonstração das Mutações do Patrimônio Líquido;REAL;MIL;PENÚLTIMO;2023-04-01;2024-03-31;Reservas de Lucro;5.05.03;Reclassificações para o Resultado;0.0000000000;S
33.453.598/0001-23;2025-03-31;1;RAÍZEN S.A.;025917;DF Individual - Demonstração das Mutações do Patrimônio Líquido;REAL;MIL;ÚLTIMO;2024-04-01;2025-03-31;Reservas de Lucro;5.05.03;Reclassificações para o Resultado;0.0000000000;S
33.453.598/0001-23;2025-03-31;1;RAÍZEN S.A.;025917;DF Individual - Demonstração das Mutações do Patrimônio Líquido;REAL;MIL;PENÚLTIMO;2023-04-01;2024-03-31;Lucros ou Prejuízos Acumulados;5.05.03;Reclassificações para o Resultado;0.0000000000;S
33.453.598/0001-23;2025-03-31;1;RAÍZEN S.A.;025917;DF Individual - Demonstração das Mutações do Patrimônio Líquido;REAL;MIL;ÚLTIMO;2024-04-01;2025-03-31;Lucros ou Prejuízos Acumulados;5.05.03;Reclassificações para o Resultado;0.0000000000;S
33.453.598/0001-23;2025-03-31;1;RAÍZEN S.A.;025917;DF Individual - Demonstração das Mutações do Patrimônio Líquido;REAL;MIL;PENÚLTIMO;2023-04-01;2024-03-31;Outros Resultados Abrangentes;5.05.03;Reclassificações para o Resultado;0.0000000000;S
33.453.598/0001-23;2025-03-31;1;RAÍZEN S.A.;025917;DF Individual - Demonstração das Mutações do Patrimônio Líquido;REAL;MIL;ÚLTIMO;2024-04-01;2025-03-31;Outros Resultados Abrangentes;5.05.03;Reclassificações para o Resultado;0.0000000000;S
33.453.598/0001-23;2025-03-31;1;RAÍZEN S.A.;025917;DF Individual - Demonstração das Mutações do Patrimônio Líquido;REAL;MIL;PENÚLTIMO;2023-04-01;2024-03-31;Patrimônio Líquido;5.05.03;Reclassificações para o Resultado;0.0000000000;S
33.453.598/0001-23;2025-03-31;1;RAÍZEN S.A.;025917;DF Individual - Demonstração das Mutações do Patrimônio Líquido;REAL;MIL;ÚLTIMO;2024-04-01;2025-03-31;Patrimônio Líquido;5.05.03;Reclassificações para o Resultado;0.0000000000;S
33.453.598/0001-23;2025-03-31;1;RAÍZEN S.A.;025917;DF Individual - Demonstração das Mutações do Patrimônio Líquido;REAL;MIL;PENÚLTIMO;2023-04-01;2024-03-31;Capital Social Integralizado;5.05.03.01;Ajustes de Instrumentos Financeiros;0.0000000000;S
33.453.598/0001-23;2025-03-31;1;RAÍZEN S.A.;025917;DF Individual - Demonstração das Mutações do Patrimônio Líquido;REAL;MIL;ÚLTIMO;2024-04-01;2025-03-31;Capital Social Integralizado;5.05.03.01;Ajustes de Instrumentos Financeiros;0.0000000000;S
33.453.598/0001-23;2025-03-31;1;RAÍZEN S.A.;025917;DF Individual - Demonstração das Mutações do Patrimônio Líquido;REAL;MIL;PENÚLTIMO;2023-04-01;2024-03-31;Reservas de Capital, Opções Outorgadas e Ações em Tesouraria;5.05.03.01;Ajustes de Instrumentos Financeiros;0.0000000000;S
33.453.598/0001-23;2025-03-31;1;RAÍZEN S.A.;025917;DF Individual - Demonstração das Mutações do Patrimônio Líquido;REAL;MIL;ÚLTIMO;2024-04-01;2025-03-31;Reservas de Capital, Opções Outorgadas e Ações em Tesouraria;5.05.03.01;Ajustes de Instrumentos Financeiros;0.0000000000;S
33.453.598/0001-23;2025-03-31;1;RAÍZEN S.A.;025917;DF Individual - Demonstração das Mutações do Patrimônio Líquido;REAL;MIL;PENÚLTIMO;2023-04-01;2024-03-31;Reservas de Lucro;5.05.03.01;Ajustes de Instrumentos Financeiros;0.0000000000;S
33.453.598/0001-23;2025-03-31;1;RAÍZEN S.A.;025917;DF Individual - Demonstração das Mutações do Patrimônio Líquido;REAL;MIL;ÚLTIMO;2024-04-01;2025-03-31;Reservas de Lucro;5.05.03.01;Ajustes de Instrumentos Financeiros;0.0000000000;S
33.453.598/0001-23;2025-03-31;1;RAÍZEN S.A.;025917;DF Individual - Demonstração das Mutações do Patrimônio Líquido;REAL;MIL;PENÚLTIMO;2023-04-01;2024-03-31;Lucros ou Prejuízos Acumulados;5.05.03.01;Ajustes de Instrumentos Financeiros;0.0000000000;S
33.453.598/0001-23;2025-03-31;1;RAÍZEN S.A.;025917;DF Individual - Demonstração das Mutações do Patrimônio Líquido;REAL;MIL;ÚLTIMO;2024-04-01;2025-03-31;Lucros ou Prejuízos Acumulados;5.05.03.01;Ajustes de Instrumentos Financeiros;0.0000000000;S
33.453.598/0001-23;2025-03-31;1;RAÍZEN S.A.;025917;DF Individual - Demonstração das Mutações do Patrimônio Líquido;REAL;MIL;PENÚLTIMO;2023-04-01;2024-03-31;Outros Resultados Abrangentes;5.05.03.01;Ajustes de Instrumentos Financeiros;0.0000000000;S
33.453.598/0001-23;2025-03-31;1;RAÍZEN S.A.;025917;DF Individual - Demonstração das Mutações do Patrimônio Líquido;REAL;MIL;ÚLTIMO;2024-04-01;2025-03-31;Outros Resultados Abrangentes;5.05.03.01;Ajustes de Instrumentos Financeiros;0.0000000000;S
33.453.598/0001-23;2025-03-31;1;RAÍZEN S.A.;025917;DF Individual - Demonstração das Mutações do Patrimônio Líquido;REAL;MIL;PENÚLTIMO;2023-04-01;2024-03-31;Patrimônio Líquido;5.05.03.01;Ajustes de Instrumentos Financeiros;0.0000000000;S
33.453.598/0001-23;2025-03-31;1;RAÍZEN S.A.;025917;DF Individual - Demonstração das Mutações do Patrimônio Líquido;REAL;MIL;ÚLTIMO;2024-04-01;2025-03-31;Patrimônio Líquido;5.05.03.01;Ajustes de Instrumentos Financeiros;0.0000000000;S
33.453.598/0001-23;2025-03-31;1;RAÍZEN S.A.;025917;DF Individual - Demonstração das Mutações do Patrimônio Líquido;REAL;MIL;PENÚLTIMO;2023-04-01;2024-03-31;Capital Social Integralizado;5.06;Mutações Internas do Patrimônio Líquido;0.0000000000;S
33.453.598/0001-23;2025-03-31;1;RAÍZEN S.A.;025917;DF Individual - Demonstração das Mutações do Patrimônio Líquido;REAL;MIL;ÚLTIMO;2024-04-01;2025-03-31;Capital Social Integralizado;5.06;Mutações Internas do Patrimônio Líquido;0.0000000000;S
33.453.598/0001-23;2025-03-31;1;RAÍZEN S.A.;025917;DF Individual - Demonstração das Mutações do Patrimônio Líquido;REAL;MIL;PENÚLTIMO;2023-04-01;2024-03-31;Reservas de Capital, Opções Outorgadas e Ações em Tesouraria;5.06;Mutações Internas do Patrimônio Líquido;0.0000000000;S
33.453.598/0001-23;2025-03-31;1;RAÍZEN S.A.;025917;DF Individual - Demonstração das Mutações do Patrimônio Líquido;REAL;MIL;ÚLTIMO;2024-04-01;2025-03-31;Reservas de Capital, Opções Outorgadas e Ações em Tesouraria;5.06;Mutações Internas do Patrimônio Líquido;-2957542.0000000000;S
33.453.598/0001-23;2025-03-31;1;RAÍZEN S.A.;025917;DF Individual - Demonstração das Mutações do Patrimônio Líquido;REAL;MIL;PENÚLTIMO;2023-04-01;2024-03-31;Reservas de Lucro;5.06;Mutações Internas do Patrimônio Líquido;417227.0000000000;S
33.453.598/0001-23;2025-03-31;1;RAÍZEN S.A.;025917;DF Individual - Demonstração das Mutações do Patrimônio Líquido;REAL;MIL;ÚLTIMO;2024-04-01;2025-03-31;Reservas de Lucro;5.06;Mutações Internas do Patrimônio Líquido;-1298986.0000000000;S
33.453.598/0001-23;2025-03-31;1;RAÍZEN S.A.;025917;DF Individual - Demonstração das Mutações do Patrimônio Líquido;REAL;MIL;PENÚLTIMO;2023-04-01;2024-03-31;Lucros ou Prejuízos Acumulados;5.06;Mutações Internas do Patrimônio Líquido;-417227.0000000000;S
33.453.598/0001-23;2025-03-31;1;RAÍZEN S.A.;025917;DF Individual - Demonstração das Mutações do Patrimônio Líquido;REAL;MIL;ÚLTIMO;2024-04-01;2025-03-31;Lucros ou Prejuízos Acumulados;5.06;Mutações Internas do Patrimônio Líquido;4256528.0000000000;S
33.453.598/0001-23;2025-03-31;1;RAÍZEN S.A.;025917;DF Individual - Demonstração das Mutações do Patrimônio Líquido;REAL;MIL;PENÚLTIMO;2023-04-01;2024-03-31;Outros Resultados Abrangentes;5.06;Mutações Internas do Patrimônio Líquido;0.0000000000;S
33.453.598/0001-23;2025-03-31;1;RAÍZEN S.A.;025917;DF Individual - Demonstração das Mutações do Patrimônio Líquido;REAL;MIL;ÚLTIMO;2024-04-01;2025-03-31;Outros Resultados Abrangentes;5.06;Mutações Internas do Patrimônio Líquido;0.0000000000;S
33.453.598/0001-23;2025-03-31;1;RAÍZEN S.A.;025917;DF Individual - Demonstração das Mutações do Patrimônio Líquido;REAL;MIL;PENÚLTIMO;2023-04-01;2024-03-31;Patrimônio Líquido;5.06;Mutações Internas do Patrimônio Líquido;0.0000000000;S
33.453.598/0001-23;2025-03-31;1;RAÍZEN S.A.;025917;DF Individual - Demonstração das Mutações do Patrimônio Líquido;REAL;MIL;ÚLTIMO;2024-04-01;2025-03-31;Patrimônio Líquido;5.06;Mutações Internas do Patrimônio Líquido;0.0000000000;S
33.453.598/0001-23;2025-03-31;1;RAÍZEN S.A.;025917;DF Individual - Demonstração das Mutações do Patrimônio Líquido;REAL;MIL;PENÚLTIMO;2023-04-01;2024-03-31;Capital Social Integralizado;5.06.01;Constituição de Reservas;0.0000000000;S
33.453.598/0001-23;2025-03-31;1;RAÍZEN S.A.;025917;DF Individual - Demonstração das Mutações do Patrimônio Líquido;REAL;MIL;ÚLTIMO;2024-04-01;2025-03-31;Capital Social Integralizado;5.06.01;Constituição de Reservas;0.0000000000;S
33.453.598/0001-23;2025-03-31;1;RAÍZEN S.A.;025917;DF Individual - Demonstração das Mutações do Patrimônio Líquido;REAL;MIL;PENÚLTIMO;2023-04-01;2024-03-31;Reservas de Capital, Opções Outorgadas e Ações em Tesouraria;5.06.01;Constituição de Reservas;0.0000000000;S
33.453.598/0001-23;2025-03-31;1;RAÍZEN S.A.;025917;DF Individual - Demonstração das Mutações do Patrimônio Líquido;REAL;MIL;ÚLTIMO;2024-04-01;2025-03-31;Reservas de Capital, Opções Outorgadas e Ações em Tesouraria;5.06.01;Constituição de Reservas;0.0000000000;S
33.453.598/0001-23;2025-03-31;1;RAÍZEN S.A.;025917;DF Individual - Demonstração das Mutações do Patrimônio Líquido;REAL;MIL;PENÚLTIMO;2023-04-01;2024-03-31;Reservas de Lucro;5.06.01;Constituição de Reservas;417227.0000000000;S
33.453.598/0001-23;2025-03-31;1;RAÍZEN S.A.;025917;DF Individual - Demonstração das Mutações do Patrimônio Líquido;REAL;MIL;ÚLTIMO;2024-04-01;2025-03-31;Reservas de Lucro;5.06.01;Constituição de Reservas;0.0000000000;S
33.453.598/0001-23;2025-03-31;1;RAÍZEN S.A.;025917;DF Individual - Demonstração das Mutações do Patrimônio Líquido;REAL;MIL;PENÚLTIMO;2023-04-01;2024-03-31;Lucros ou Prejuízos Acumulados;5.06.01;Constituição de Reservas;-417227.0000000000;S
33.453.598/0001-23;2025-03-31;1;RAÍZEN S.A.;025917;DF Individual - Demonstração das Mutações do Patrimônio Líquido;REAL;MIL;ÚLTIMO;2024-04-01;2025-03-31;Lucros ou Prejuízos Acumulados;5.06.01;Constituição de Reservas;0.0000000000;S
33.453.598/0001-23;2025-03-31;1;RAÍZEN S.A.;025917;DF Individual - Demonstração das Mutações do Patrimônio Líquido;REAL;MIL;PENÚLTIMO;2023-04-01;2024-03-31;Outros Resultados Abrangentes;5.06.01;Constituição de Reservas;0.0000000000;S
33.453.598/0001-23;2025-03-31;1;RAÍZEN S.A.;025917;DF Individual - Demonstração das Mutações do Patrimônio Líquido;REAL;MIL;ÚLTIMO;2024-04-01;2025-03-31;Outros Resultados Abrangentes;5.06.01;Constituição de Reservas;0.0000000000;S
33.453.598/0001-23;2025-03-31;1;RAÍZEN S.A.;025917;DF Individual - Demonstração das Mutações do Patrimônio Líquido;REAL;MIL;PENÚLTIMO;2023-04-01;2024-03-31;Patrimônio Líquido;5.06.01;Constituição de Reservas;0.0000000000;S
33.453.598/0001-23;2025-03-31;1;RAÍZEN S.A.;025917;DF Individual - Demonstração das Mutações do Patrimônio Líquido;REAL;MIL;ÚLTIMO;2024-04-01;2025-03-31;Patrimônio Líquido;5.06.01;Constituição de Reservas;0.0000000000;S
33.453.598/0001-23;2025-03-31;1;RAÍZEN S.A.;025917;DF Individual - Demonstração das Mutações do Patrimônio Líquido;REAL;MIL;PENÚLTIMO;2023-04-01;2024-03-31;Capital Social Integralizado;5.06.02;Realização da Reserva Reavaliação;0.0000000000;S
33.453.598/0001-23;2025-03-31;1;RAÍZEN S.A.;025917;DF Individual - Demonstração das Mutações do Patrimônio Líquido;REAL;MIL;ÚLTIMO;2024-04-01;2025-03-31;Capital Social Integralizado;5.06.02;Realização da Reserva Reavaliação;0.0000000000;S
33.453.598/0001-23;2025-03-31;1;RAÍZEN S.A.;025917;DF Individual - Demonstração das Mutações do Patrimônio Líquido;REAL;MIL;PENÚLTIMO;2023-04-01;2024-03-31;Reservas de Capital, Opções Outorgadas e Ações em Tesouraria;5.06.02;Realização da Reserva Reavaliação;0.0000000000;S
33.453.598/0001-23;2025-03-31;1;RAÍZEN S.A.;025917;DF Individual - Demonstração das Mutações do Patrimônio Líquido;REAL;MIL;ÚLTIMO;2024-04-01;2025-03-31;Reservas de Capital, Opções Outorgadas e Ações em Tesouraria;5.06.02;Realização da Reserva Reavaliação;0.0000000000;S
33.453.598/0001-23;2025-03-31;1;RAÍZEN S.A.;025917;DF Individual - Demonstração das Mutações do Patrimônio Líquido;REAL;MIL;PENÚLTIMO;2023-04-01;2024-03-31;Reservas de Lucro;5.06.02;Realização da Reserva Reavaliação;0.0000000000;S
33.453.598/0001-23;2025-03-31;1;RAÍZEN S.A.;025917;DF Individual - Demonstração das Mutações do Patrimônio Líquido;REAL;MIL;ÚLTIMO;2024-04-01;2025-03-31;Reservas de Lucro;5.06.02;Realização da Reserva Reavaliação;0.0000000000;S
33.453.598/0001-23;2025-03-31;1;RAÍZEN S.A.;025917;DF Individual - Demonstração das Mutações do Patrimônio Líquido;REAL;MIL;PENÚLTIMO;2023-04-01;2024-03-31;Lucros ou Prejuízos Acumulados;5.06.02;Realização da Reserva Reavaliação;0.0000000000;S
33.453.598/0001-23;2025-03-31;1;RAÍZEN S.A.;025917;DF Individual - Demonstração das Mutações do Patrimônio Líquido;REAL;MIL;ÚLTIMO;2024-04-01;2025-03-31;Lucros ou Prejuízos Acumulados;5.06.02;Realização da Reserva Reavaliação;0.0000000000;S
33.453.598/0001-23;2025-03-31;1;RAÍZEN S.A.;025917;DF Individual - Demonstração das Mutações do Patrimônio Líquido;REAL;MIL;PENÚLTIMO;2023-04-01;2024-03-31;Outros Resultados Abrangentes;5.06.02;Realização da Reserva Reavaliação;0.0000000000;S
33.453.598/0001-23;2025-03-31;1;RAÍZEN S.A.;025917;DF Individual - Demonstração das Mutações do Patrimônio Líquido;REAL;MIL;ÚLTIMO;2024-04-01;2025-03-31;Outros Resultados Abrangentes;5.06.02;Realização da Reserva Reavaliação;0.0000000000;S
33.453.598/0001-23;2025-03-31;1;RAÍZEN S.A.;025917;DF Individual - Demonstração das Mutações do Patrimônio Líquido;REAL;MIL;PENÚLTIMO;2023-04-01;2024-03-31;Patrimônio Líquido;5.06.02;Realização da Reserva Reavaliação;0.0000000000;S
33.453.598/0001-23;2025-03-31;1;RAÍZEN S.A.;025917;DF Individual - Demonstração das Mutações do Patrimônio Líquido;REAL;MIL;ÚLTIMO;2024-04-01;2025-03-31;Patrimônio Líquido;5.06.02;Realização da Reserva Reavaliação;0.0000000000;S
33.453.598/0001-23;2025-03-31;1;RAÍZEN S.A.;025917;DF Individual - Demonstração das Mutações do Patrimônio Líquido;REAL;MIL;PENÚLTIMO;2023-04-01;2024-03-31;Capital Social Integralizado;5.06.03;Tributos sobre a Realização da Reserva de Reavaliação;0.0000000000;S
33.453.598/0001-23;2025-03-31;1;RAÍZEN S.A.;025917;DF Individual - Demonstração das Mutações do Patrimônio Líquido;REAL;MIL;ÚLTIMO;2024-04-01;2025-03-31;Capital Social Integralizado;5.06.03;Tributos sobre a Realização da Reserva de Reavaliação;0.0000000000;S
33.453.598/0001-23;2025-03-31;1;RAÍZEN S.A.;025917;DF Individual - Demonstração das Mutações do Patrimônio Líquido;REAL;MIL;PENÚLTIMO;2023-04-01;2024-03-31;Reservas de Capital, Opções Outorgadas e Ações em Tesouraria;5.06.03;Tributos sobre a Realização da Reserva de Reavaliação;0.0000000000;S
33.453.598/0001-23;2025-03-31;1;RAÍZEN S.A.;025917;DF Individual - Demonstração das Mutações do Patrimônio Líquido;REAL;MIL;ÚLTIMO;2024-04-01;2025-03-31;Reservas de Capital, Opções Outorgadas e Ações em Tesouraria;5.06.03;Tributos sobre a Realização da Reserva de Reavaliação;0.0000000000;S
33.453.598/0001-23;2025-03-31;1;RAÍZEN S.A.;025917;DF Individual - Demonstração das Mutações do Patrimônio Líquido;REAL;MIL;PENÚLTIMO;2023-04-01;2024-03-31;Reservas de Lucro;5.06.03;Tributos sobre a Realização da Reserva de Reavaliação;0.0000000000;S
33.453.598/0001-23;2025-03-31;1;RAÍZEN S.A.;025917;DF Individual - Demonstração das Mutações do Patrimônio Líquido;REAL;MIL;ÚLTIMO;2024-04-01;2025-03-31;Reservas de Lucro;5.06.03;Tributos sobre a Realização da Reserva de Reavaliação;0.0000000000;S
33.453.598/0001-23;2025-03-31;1;RAÍZEN S.A.;025917;DF Individual - Demonstração das Mutações do Patrimônio Líquido;REAL;MIL;PENÚLTIMO;2023-04-01;2024-03-31;Lucros ou Prejuízos Acumulados;5.06.03;Tributos sobre a Realização da Reserva de Reavaliação;0.0000000000;S
33.453.598/0001-23;2025-03-31;1;RAÍZEN S.A.;025917;DF Individual - Demonstração das Mutações do Patrimônio Líquido;REAL;MIL;ÚLTIMO;2024-04-01;2025-03-31;Lucros ou Prejuízos Acumulados;5.06.03;Tributos sobre a Realização da Reserva de Reavaliação;0.0000000000;S
33.453.598/0001-23;2025-03-31;1;RAÍZEN S.A.;025917;DF Individual - Demonstração das Mutações do Patrimônio Líquido;REAL;MIL;PENÚLTIMO;2023-04-01;2024-03-31;Outros Resultados Abrangentes;5.06.03;Tributos sobre a Realização da Reserva de Reavaliação;0.0000000000;S
33.453.598/0001-23;2025-03-31;1;RAÍZEN S.A.;025917;DF Individual - Demonstração das Mutações do Patrimônio Líquido;REAL;MIL;ÚLTIMO;2024-04-01;2025-03-31;Outros Resultados Abrangentes;5.06.03;Tributos sobre a Realização da Reserva de Reavaliação;0.0000000000;S
33.453.598/0001-23;2025-03-31;1;RAÍZEN S.A.;025917;DF Individual - Demonstração das Mutações do Patrimônio Líquido;REAL;MIL;PENÚLTIMO;2023-04-01;2024-03-31;Patrimônio Líquido;5.06.03;Tributos sobre a Realização da Reserva de Reavaliação;0.0000000000;S
33.453.598/0001-23;2025-03-31;1;RAÍZEN S.A.;025917;DF Individual - Demonstração das Mutações do Patrimônio Líquido;REAL;MIL;ÚLTIMO;2024-04-01;2025-03-31;Patrimônio Líquido;5.06.03;Tributos sobre a Realização da Reserva de Reavaliação;0.0000000000;S
33.453.598/0001-23;2025-03-31;1;RAÍZEN S.A.;025917;DF Individual - Demonstração das Mutações do Patrimônio Líquido;REAL;MIL;ÚLTIMO;2024-04-01;2025-03-31;Capital Social Integralizado;5.06.04;Absorção do prejuízo do exercício;0.0000000000;N
33.453.598/0001-23;2025-03-31;1;RAÍZEN S.A.;025917;DF Individual - Demonstração das Mutações do Patrimônio Líquido;REAL;MIL;ÚLTIMO;2024-04-01;2025-03-31;Reservas de Capital, Opções Outorgadas e Ações em Tesouraria;5.06.04;Absorção do prejuízo do exercício;-2957542.0000000000;N
33.453.598/0001-23;2025-03-31;1;RAÍZEN S.A.;025917;DF Individual - Demonstração das Mutações do Patrimônio Líquido;REAL;MIL;ÚLTIMO;2024-04-01;2025-03-31;Reservas de Lucro;5.06.04;Absorção do prejuízo do exercício;-1298986.0000000000;N
33.453.598/0001-23;2025-03-31;1;RAÍZEN S.A.;025917;DF Individual - Demonstração das Mutações do Patrimônio Líquido;REAL;MIL;ÚLTIMO;2024-04-01;2025-03-31;Lucros ou Prejuízos Acumulados;5.06.04;Absorção do prejuízo do exercício;4256528.0000000000;N
33.453.598/0001-23;2025-03-31;1;RAÍZEN S.A.;025917;DF Individual - Demonstração das Mutações do Patrimônio Líquido;REAL;MIL;ÚLTIMO;2024-04-01;2025-03-31;Outros Resultados Abrangentes;5.06.04;Absorção do prejuízo do exercício;0.0000000000;N
33.453.598/0001-23;2025-03-31;1;RAÍZEN S.A.;025917;DF Individual - Demonstração das Mutações do Patrimônio Líquido;REAL;MIL;ÚLTIMO;2024-04-01;2025-03-31;Patrimônio Líquido;5.06.04;Absorção do prejuízo do exercício;0.0000000000;N
33.453.598/0001-23;2025-03-31;1;RAÍZEN S.A.;025917;DF Individual - Demonstração das Mutações do Patrimônio Líquido;REAL;MIL;PENÚLTIMO;2023-04-01;2024-03-31;Capital Social Integralizado;5.07;Saldos Finais;6859670.0000000000;S
33.453.598/0001-23;2025-03-31;1;RAÍZEN S.A.;025917;DF Individual - Demonstração das Mutações do Patrimônio Líquido;REAL;MIL;ÚLTIMO;2024-04-01;2025-03-31;Capital Social Integralizado;5.07;Saldos Finais;6859670.0000000000;S
33.453.598/0001-23;2025-03-31;1;RAÍZEN S.A.;025917;DF Individual - Demonstração das Mutações do Patrimônio Líquido;REAL;MIL;PENÚLTIMO;2023-04-01;2024-03-31;Reservas de Capital, Opções Outorgadas e Ações em Tesouraria;5.07;Saldos Finais;10214352.0000000000;S
33.453.598/0001-23;2025-03-31;1;RAÍZEN S.A.;025917;DF Individual - Demonstração das Mutações do Patrimônio Líquido;REAL;MIL;ÚLTIMO;2024-04-01;2025-03-31;Reservas de Capital, Opções Outorgadas e Ações em Tesouraria;5.07;Saldos Finais;7327607.0000000000;S
33.453.598/0001-23;2025-03-31;1;RAÍZEN S.A.;025917;DF Individual - Demonstração das Mutações do Patrimônio Líquido;REAL;MIL;PENÚLTIMO;2023-04-01;2024-03-31;Reservas de Lucro;5.07;Saldos Finais;1298986.0000000000;S
33.453.598/0001-23;2025-03-31;1;RAÍZEN S.A.;025917;DF Individual - Demonstração das Mutações do Patrimônio Líquido;REAL;MIL;ÚLTIMO;2024-04-01;2025-03-31;Reservas de Lucro;5.07;Saldos Finais;0.0000000000;S
33.453.598/0001-23;2025-03-31;1;RAÍZEN S.A.;025917;DF Individual - Demonstração das Mutações do Patrimônio Líquido;REAL;MIL;PENÚLTIMO;2023-04-01;2024-03-31;Lucros ou Prejuízos Acumulados;5.07;Saldos Finais;0.0000000000;S
33.453.598/0001-23;2025-03-31;1;RAÍZEN S.A.;025917;DF Individual - Demonstração das Mutações do Patrimônio Líquido;REAL;MIL;ÚLTIMO;2024-04-01;2025-03-31;Lucros ou Prejuízos Acumulados;5.07;Saldos Finais;0.0000000000;S
33.453.598/0001-23;2025-03-31;1;RAÍZEN S.A.;025917;DF Individual - Demonstração das Mutações do Patrimônio Líquido;REAL;MIL;PENÚLTIMO;2023-04-01;2024-03-31;Outros Resultados Abrangentes;5.07;Saldos Finais;3006397.0000000000;S
33.453.598/0001-23;2025-03-31;1;RAÍZEN S.A.;025917;DF Individual - Demonstração das Mutações do Patrimônio Líquido;REAL;MIL;ÚLTIMO;2024-04-01;2025-03-31;Outros Resultados Abrangentes;5.07;Saldos Finais;3401253.0000000000;S
33.453.598/0001-23;2025-03-31;1;RAÍZEN S.A.;025917;DF Individual - Demonstração das Mutações do Patrimônio Líquido;REAL;MIL;PENÚLTIMO;2023-04-01;2024-03-31;Patrimônio Líquido;5.07;Saldos Finais;21379405.0000000000;S
33.453.598/0001-23;2025-03-31;1;RAÍZEN S.A.;025917;DF Individual - Demonstração das Mutações do Patrimônio Líquido;REAL;MIL;ÚLTIMO;2024-04-01;2025-03-31;Patrimônio Líquido;5.07;Saldos Finais;17588530.0000000000;S
51.466.860/0001-56;2025-03-31;1;SAO MARTINHO S.A.;020516;DF Individual - Demonstração das Mutações do Patrimônio Líquido;REAL;MIL;PENÚLTIMO;2023-04-01;2024-03-31;Capital Social Integralizado;5.01;Saldos Iniciais;3161384.0000000000;S
51.466.860/0001-56;2025-03-31;1;SAO MARTINHO S.A.;020516;DF Individual - Demonstração das Mutações do Patrimônio Líquido;REAL;MIL;ÚLTIMO;2024-04-01;2025-03-31;Capital Social Integralizado;5.01;Saldos Iniciais;3941717.0000000000;S
51.466.860/0001-56;2025-03-31;1;SAO MARTINHO S.A.;020516;DF Individual - Demonstração das Mutações do Patrimônio Líquido;REAL;MIL;PENÚLTIMO;2023-04-01;2024-03-31;Reservas de Capital, Opções Outorgadas e Ações em Tesouraria;5.01;Saldos Iniciais;-139997.0000000000;S
51.466.860/0001-56;2025-03-31;1;SAO MARTINHO S.A.;020516;DF Individual - Demonstração das Mutações do Patrimônio Líquido;REAL;MIL;ÚLTIMO;2024-04-01;2025-03-31;Reservas de Capital, Opções Outorgadas e Ações em Tesouraria;5.01;Saldos Iniciais;-16325.0000000000;S
51.466.860/0001-56;2025-03-31;1;SAO MARTINHO S.A.;020516;DF Individual - Demonstração das Mutações do Patrimônio Líquido;REAL;MIL;PENÚLTIMO;2023-04-01;2024-03-31;Reservas de Lucro;5.01;Saldos Iniciais;1828496.0000000000;S
51.466.860/0001-56;2025-03-31;1;SAO MARTINHO S.A.;020516;DF Individual - Demonstração das Mutações do Patrimônio Líquido;REAL;MIL;ÚLTIMO;2024-04-01;2025-03-31;Reservas de Lucro;5.01;Saldos Iniciais;1818821.0000000000;S
51.466.860/0001-56;2025-03-31;1;SAO MARTINHO S.A.;020516;DF Individual - Demonstração das Mutações do Patrimônio Líquido;REAL;MIL;PENÚLTIMO;2023-04-01;2024-03-31;Lucros ou Prejuízos Acumulados;5.01;Saldos Iniciais;0.0000000000;S
51.466.860/0001-56;2025-03-31;1;SAO MARTINHO S.A.;020516;DF Individual - Demonstração das Mutações do Patrimônio Líquido;REAL;MIL;ÚLTIMO;2024-04-01;2025-03-31;Lucros ou Prejuízos Acumulados;5.01;Saldos Iniciais;0.0000000000;S
51.466.860/0001-56;2025-03-31;1;SAO MARTINHO S.A.;020516;DF Individual - Demonstração das Mutações do Patrimônio Líquido;REAL;MIL;PENÚLTIMO;2023-04-01;2024-03-31;Outros Resultados Abrangentes;5.01;Saldos Iniciais;1062480.0000000000;S
51.466.860/0001-56;2025-03-31;1;SAO MARTINHO S.A.;020516;DF Individual - Demonstração das Mutações do Patrimônio Líquido;REAL;MIL;ÚLTIMO;2024-04-01;2025-03-31;Outros Resultados Abrangentes;5.01;Saldos Iniciais;1118158.0000000000;S
51.466.860/0001-56;2025-03-31;1;SAO MARTINHO S.A.;020516;DF Individual - Demonstração das Mutações do Patrimônio Líquido;REAL;MIL;PENÚLTIMO;2023-04-01;2024-03-31;Patrimônio Líquido;5.01;Saldos Iniciais;5912363.0000000000;S
51.466.860/0001-56;2025-03-31;1;SAO MARTINHO S.A.;020516;DF Individual - Demonstração das Mutações do Patrimônio Líquido;REAL;MIL;ÚLTIMO;2024-04-01;2025-03-31;Patrimônio Líquido;5.01;Saldos Iniciais;6862371.0000000000;S
51.466.860/0001-56;2025-03-31;1;SAO MARTINHO S.A.;020516;DF Individual - Demonstração das Mutações do Patrimônio Líquido;REAL;MIL;PENÚLTIMO;2023-04-01;2024-03-31;Capital Social Integralizado;5.02;Ajustes de Exercícios Anteriores;0.0000000000;S
51.466.860/0001-56;2025-03-31;1;SAO MARTINHO S.A.;020516;DF Individual - Demonstração das Mutações do Patrimônio Líquido;REAL;MIL;ÚLTIMO;2024-04-01;2025-03-31;Capital Social Integralizado;5.02;Ajustes de Exercícios Anteriores;0.0000000000;S
51.466.860/0001-56;2025-03-31;1;SAO MARTINHO S.A.;020516;DF Individual - Demonstração das Mutações do Patrimônio Líquido;REAL;MIL;PENÚLTIMO;2023-04-01;2024-03-31;Reservas de Capital, Opções Outorgadas e Ações em Tesouraria;5.02;Ajustes de Exercícios Anteriores;0.0000000000;S
51.466.860/0001-56;2025-03-31;1;SAO MARTINHO S.A.;020516;DF Individual - Demonstração das Mutações do Patrimônio Líquido;REAL;MIL;ÚLTIMO;2024-04-01;2025-03-31;Reservas de Capital, Opções Outorgadas e Ações em Tesouraria;5.02;Ajustes de Exercícios Anteriores;0.0000000000;S
51.466.860/0001-56;2025-03-31;1;SAO MARTINHO S.A.;020516;DF Individual - Demonstração das Mutações do Patrimônio Líquido;REAL;MIL;PENÚLTIMO;2023-04-01;2024-03-31;Reservas de Lucro;5.02;Ajustes de Exercícios Anteriores;0.0000000000;S
51.466.860/0001-56;2025-03-31;1;SAO MARTINHO S.A.;020516;DF Individual - Demonstração das Mutações do Patrimônio Líquido;REAL;MIL;ÚLTIMO;2024-04-01;2025-03-31;Reservas de Lucro;5.02;Ajustes de Exercícios Anteriores;0.0000000000;S
51.466.860/0001-56;2025-03-31;1;SAO MARTINHO S.A.;020516;DF Individual - Demonstração das Mutações do Patrimônio Líquido;REAL;MIL;PENÚLTIMO;2023-04-01;2024-03-31;Lucros ou Prejuízos Acumulados;5.02;Ajustes de Exercícios Anteriores;0.0000000000;S
51.466.860/0001-56;2025-03-31;1;SAO MARTINHO S.A.;020516;DF Individual - Demonstração das Mutações do Patrimônio Líquido;REAL;MIL;ÚLTIMO;2024-04-01;2025-03-31;Lucros ou Prejuízos Acumulados;5.02;Ajustes de Exercícios Anteriores;0.0000000000;S
51.466.860/0001-56;2025-03-31;1;SAO MARTINHO S.A.;020516;DF Individual - Demonstração das Mutações do Patrimônio Líquido;REAL;MIL;PENÚLTIMO;2023-04-01;2024-03-31;Outros Resultados Abrangentes;5.02;Ajustes de Exercícios Anteriores;0.0000000000;S
51.466.860/0001-56;2025-03-31;1;SAO MARTINHO S.A.;020516;DF Individual - Demonstração das Mutações do Patrimônio Líquido;REAL;MIL;ÚLTIMO;2024-04-01;2025-03-31;Outros Resultados Abrangentes;5.02;Ajustes de Exercícios Anteriores;0.0000000000;S
51.466.860/0001-56;2025-03-31;1;SAO MARTINHO S.A.;020516;DF Individual - Demonstração das Mutações do Patrimônio Líquido;REAL;MIL;PENÚLTIMO;2023-04-01;2024-03-31;Patrimônio Líquido;5.02;Ajustes de Exercícios Anteriores;0.0000000000;S
51.466.860/0001-56;2025-03-31;1;SAO MARTINHO S.A.;020516;DF Individual - Demonstração das Mutações do Patrimônio Líquido;REAL;MIL;ÚLTIMO;2024-04-01;2025-03-31;Patrimônio Líquido;5.02;Ajustes de Exercícios Anteriores;0.0000000000;S
51.466.860/0001-56;2025-03-31;1;SAO MARTINHO S.A.;020516;DF Individual - Demonstração das Mutações do Patrimônio Líquido;REAL;MIL;PENÚLTIMO;2023-04-01;2024-03-31;Capital Social Integralizado;5.03;Saldos Iniciais Ajustados;3161384.0000000000;S
51.466.860/0001-56;2025-03-31;1;SAO MARTINHO S.A.;020516;DF Individual - Demonstração das Mutações do Patrimônio Líquido;REAL;MIL;ÚLTIMO;2024-04-01;2025-03-31;Capital Social Integralizado;5.03;Saldos Iniciais Ajustados;3941717.0000000000;S
51.466.860/0001-56;2025-03-31;1;SAO MARTINHO S.A.;020516;DF Individual - Demonstração das Mutações do Patrimônio Líquido;REAL;MIL;PENÚLTIMO;2023-04-01;2024-03-31;Reservas de Capital, Opções Outorgadas e Ações em Tesouraria;5.03;Saldos Iniciais Ajustados;-139997.0000000000;S
51.466.860/0001-56;2025-03-31;1;SAO MARTINHO S.A.;020516;DF Individual - Demonstração das Mutações do Patrimônio Líquido;REAL;MIL;ÚLTIMO;2024-04-01;2025-03-31;Reservas de Capital, Opções Outorgadas e Ações em Tesouraria;5.03;Saldos Iniciais Ajustados;-16325.0000000000;S
51.466.860/0001-56;2025-03-31;1;SAO MARTINHO S.A.;020516;DF Individual - Demonstração das Mutações do Patrimônio Líquido;REAL;MIL;PENÚLTIMO;2023-04-01;2024-03-31;Reservas de Lucro;5.03;Saldos Iniciais Ajustados;1828496.0000000000;S
51.466.860/0001-56;2025-03-31;1;SAO MARTINHO S.A.;020516;DF Individual - Demonstração das Mutações do Patrimônio Líquido;REAL;MIL;ÚLTIMO;2024-04-01;2025-03-31;Reservas de Lucro;5.03;Saldos Iniciais Ajustados;1818821.0000000000;S
51.466.860/0001-56;2025-03-31;1;SAO MARTINHO S.A.;020516;DF Individual - Demonstração das Mutações do Patrimônio Líquido;REAL;MIL;PENÚLTIMO;2023-04-01;2024-03-31;Lucros ou Prejuízos Acumulados;5.03;Saldos Iniciais Ajustados;0.0000000000;S
51.466.860/0001-56;2025-03-31;1;SAO MARTINHO S.A.;020516;DF Individual - Demonstração das Mutações do Patrimônio Líquido;REAL;MIL;ÚLTIMO;2024-04-01;2025-03-31;Lucros ou Prejuízos Acumulados;5.03;Saldos Iniciais Ajustados;0.0000000000;S
51.466.860/0001-56;2025-03-31;1;SAO MARTINHO S.A.;020516;DF Individual - Demonstração das Mutações do Patrimônio Líquido;REAL;MIL;PENÚLTIMO;2023-04-01;2024-03-31;Outros Resultados Abrangentes;5.03;Saldos Iniciais Ajustados;1062480.0000000000;S
51.466.860/0001-56;2025-03-31;1;SAO MARTINHO S.A.;020516;DF Individual - Demonstração das Mutações do Patrimônio Líquido;REAL;MIL;ÚLTIMO;2024-04-01;2025-03-31;Outros Resultados Abrangentes;5.03;Saldos Iniciais Ajustados;1118158.0000000000;S
51.466.860/0001-56;2025-03-31;1;SAO MARTINHO S.A.;020516;DF Individual - Demonstração das Mutações do Patrimônio Líquido;REAL;MIL;PENÚLTIMO;2023-04-01;2024-03-31;Patrimônio Líquido;5.03;Saldos Iniciais Ajustados;5912363.0000000000;S
51.466.860/0001-56;2025-03-31;1;SAO MARTINHO S.A.;020516;DF Individual - Demonstração das Mutações do Patrimônio Líquido;REAL;MIL;ÚLTIMO;2024-04-01;2025-03-31;Patrimônio Líquido;5.03;Saldos Iniciais Ajustados;6862371.0000000000;S
51.466.860/0001-56;2025-03-31;1;SAO MARTINHO S.A.;020516;DF Individual - Demonstração das Mutações do Patrimônio Líquido;REAL;MIL;PENÚLTIMO;2023-04-01;2024-03-31;Capital Social Integralizado;5.04;Transações de Capital com os Sócios;780333.0000000000;S
51.466.860/0001-56;2025-03-31;1;SAO MARTINHO S.A.;020516;DF Individual - Demonstração das Mutações do Patrimônio Líquido;REAL;MIL;ÚLTIMO;2024-04-01;2025-03-31;Capital Social Integralizado;5.04;Transações de Capital com os Sócios;503475.0000000000;S
51.466.860/0001-56;2025-03-31;1;SAO MARTINHO S.A.;020516;DF Individual - Demonstração das Mutações do Patrimônio Líquido;REAL;MIL;PENÚLTIMO;2023-04-01;2024-03-31;Reservas de Capital, Opções Outorgadas e Ações em Tesouraria;5.04;Transações de Capital com os Sócios;-16325.0000000000;S
51.466.860/0001-56;2025-03-31;1;SAO MARTINHO S.A.;020516;DF Individual - Demonstração das Mutações do Patrimônio Líquido;REAL;MIL;ÚLTIMO;2024-04-01;2025-03-31;Reservas de Capital, Opções Outorgadas e Ações em Tesouraria;5.04;Transações de Capital com os Sócios;-488440.0000000000;S
51.466.860/0001-56;2025-03-31;1;SAO MARTINHO S.A.;020516;DF Individual - Demonstração das Mutações do Patrimônio Líquido;REAL;MIL;PENÚLTIMO;2023-04-01;2024-03-31;Reservas de Lucro;5.04;Transações de Capital com os Sócios;-1065458.0000000000;S
51.466.860/0001-56;2025-03-31;1;SAO MARTINHO S.A.;020516;DF Individual - Demonstração das Mutações do Patrimônio Líquido;REAL;MIL;ÚLTIMO;2024-04-01;2025-03-31;Reservas de Lucro;5.04;Transações de Capital com os Sócios;-503475.0000000000;S
51.466.860/0001-56;2025-03-31;1;SAO MARTINHO S.A.;020516;DF Individual - Demonstração das Mutações do Patrimônio Líquido;REAL;MIL;PENÚLTIMO;2023-04-01;2024-03-31;Lucros ou Prejuízos Acumulados;5.04;Transações de Capital com os Sócios;-289047.0000000000;S
51.466.860/0001-56;2025-03-31;1;SAO MARTINHO S.A.;020516;DF Individual - Demonstração das Mutações do Patrimônio Líquido;REAL;MIL;ÚLTIMO;2024-04-01;2025-03-31;Lucros ou Prejuízos Acumulados;5.04;Transações de Capital com os Sócios;-299979.0000000000;S
51.466.860/0001-56;2025-03-31;1;SAO MARTINHO S.A.;020516;DF Individual - Demonstração das Mutações do Patrimônio Líquido;REAL;MIL;PENÚLTIMO;2023-04-01;2024-03-31;Outros Resultados Abrangentes;5.04;Transações de Capital com os Sócios;0.0000000000;S
51.466.860/0001-56;2025-03-31;1;SAO MARTINHO S.A.;020516;DF Individual - Demonstração das Mutações do Patrimônio Líquido;REAL;MIL;ÚLTIMO;2024-04-01;2025-03-31;Outros Resultados Abrangentes;5.04;Transações de Capital com os Sócios;0.0000000000;S
51.466.860/0001-56;2025-03-31;1;SAO MARTINHO S.A.;020516;DF Individual - Demonstração das Mutações do Patrimônio Líquido;REAL;MIL;PENÚLTIMO;2023-04-01;2024-03-31;Patrimônio Líquido;5.04;Transações de Capital com os Sócios;-590497.0000000000;S
51.466.860/0001-56;2025-03-31;1;SAO MARTINHO S.A.;020516;DF Individual - Demonstração das Mutações do Patrimônio Líquido;REAL;MIL;ÚLTIMO;2024-04-01;2025-03-31;Patrimônio Líquido;5.04;Transações de Capital com os Sócios;-788419.0000000000;S
51.466.860/0001-56;2025-03-31;1;SAO MARTINHO S.A.;020516;DF Individual - Demonstração das Mutações do Patrimônio Líquido;REAL;MIL;PENÚLTIMO;2023-04-01;2024-03-31;Capital Social Integralizado;5.04.01;Aumentos de Capital;780333.0000000000;S
51.466.860/0001-56;2025-03-31;1;SAO MARTINHO S.A.;020516;DF Individual - Demonstração das Mutações do Patrimônio Líquido;REAL;MIL;ÚLTIMO;2024-04-01;2025-03-31;Capital Social Integralizado;5.04.01;Aumentos de Capital;503475.0000000000;S
51.466.860/0001-56;2025-03-31;1;SAO MARTINHO S.A.;020516;DF Individual - Demonstração das Mutações do Patrimônio Líquido;REAL;MIL;PENÚLTIMO;2023-04-01;2024-03-31;Reservas de Capital, Opções Outorgadas e Ações em Tesouraria;5.04.01;Aumentos de Capital;0.0000000000;S
51.466.860/0001-56;2025-03-31;1;SAO MARTINHO S.A.;020516;DF Individual - Demonstração das Mutações do Patrimônio Líquido;REAL;MIL;ÚLTIMO;2024-04-01;2025-03-31;Reservas de Capital, Opções Outorgadas e Ações em Tesouraria;5.04.01;Aumentos de Capital;0.0000000000;S
51.466.860/0001-56;2025-03-31;1;SAO MARTINHO S.A.;020516;DF Individual - Demonstração das Mutações do Patrimônio Líquido;REAL;MIL;PENÚLTIMO;2023-04-01;2024-03-31;Reservas de Lucro;5.04.01;Aumentos de Capital;-780333.0000000000;S
51.466.860/0001-56;2025-03-31;1;SAO MARTINHO S.A.;020516;DF Individual - Demonstração das Mutações do Patrimônio Líquido;REAL;MIL;ÚLTIMO;2024-04-01;2025-03-31;Reservas de Lucro;5.04.01;Aumentos de Capital;-503475.0000000000;S
51.466.860/0001-56;2025-03-31;1;SAO MARTINHO S.A.;020516;DF Individual - Demonstração das Mutações do Patrimônio Líquido;REAL;MIL;PENÚLTIMO;2023-04-01;2024-03-31;Lucros ou Prejuízos Acumulados;5.04.01;Aumentos de Capital;0.0000000000;S
51.466.860/0001-56;2025-03-31;1;SAO MARTINHO S.A.;020516;DF Individual - Demonstração das Mutações do Patrimônio Líquido;REAL;MIL;ÚLTIMO;2024-04-01;2025-03-31;Lucros ou Prejuízos Acumulados;5.04.01;Aumentos de Capital;0.0000000000;S
51.466.860/0001-56;2025-03-31;1;SAO MARTINHO S.A.;020516;DF Individual - Demonstração das Mutações do Patrimônio Líquido;REAL;MIL;PENÚLTIMO;2023-04-01;2024-03-31;Outros Resultados Abrangentes;5.04.01;Aumentos de Capital;0.0000000000;S
51.466.860/0001-56;2025-03-31;1;SAO MARTINHO S.A.;020516;DF Individual - Demonstração das Mutações do Patrimônio Líquido;REAL;MIL;ÚLTIMO;2024-04-01;2025-03-31;Outros Resultados Abrangentes;5.04.01;Aumentos de Capital;0.0000000000;S
51.466.860/0001-56;2025-03-31;1;SAO MARTINHO S.A.;020516;DF Individual - Demonstração das Mutações do Patrimônio Líquido;REAL;MIL;PENÚLTIMO;2023-04-01;2024-03-31;Patrimônio Líquido;5.04.01;Aumentos de Capital;0.0000000000;S
51.466.860/0001-56;2025-03-31;1;SAO MARTINHO S.A.;020516;DF Individual - Demonstração das Mutações do Patrimônio Líquido;REAL;MIL;ÚLTIMO;2024-04-01;2025-03-31;Patrimônio Líquido;5.04.01;Aumentos de Capital;0.0000000000;S
51.466.860/0001-56;2025-03-31;1;SAO MARTINHO S.A.;020516;DF Individual - Demonstração das Mutações do Patrimônio Líquido;REAL;MIL;PENÚLTIMO;2023-04-01;2024-03-31;Capital Social Integralizado;5.04.02;Gastos com Emissão de Ações;0.0000000000;S
51.466.860/0001-56;2025-03-31;1;SAO MARTINHO S.A.;020516;DF Individual - Demonstração das Mutações do Patrimônio Líquido;REAL;MIL;ÚLTIMO;2024-04-01;2025-03-31;Capital Social Integralizado;5.04.02;Gastos com Emissão de Ações;0.0000000000;S
51.466.860/0001-56;2025-03-31;1;SAO MARTINHO S.A.;020516;DF Individual - Demonstração das Mutações do Patrimônio Líquido;REAL;MIL;PENÚLTIMO;2023-04-01;2024-03-31;Reservas de Capital, Opções Outorgadas e Ações em Tesouraria;5.04.02;Gastos com Emissão de Ações;0.0000000000;S
51.466.860/0001-56;2025-03-31;1;SAO MARTINHO S.A.;020516;DF Individual - Demonstração das Mutações do Patrimônio Líquido;REAL;MIL;ÚLTIMO;2024-04-01;2025-03-31;Reservas de Capital, Opções Outorgadas e Ações em Tesouraria;5.04.02;Gastos com Emissão de Ações;0.0000000000;S
51.466.860/0001-56;2025-03-31;1;SAO MARTINHO S.A.;020516;DF Individual - Demonstração das Mutações do Patrimônio Líquido;REAL;MIL;PENÚLTIMO;2023-04-01;2024-03-31;Reservas de Lucro;5.04.02;Gastos com Emissão de Ações;0.0000000000;S
51.466.860/0001-56;2025-03-31;1;SAO MARTINHO S.A.;020516;DF Individual - Demonstração das Mutações do Patrimônio Líquido;REAL;MIL;ÚLTIMO;2024-04-01;2025-03-31;Reservas de Lucro;5.04.02;Gastos com Emissão de Ações;0.0000000000;S
51.466.860/0001-56;2025-03-31;1;SAO MARTINHO S.A.;020516;DF Individual - Demonstração das Mutações do Patrimônio Líquido;REAL;MIL;PENÚLTIMO;2023-04-01;2024-03-31;Lucros ou Prejuízos Acumulados;5.04.02;Gastos com Emissão de Ações;0.0000000000;S
51.466.860/0001-56;2025-03-31;1;SAO MARTINHO S.A.;020516;DF Individual - Demonstração das Mutações do Patrimônio Líquido;REAL;MIL;ÚLTIMO;2024-04-01;2025-03-31;Lucros ou Prejuízos Acumulados;5.04.02;Gastos com Emissão de Ações;0.0000000000;S
51.466.860/0001-56;2025-03-31;1;SAO MARTINHO S.A.;020516;DF Individual - Demonstração das Mutações do Patrimônio Líquido;REAL;MIL;PENÚLTIMO;2023-04-01;2024-03-31;Outros Resultados Abrangentes;5.04.02;Gastos com Emissão de Ações;0.0000000000;S
51.466.860/0001-56;2025-03-31;1;SAO MARTINHO S.A.;020516;DF Individual - Demonstração das Mutações do Patrimônio Líquido;REAL;MIL;ÚLTIMO;2024-04-01;2025-03-31;Outros Resultados Abrangentes;5.04.02;Gastos com Emissão de Ações;0.0000000000;S
51.466.860/0001-56;2025-03-31;1;SAO MARTINHO S.A.;020516;DF Individual - Demonstração das Mutações do Patrimônio Líquido;REAL;MIL;PENÚLTIMO;2023-04-01;2024-03-31;Patrimônio Líquido;5.04.02;Gastos com Emissão de Ações;0.0000000000;S
51.466.860/0001-56;2025-03-31;1;SAO MARTINHO S.A.;020516;DF Individual - Demonstração das Mutações do Patrimônio Líquido;REAL;MIL;ÚLTIMO;2024-04-01;2025-03-31;Patrimônio Líquido;5.04.02;Gastos com Emissão de Ações;0.0000000000;S
51.466.860/0001-56;2025-03-31;1;SAO MARTINHO S.A.;020516;DF Individual - Demonstração das Mutações do Patrimônio Líquido;REAL;MIL;PENÚLTIMO;2023-04-01;2024-03-31;Capital Social Integralizado;5.04.03;Opções Outorgadas Reconhecidas;0.0000000000;S
51.466.860/0001-56;2025-03-31;1;SAO MARTINHO S.A.;020516;DF Individual - Demonstração das Mutações do Patrimônio Líquido;REAL;MIL;ÚLTIMO;2024-04-01;2025-03-31;Capital Social Integralizado;5.04.03;Opções Outorgadas Reconhecidas;0.0000000000;S
51.466.860/0001-56;2025-03-31;1;SAO MARTINHO S.A.;020516;DF Individual - Demonstração das Mutações do Patrimônio Líquido;REAL;MIL;PENÚLTIMO;2023-04-01;2024-03-31;Reservas de Capital, Opções Outorgadas e Ações em Tesouraria;5.04.03;Opções Outorgadas Reconhecidas;0.0000000000;S
51.466.860/0001-56;2025-03-31;1;SAO MARTINHO S.A.;020516;DF Individual - Demonstração das Mutações do Patrimônio Líquido;REAL;MIL;ÚLTIMO;2024-04-01;2025-03-31;Reservas de Capital, Opções Outorgadas e Ações em Tesouraria;5.04.03;Opções Outorgadas Reconhecidas;0.0000000000;S
51.466.860/0001-56;2025-03-31;1;SAO MARTINHO S.A.;020516;DF Individual - Demonstração das Mutações do Patrimônio Líquido;REAL;MIL;PENÚLTIMO;2023-04-01;2024-03-31;Reservas de Lucro;5.04.03;Opções Outorgadas Reconhecidas;0.0000000000;S
51.466.860/0001-56;2025-03-31;1;SAO MARTINHO S.A.;020516;DF Individual - Demonstração das Mutações do Patrimônio Líquido;REAL;MIL;ÚLTIMO;2024-04-01;2025-03-31;Reservas de Lucro;5.04.03;Opções Outorgadas Reconhecidas;0.0000000000;S
51.466.860/0001-56;2025-03-31;1;SAO MARTINHO S.A.;020516;DF Individual - Demonstração das Mutações do Patrimônio Líquido;REAL;MIL;PENÚLTIMO;2023-04-01;2024-03-31;Lucros ou Prejuízos Acumulados;5.04.03;Opções Outorgadas Reconhecidas;0.0000000000;S
51.466.860/0001-56;2025-03-31;1;SAO MARTINHO S.A.;020516;DF Individual - Demonstração das Mutações do Patrimônio Líquido;REAL;MIL;ÚLTIMO;2024-04-01;2025-03-31;Lucros ou Prejuízos Acumulados;5.04.03;Opções Outorgadas Reconhecidas;0.0000000000;S
51.466.860/0001-56;2025-03-31;1;SAO MARTINHO S.A.;020516;DF Individual - Demonstração das Mutações do Patrimônio Líquido;REAL;MIL;PENÚLTIMO;2023-04-01;2024-03-31;Outros Resultados Abrangentes;5.04.03;Opções Outorgadas Reconhecidas;0.0000000000;S
51.466.860/0001-56;2025-03-31;1;SAO MARTINHO S.A.;020516;DF Individual - Demonstração das Mutações do Patrimônio Líquido;REAL;MIL;ÚLTIMO;2024-04-01;2025-03-31;Outros Resultados Abrangentes;5.04.03;Opções Outorgadas Reconhecidas;0.0000000000;S
51.466.860/0001-56;2025-03-31;1;SAO MARTINHO S.A.;020516;DF Individual - Demonstração das Mutações do Patrimônio Líquido;REAL;MIL;PENÚLTIMO;2023-04-01;2024-03-31;Patrimônio Líquido;5.04.03;Opções Outorgadas Reconhecidas;0.0000000000;S
51.466.860/0001-56;2025-03-31;1;SAO MARTINHO S.A.;020516;DF Individual - Demonstração das Mutações do Patrimônio Líquido;REAL;MIL;ÚLTIMO;2024-04-01;2025-03-31;Patrimônio Líquido;5.04.03;Opções Outorgadas Reconhecidas;0.0000000000;S
51.466.860/0001-56;2025-03-31;1;SAO MARTINHO S.A.;020516;DF Individual - Demonstração das Mutações do Patrimônio Líquido;REAL;MIL;PENÚLTIMO;2023-04-01;2024-03-31;Capital Social Integralizado;5.04.04;Ações em Tesouraria Adquiridas;0.0000000000;S
51.466.860/0001-56;2025-03-31;1;SAO MARTINHO S.A.;020516;DF Individual - Demonstração das Mutações do Patrimônio Líquido;REAL;MIL;ÚLTIMO;2024-04-01;2025-03-31;Capital Social Integralizado;5.04.04;Ações em Tesouraria Adquiridas;0.0000000000;S
51.466.860/0001-56;2025-03-31;1;SAO MARTINHO S.A.;020516;DF Individual - Demonstração das Mutações do Patrimônio Líquido;REAL;MIL;PENÚLTIMO;2023-04-01;2024-03-31;Reservas de Capital, Opções Outorgadas e Ações em Tesouraria;5.04.04;Ações em Tesouraria Adquiridas;-16325.0000000000;S
51.466.860/0001-56;2025-03-31;1;SAO MARTINHO S.A.;020516;DF Individual - Demonstração das Mutações do Patrimônio Líquido;REAL;MIL;ÚLTIMO;2024-04-01;2025-03-31;Reservas de Capital, Opções Outorgadas e Ações em Tesouraria;5.04.04;Ações em Tesouraria Adquiridas;-496309.0000000000;S
51.466.860/0001-56;2025-03-31;1;SAO MARTINHO S.A.;020516;DF Individual - Demonstração das Mutações do Patrimônio Líquido;REAL;MIL;PENÚLTIMO;2023-04-01;2024-03-31;Reservas de Lucro;5.04.04;Ações em Tesouraria Adquiridas;0.0000000000;S
51.466.860/0001-56;2025-03-31;1;SAO MARTINHO S.A.;020516;DF Individual - Demonstração das Mutações do Patrimônio Líquido;REAL;MIL;ÚLTIMO;2024-04-01;2025-03-31;Reservas de Lucro;5.04.04;Ações em Tesouraria Adquiridas;0.0000000000;S
51.466.860/0001-56;2025-03-31;1;SAO MARTINHO S.A.;020516;DF Individual - Demonstração das Mutações do Patrimônio Líquido;REAL;MIL;PENÚLTIMO;2023-04-01;2024-03-31;Lucros ou Prejuízos Acumulados;5.04.04;Ações em Tesouraria Adquiridas;0.0000000000;S
51.466.860/0001-56;2025-03-31;1;SAO MARTINHO S.A.;020516;DF Individual - Demonstração das Mutações do Patrimônio Líquido;REAL;MIL;ÚLTIMO;2024-04-01;2025-03-31;Lucros ou Prejuízos Acumulados;5.04.04;Ações em Tesouraria Adquiridas;0.0000000000;S
51.466.860/0001-56;2025-03-31;1;SAO MARTINHO S.A.;020516;DF Individual - Demonstração das Mutações do Patrimônio Líquido;REAL;MIL;PENÚLTIMO;2023-04-01;2024-03-31;Outros Resultados Abrangentes;5.04.04;Ações em Tesouraria Adquiridas;0.0000000000;S
51.466.860/0001-56;2025-03-31;1;SAO MARTINHO S.A.;020516;DF Individual - Demonstração das Mutações do Patrimônio Líquido;REAL;MIL;ÚLTIMO;2024-04-01;2025-03-31;Outros Resultados Abrangentes;5.04.04;Ações em Tesouraria Adquiridas;0.0000000000;S
51.466.860/0001-56;2025-03-31;1;SAO MARTINHO S.A.;020516;DF Individual - Demonstração das Mutações do Patrimônio Líquido;REAL;MIL;PENÚLTIMO;2023-04-01;2024-03-31;Patrimônio Líquido;5.04.04;Ações em Tesouraria Adquiridas;-16325.0000000000;S
51.466.860/0001-56;2025-03-31;1;SAO MARTINHO S.A.;020516;DF Individual - Demonstração das Mutações do Patrimônio Líquido;REAL;MIL;ÚLTIMO;2024-04-01;2025-03-31;Patrimônio Líquido;5.04.04;Ações em Tesouraria Adquiridas;-496309.0000000000;S
51.466.860/0001-56;2025-03-31;1;SAO MARTINHO S.A.;020516;DF Individual - Demonstração das Mutações do Patrimônio Líquido;REAL;MIL;PENÚLTIMO;2023-04-01;2024-03-31;Capital Social Integralizado;5.04.05;Ações em Tesouraria Vendidas;0.0000000000;S
51.466.860/0001-56;2025-03-31;1;SAO MARTINHO S.A.;020516;DF Individual - Demonstração das Mutações do Patrimônio Líquido;REAL;MIL;ÚLTIMO;2024-04-01;2025-03-31;Capital Social Integralizado;5.04.05;Ações em Tesouraria Vendidas;0.0000000000;S
51.466.860/0001-56;2025-03-31;1;SAO MARTINHO S.A.;020516;DF Individual - Demonstração das Mutações do Patrimônio Líquido;REAL;MIL;PENÚLTIMO;2023-04-01;2024-03-31;Reservas de Capital, Opções Outorgadas e Ações em Tesouraria;5.04.05;Ações em Tesouraria Vendidas;0.0000000000;S
51.466.860/0001-56;2025-03-31;1;SAO MARTINHO S.A.;020516;DF Individual - Demonstração das Mutações do Patrimônio Líquido;REAL;MIL;ÚLTIMO;2024-04-01;2025-03-31;Reservas de Capital, Opções Outorgadas e Ações em Tesouraria;5.04.05;Ações em Tesouraria Vendidas;0.0000000000;S
51.466.860/0001-56;2025-03-31;1;SAO MARTINHO S.A.;020516;DF Individual - Demonstração das Mutações do Patrimônio Líquido;REAL;MIL;PENÚLTIMO;2023-04-01;2024-03-31;Reservas de Lucro;5.04.05;Ações em Tesouraria Vendidas;0.0000000000;S
51.466.860/0001-56;2025-03-31;1;SAO MARTINHO S.A.;020516;DF Individual - Demonstração das Mutações do Patrimônio Líquido;REAL;MIL;ÚLTIMO;2024-04-01;2025-03-31;Reservas de Lucro;5.04.05;Ações em Tesouraria Vendidas;0.0000000000;S
51.466.860/0001-56;2025-03-31;1;SAO MARTINHO S.A.;020516;DF Individual - Demonstração das Mutações do Patrimônio Líquido;REAL;MIL;PENÚLTIMO;2023-04-01;2024-03-31;Lucros ou Prejuízos Acumulados;5.04.05;Ações em Tesouraria Vendidas;0.0000000000;S
51.466.860/0001-56;2025-03-31;1;SAO MARTINHO S.A.;020516;DF Individual - Demonstração das Mutações do Patrimônio Líquido;REAL;MIL;ÚLTIMO;2024-04-01;2025-03-31;Lucros ou Prejuízos Acumulados;5.04.05;Ações em Tesouraria Vendidas;0.0000000000;S
51.466.860/0001-56;2025-03-31;1;SAO MARTINHO S.A.;020516;DF Individual - Demonstração das Mutações do Patrimônio Líquido;REAL;MIL;PENÚLTIMO;2023-04-01;2024-03-31;Outros Resultados Abrangentes;5.04.05;Ações em Tesouraria Vendidas;0.0000000000;S
51.466.860/0001-56;2025-03-31;1;SAO MARTINHO S.A.;020516;DF Individual - Demonstração das Mutações do Patrimônio Líquido;REAL;MIL;ÚLTIMO;2024-04-01;2025-03-31;Outros Resultados Abrangentes;5.04.05;Ações em Tesouraria Vendidas;0.0000000000;S
51.466.860/0001-56;2025-03-31;1;SAO MARTINHO S.A.;020516;DF Individual - Demonstração das Mutações do Patrimônio Líquido;REAL;MIL;PENÚLTIMO;2023-04-01;2024-03-31;Patrimônio Líquido;5.04.05;Ações em Tesouraria Vendidas;0.0000000000;S
51.466.860/0001-56;2025-03-31;1;SAO MARTINHO S.A.;020516;DF Individual - Demonstração das Mutações do Patrimônio Líquido;REAL;MIL;ÚLTIMO;2024-04-01;2025-03-31;Patrimônio Líquido;5.04.05;Ações em Tesouraria Vendidas;0.0000000000;S
51.466.860/0001-56;2025-03-31;1;SAO MARTINHO S.A.;020516;DF Individual - Demonstração das Mutações do Patrimônio Líquido;REAL;MIL;PENÚLTIMO;2023-04-01;2024-03-31;Capital Social Integralizado;5.04.06;Dividendos;0.0000000000;S
51.466.860/0001-56;2025-03-31;1;SAO MARTINHO S.A.;020516;DF Individual - Demonstração das Mutações do Patrimônio Líquido;REAL;MIL;ÚLTIMO;2024-04-01;2025-03-31;Capital Social Integralizado;5.04.06;Dividendos;0.0000000000;S
51.466.860/0001-56;2025-03-31;1;SAO MARTINHO S.A.;020516;DF Individual - Demonstração das Mutações do Patrimônio Líquido;REAL;MIL;PENÚLTIMO;2023-04-01;2024-03-31;Reservas de Capital, Opções Outorgadas e Ações em Tesouraria;5.04.06;Dividendos;0.0000000000;S
51.466.860/0001-56;2025-03-31;1;SAO MARTINHO S.A.;020516;DF Individual - Demonstração das Mutações do Patrimônio Líquido;REAL;MIL;ÚLTIMO;2024-04-01;2025-03-31;Reservas de Capital, Opções Outorgadas e Ações em Tesouraria;5.04.06;Dividendos;0.0000000000;S
51.466.860/0001-56;2025-03-31;1;SAO MARTINHO S.A.;020516;DF Individual - Demonstração das Mutações do Patrimônio Líquido;REAL;MIL;PENÚLTIMO;2023-04-01;2024-03-31;Reservas de Lucro;5.04.06;Dividendos;-269068.0000000000;S
51.466.860/0001-56;2025-03-31;1;SAO MARTINHO S.A.;020516;DF Individual - Demonstração das Mutações do Patrimônio Líquido;REAL;MIL;ÚLTIMO;2024-04-01;2025-03-31;Reservas de Lucro;5.04.06;Dividendos;0.0000000000;S
51.466.860/0001-56;2025-03-31;1;SAO MARTINHO S.A.;020516;DF Individual - Demonstração das Mutações do Patrimônio Líquido;REAL;MIL;PENÚLTIMO;2023-04-01;2024-03-31;Lucros ou Prejuízos Acumulados;5.04.06;Dividendos;-134047.0000000000;S
51.466.860/0001-56;2025-03-31;1;SAO MARTINHO S.A.;020516;DF Individual - Demonstração das Mutações do Patrimônio Líquido;REAL;MIL;ÚLTIMO;2024-04-01;2025-03-31;Lucros ou Prejuízos Acumulados;5.04.06;Dividendos;0.0000000000;S
51.466.860/0001-56;2025-03-31;1;SAO MARTINHO S.A.;020516;DF Individual - Demonstração das Mutações do Patrimônio Líquido;REAL;MIL;PENÚLTIMO;2023-04-01;2024-03-31;Outros Resultados Abrangentes;5.04.06;Dividendos;0.0000000000;S
51.466.860/0001-56;2025-03-31;1;SAO MARTINHO S.A.;020516;DF Individual - Demonstração das Mutações do Patrimônio Líquido;REAL;MIL;ÚLTIMO;2024-04-01;2025-03-31;Outros Resultados Abrangentes;5.04.06;Dividendos;0.0000000000;S
51.466.860/0001-56;2025-03-31;1;SAO MARTINHO S.A.;020516;DF Individual - Demonstração das Mutações do Patrimônio Líquido;REAL;MIL;PENÚLTIMO;2023-04-01;2024-03-31;Patrimônio Líquido;5.04.06;Dividendos;-403115.0000000000;S
51.466.860/0001-56;2025-03-31;1;SAO MARTINHO S.A.;020516;DF Individual - Demonstração das Mutações do Patrimônio Líquido;REAL;MIL;ÚLTIMO;2024-04-01;2025-03-31;Patrimônio Líquido;5.04.06;Dividendos;0.0000000000;S
51.466.860/0001-56;2025-03-31;1;SAO MARTINHO S.A.;020516;DF Individual - Demonstração das Mutações do Patrimônio Líquido;REAL;MIL;PENÚLTIMO;2023-04-01;2024-03-31;Capital Social Integralizado;5.04.07;Juros sobre Capital Próprio;0.0000000000;S
51.466.860/0001-56;2025-03-31;1;SAO MARTINHO S.A.;020516;DF Individual - Demonstração das Mutações do Patrimônio Líquido;REAL;MIL;ÚLTIMO;2024-04-01;2025-03-31;Capital Social Integralizado;5.04.07;Juros sobre Capital Próprio;0.0000000000;S
51.466.860/0001-56;2025-03-31;1;SAO MARTINHO S.A.;020516;DF Individual - Demonstração das Mutações do Patrimônio Líquido;REAL;MIL;PENÚLTIMO;2023-04-01;2024-03-31;Reservas de Capital, Opções Outorgadas e Ações em Tesouraria;5.04.07;Juros sobre Capital Próprio;0.0000000000;S
51.466.860/0001-56;2025-03-31;1;SAO MARTINHO S.A.;020516;DF Individual - Demonstração das Mutações do Patrimônio Líquido;REAL;MIL;ÚLTIMO;2024-04-01;2025-03-31;Reservas de Capital, Opções Outorgadas e Ações em Tesouraria;5.04.07;Juros sobre Capital Próprio;0.0000000000;S
51.466.860/0001-56;2025-03-31;1;SAO MARTINHO S.A.;020516;DF Individual - Demonstração das Mutações do Patrimônio Líquido;REAL;MIL;PENÚLTIMO;2023-04-01;2024-03-31;Reservas de Lucro;5.04.07;Juros sobre Capital Próprio;0.0000000000;S
51.466.860/0001-56;2025-03-31;1;SAO MARTINHO S.A.;020516;DF Individual - Demonstração das Mutações do Patrimônio Líquido;REAL;MIL;ÚLTIMO;2024-04-01;2025-03-31;Reservas de Lucro;5.04.07;Juros sobre Capital Próprio;0.0000000000;S
51.466.860/0001-56;2025-03-31;1;SAO MARTINHO S.A.;020516;DF Individual - Demonstração das Mutações do Patrimônio Líquido;REAL;MIL;PENÚLTIMO;2023-04-01;2024-03-31;Lucros ou Prejuízos Acumulados;5.04.07;Juros sobre Capital Próprio;-155000.0000000000;S
51.466.860/0001-56;2025-03-31;1;SAO MARTINHO S.A.;020516;DF Individual - Demonstração das Mutações do Patrimônio Líquido;REAL;MIL;ÚLTIMO;2024-04-01;2025-03-31;Lucros ou Prejuízos Acumulados;5.04.07;Juros sobre Capital Próprio;-300000.0000000000;S
51.466.860/0001-56;2025-03-31;1;SAO MARTINHO S.A.;020516;DF Individual - Demonstração das Mutações do Patrimônio Líquido;REAL;MIL;PENÚLTIMO;2023-04-01;2024-03-31;Outros Resultados Abrangentes;5.04.07;Juros sobre Capital Próprio;0.0000000000;S
51.466.860/0001-56;2025-03-31;1;SAO MARTINHO S.A.;020516;DF Individual - Demonstração das Mutações do Patrimônio Líquido;REAL;MIL;ÚLTIMO;2024-04-01;2025-03-31;Outros Resultados Abrangentes;5.04.07;Juros sobre Capital Próprio;0.0000000000;S
51.466.860/0001-56;2025-03-31;1;SAO MARTINHO S.A.;020516;DF Individual - Demonstração das Mutações do Patrimônio Líquido;REAL;MIL;PENÚLTIMO;2023-04-01;2024-03-31;Patrimônio Líquido;5.04.07;Juros sobre Capital Próprio;-155000.0000000000;S
51.466.860/0001-56;2025-03-31;1;SAO MARTINHO S.A.;020516;DF Individual - Demonstração das Mutações do Patrimônio Líquido;REAL;MIL;ÚLTIMO;2024-04-01;2025-03-31;Patrimônio Líquido;5.04.07;Juros sobre Capital Próprio;-300000.0000000000;S
51.466.860/0001-56;2025-03-31;1;SAO MARTINHO S.A.;020516;DF Individual - Demonstração das Mutações do Patrimônio Líquido;REAL;MIL;PENÚLTIMO;2023-04-01;2024-03-31;Capital Social Integralizado;5.04.08;Realização de reserva de lucros mediante pagamento de dividendos;0.0000000000;N
51.466.860/0001-56;2025-03-31;1;SAO MARTINHO S.A.;020516;DF Individual - Demonstração das Mutações do Patrimônio Líquido;REAL;MIL;ÚLTIMO;2024-04-01;2025-03-31;Capital Social Integralizado;5.04.08;Pagamento de bônus com ações;0.0000000000;N
51.466.860/0001-56;2025-03-31;1;SAO MARTINHO S.A.;020516;DF Individual - Demonstração das Mutações do Patrimônio Líquido;REAL;MIL;PENÚLTIMO;2023-04-01;2024-03-31;Reservas de Capital, Opções Outorgadas e Ações em Tesouraria;5.04.08;Realização de reserva de lucros mediante pagamento de dividendos;0.0000000000;N
51.466.860/0001-56;2025-03-31;1;SAO MARTINHO S.A.;020516;DF Individual - Demonstração das Mutações do Patrimônio Líquido;REAL;MIL;ÚLTIMO;2024-04-01;2025-03-31;Reservas de Capital, Opções Outorgadas e Ações em Tesouraria;5.04.08;Pagamento de bônus com ações;7869.0000000000;N
51.466.860/0001-56;2025-03-31;1;SAO MARTINHO S.A.;020516;DF Individual - Demonstração das Mutações do Patrimônio Líquido;REAL;MIL;PENÚLTIMO;2023-04-01;2024-03-31;Reservas de Lucro;5.04.08;Realização de reserva de lucros mediante pagamento de dividendos;-16057.0000000000;N
51.466.860/0001-56;2025-03-31;1;SAO MARTINHO S.A.;020516;DF Individual - Demonstração das Mutações do Patrimônio Líquido;REAL;MIL;ÚLTIMO;2024-04-01;2025-03-31;Reservas de Lucro;5.04.08;Pagamento de bônus com ações;0.0000000000;N
51.466.860/0001-56;2025-03-31;1;SAO MARTINHO S.A.;020516;DF Individual - Demonstração das Mutações do Patrimônio Líquido;REAL;MIL;PENÚLTIMO;2023-04-01;2024-03-31;Lucros ou Prejuízos Acumulados;5.04.08;Realização de reserva de lucros mediante pagamento de dividendos;0.0000000000;N
51.466.860/0001-56;2025-03-31;1;SAO MARTINHO S.A.;020516;DF Individual - Demonstração das Mutações do Patrimônio Líquido;REAL;MIL;ÚLTIMO;2024-04-01;2025-03-31;Lucros ou Prejuízos Acumulados;5.04.08;Pagamento de bônus com ações;0.0000000000;N
51.466.860/0001-56;2025-03-31;1;SAO MARTINHO S.A.;020516;DF Individual - Demonstração das Mutações do Patrimônio Líquido;REAL;MIL;PENÚLTIMO;2023-04-01;2024-03-31;Outros Resultados Abrangentes;5.04.08;Realização de reserva de lucros mediante pagamento de dividendos;0.0000000000;N
51.466.860/0001-56;2025-03-31;1;SAO MARTINHO S.A.;020516;DF Individual - Demonstração das Mutações do Patrimônio Líquido;REAL;MIL;ÚLTIMO;2024-04-01;2025-03-31;Outros Resultados Abrangentes;5.04.08;Pagamento de bônus com ações;0.0000000000;N
51.466.860/0001-56;2025-03-31;1;SAO MARTINHO S.A.;020516;DF Individual - Demonstração das Mutações do Patrimônio Líquido;REAL;MIL;PENÚLTIMO;2023-04-01;2024-03-31;Patrimônio Líquido;5.04.08;Realização de reserva de lucros mediante pagamento de dividendos;-16057.0000000000;N
51.466.860/0001-56;2025-03-31;1;SAO MARTINHO S.A.;020516;DF Individual - Demonstração das Mutações do Patrimônio Líquido;REAL;MIL;ÚLTIMO;2024-04-01;2025-03-31;Patrimônio Líquido;5.04.08;Pagamento de bônus com ações;7869.0000000000;N
51.466.860/0001-56;2025-03-31;1;SAO MARTINHO S.A.;020516;DF Individual - Demonstração das Mutações do Patrimônio Líquido;REAL;MIL;ÚLTIMO;2024-04-01;2025-03-31;Capital Social Integralizado;5.04.09;Reversão de dividendos não reclamados prescritos;0.0000000000;N
51.466.860/0001-56;2025-03-31;1;SAO MARTINHO S.A.;020516;DF Individual - Demonstração das Mutações do Patrimônio Líquido;REAL;MIL;ÚLTIMO;2024-04-01;2025-03-31;Reservas de Capital, Opções Outorgadas e Ações em Tesouraria;5.04.09;Reversão de dividendos não reclamados prescritos;0.0000000000;N
51.466.860/0001-56;2025-03-31;1;SAO MARTINHO S.A.;020516;DF Individual - Demonstração das Mutações do Patrimônio Líquido;REAL;MIL;ÚLTIMO;2024-04-01;2025-03-31;Reservas de Lucro;5.04.09;Reversão de dividendos não reclamados prescritos;0.0000000000;N
51.466.860/0001-56;2025-03-31;1;SAO MARTINHO S.A.;020516;DF Individual - Demonstração das Mutações do Patrimônio Líquido;REAL;MIL;ÚLTIMO;2024-04-01;2025-03-31;Lucros ou Prejuízos Acumulados;5.04.09;Reversão de dividendos não reclamados prescritos;21.0000000000;N
51.466.860/0001-56;2025-03-31;1;SAO MARTINHO S.A.;020516;DF Individual - Demonstração das Mutações do Patrimônio Líquido;REAL;MIL;ÚLTIMO;2024-04-01;2025-03-31;Outros Resultados Abrangentes;5.04.09;Reversão de dividendos não reclamados prescritos;0.0000000000;N
51.466.860/0001-56;2025-03-31;1;SAO MARTINHO S.A.;020516;DF Individual - Demonstração das Mutações do Patrimônio Líquido;REAL;MIL;ÚLTIMO;2024-04-01;2025-03-31;Patrimônio Líquido;5.04.09;Reversão de dividendos não reclamados prescritos;21.0000000000;N
51.466.860/0001-56;2025-03-31;1;SAO MARTINHO S.A.;020516;DF Individual - Demonstração das Mutações do Patrimônio Líquido;REAL;MIL;PENÚLTIMO;2023-04-01;2024-03-31;Capital Social Integralizado;5.05;Resultado Abrangente Total;0.0000000000;S
51.466.860/0001-56;2025-03-31;1;SAO MARTINHO S.A.;020516;DF Individual - Demonstração das Mutações do Patrimônio Líquido;REAL;MIL;ÚLTIMO;2024-04-01;2025-03-31;Capital Social Integralizado;5.05;Resultado Abrangente Total;0.0000000000;S
51.466.860/0001-56;2025-03-31;1;SAO MARTINHO S.A.;020516;DF Individual - Demonstração das Mutações do Patrimônio Líquido;REAL;MIL;PENÚLTIMO;2023-04-01;2024-03-31;Reservas de Capital, Opções Outorgadas e Ações em Tesouraria;5.05;Resultado Abrangente Total;0.0000000000;S
51.466.860/0001-56;2025-03-31;1;SAO MARTINHO S.A.;020516;DF Individual - Demonstração das Mutações do Patrimônio Líquido;REAL;MIL;ÚLTIMO;2024-04-01;2025-03-31;Reservas de Capital, Opções Outorgadas e Ações em Tesouraria;5.05;Resultado Abrangente Total;0.0000000000;S
51.466.860/0001-56;2025-03-31;1;SAO MARTINHO S.A.;020516;DF Individual - Demonstração das Mutações do Patrimônio Líquido;REAL;MIL;PENÚLTIMO;2023-04-01;2024-03-31;Reservas de Lucro;5.05;Resultado Abrangente Total;0.0000000000;S
51.466.860/0001-56;2025-03-31;1;SAO MARTINHO S.A.;020516;DF Individual - Demonstração das Mutações do Patrimônio Líquido;REAL;MIL;ÚLTIMO;2024-04-01;2025-03-31;Reservas de Lucro;5.05;Resultado Abrangente Total;0.0000000000;S
51.466.860/0001-56;2025-03-31;1;SAO MARTINHO S.A.;020516;DF Individual - Demonstração das Mutações do Patrimônio Líquido;REAL;MIL;PENÚLTIMO;2023-04-01;2024-03-31;Lucros ou Prejuízos Acumulados;5.05;Resultado Abrangente Total;1476279.0000000000;S
51.466.860/0001-56;2025-03-31;1;SAO MARTINHO S.A.;020516;DF Individual - Demonstração das Mutações do Patrimônio Líquido;REAL;MIL;ÚLTIMO;2024-04-01;2025-03-31;Lucros ou Prejuízos Acumulados;5.05;Resultado Abrangente Total;556731.0000000000;S
51.466.860/0001-56;2025-03-31;1;SAO MARTINHO S.A.;020516;DF Individual - Demonstração das Mutações do Patrimônio Líquido;REAL;MIL;PENÚLTIMO;2023-04-01;2024-03-31;Outros Resultados Abrangentes;5.05;Resultado Abrangente Total;64226.0000000000;S
51.466.860/0001-56;2025-03-31;1;SAO MARTINHO S.A.;020516;DF Individual - Demonstração das Mutações do Patrimônio Líquido;REAL;MIL;ÚLTIMO;2024-04-01;2025-03-31;Outros Resultados Abrangentes;5.05;Resultado Abrangente Total;68679.0000000000;S
51.466.860/0001-56;2025-03-31;1;SAO MARTINHO S.A.;020516;DF Individual - Demonstração das Mutações do Patrimônio Líquido;REAL;MIL;PENÚLTIMO;2023-04-01;2024-03-31;Patrimônio Líquido;5.05;Resultado Abrangente Total;1540505.0000000000;S
51.466.860/0001-56;2025-03-31;1;SAO MARTINHO S.A.;020516;DF Individual - Demonstração das Mutações do Patrimônio Líquido;REAL;MIL;ÚLTIMO;2024-04-01;2025-03-31;Patrimônio Líquido;5.05;Resultado Abrangente Total;625410.0000000000;S
51.466.860/0001-56;2025-03-31;1;SAO MARTINHO S.A.;020516;DF Individual - Demonstração das Mutações do Patrimônio Líquido;REAL;MIL;PENÚLTIMO;2023-04-01;2024-03-31;Capital Social Integralizado;5.05.01;Lucro Líquido do Período;0.0000000000;S
51.466.860/0001-56;2025-03-31;1;SAO MARTINHO S.A.;020516;DF Individual - Demonstração das Mutações do Patrimônio Líquido;REAL;MIL;ÚLTIMO;2024-04-01;2025-03-31;Capital Social Integralizado;5.05.01;Lucro Líquido do Período;0.0000000000;S
51.466.860/0001-56;2025-03-31;1;SAO MARTINHO S.A.;020516;DF Individual - Demonstração das Mutações do Patrimônio Líquido;REAL;MIL;PENÚLTIMO;2023-04-01;2024-03-31;Reservas de Capital, Opções Outorgadas e Ações em Tesouraria;5.05.01;Lucro Líquido do Período;0.0000000000;S
51.466.860/0001-56;2025-03-31;1;SAO MARTINHO S.A.;020516;DF Individual - Demonstração das Mutações do Patrimônio Líquido;REAL;MIL;ÚLTIMO;2024-04-01;2025-03-31;Reservas de Capital, Opções Outorgadas e Ações em Tesouraria;5.05.01;Lucro Líquido do Período;0.0000000000;S
51.466.860/0001-56;2025-03-31;1;SAO MARTINHO S.A.;020516;DF Individual - Demonstração das Mutações do Patrimônio Líquido;REAL;MIL;PENÚLTIMO;2023-04-01;2024-03-31;Reservas de Lucro;5.05.01;Lucro Líquido do Período;0.0000000000;S
51.466.860/0001-56;2025-03-31;1;SAO MARTINHO S.A.;020516;DF Individual - Demonstração das Mutações do Patrimônio Líquido;REAL;MIL;ÚLTIMO;2024-04-01;2025-03-31;Reservas de Lucro;5.05.01;Lucro Líquido do Período;0.0000000000;S
51.466.860/0001-56;2025-03-31;1;SAO MARTINHO S.A.;020516;DF Individual - Demonstração das Mutações do Patrimônio Líquido;REAL;MIL;PENÚLTIMO;2023-04-01;2024-03-31;Lucros ou Prejuízos Acumulados;5.05.01;Lucro Líquido do Período;1476279.0000000000;S
51.466.860/0001-56;2025-03-31;1;SAO MARTINHO S.A.;020516;DF Individual - Demonstração das Mutações do Patrimônio Líquido;REAL;MIL;ÚLTIMO;2024-04-01;2025-03-31;Lucros ou Prejuízos Acumulados;5.05.01;Lucro Líquido do Período;556731.0000000000;S
51.466.860/0001-56;2025-03-31;1;SAO MARTINHO S.A.;020516;DF Individual - Demonstração das Mutações do Patrimônio Líquido;REAL;MIL;PENÚLTIMO;2023-04-01;2024-03-31;Outros Resultados Abrangentes;5.05.01;Lucro Líquido do Período;0.0000000000;S
51.466.860/0001-56;2025-03-31;1;SAO MARTINHO S.A.;020516;DF Individual - Demonstração das Mutações do Patrimônio Líquido;REAL;MIL;ÚLTIMO;2024-04-01;2025-03-31;Outros Resultados Abrangentes;5.05.01;Lucro Líquido do Período;0.0000000000;S
51.466.860/0001-56;2025-03-31;1;SAO MARTINHO S.A.;020516;DF Individual - Demonstração das Mutações do Patrimônio Líquido;REAL;MIL;PENÚLTIMO;2023-04-01;2024-03-31;Patrimônio Líquido;5.05.01;Lucro Líquido do Período;1476279.0000000000;S
51.466.860/0001-56;2025-03-31;1;SAO MARTINHO S.A.;020516;DF Individual - Demonstração das Mutações do Patrimônio Líquido;REAL;MIL;ÚLTIMO;2024-04-01;2025-03-31;Patrimônio Líquido;5.05.01;Lucro Líquido do Período;556731.0000000000;S
51.466.860/0001-56;2025-03-31;1;SAO MARTINHO S.A.;020516;DF Individual - Demonstração das Mutações do Patrimônio Líquido;REAL;MIL;PENÚLTIMO;2023-04-01;2024-03-31;Capital Social Integralizado;5.05.02;Outros Resultados Abrangentes;0.0000000000;S
51.466.860/0001-56;2025-03-31;1;SAO MARTINHO S.A.;020516;DF Individual - Demonstração das Mutações do Patrimônio Líquido;REAL;MIL;ÚLTIMO;2024-04-01;2025-03-31;Capital Social Integralizado;5.05.02;Outros Resultados Abrangentes;0.0000000000;S
51.466.860/0001-56;2025-03-31;1;SAO MARTINHO S.A.;020516;DF Individual - Demonstração das Mutações do Patrimônio Líquido;REAL;MIL;PENÚLTIMO;2023-04-01;2024-03-31;Reservas de Capital, Opções Outorgadas e Ações em Tesouraria;5.05.02;Outros Resultados Abrangentes;0.0000000000;S
51.466.860/0001-56;2025-03-31;1;SAO MARTINHO S.A.;020516;DF Individual - Demonstração das Mutações do Patrimônio Líquido;REAL;MIL;ÚLTIMO;2024-04-01;2025-03-31;Reservas de Capital, Opções Outorgadas e Ações em Tesouraria;5.05.02;Outros Resultados Abrangentes;0.0000000000;S
51.466.860/0001-56;2025-03-31;1;SAO MARTINHO S.A.;020516;DF Individual - Demonstração das Mutações do Patrimônio Líquido;REAL;MIL;PENÚLTIMO;2023-04-01;2024-03-31;Reservas de Lucro;5.05.02;Outros Resultados Abrangentes;0.0000000000;S
51.466.860/0001-56;2025-03-31;1;SAO MARTINHO S.A.;020516;DF Individual - Demonstração das Mutações do Patrimônio Líquido;REAL;MIL;ÚLTIMO;2024-04-01;2025-03-31;Reservas de Lucro;5.05.02;Outros Resultados Abrangentes;0.0000000000;S
51.466.860/0001-56;2025-03-31;1;SAO MARTINHO S.A.;020516;DF Individual - Demonstração das Mutações do Patrimônio Líquido;REAL;MIL;PENÚLTIMO;2023-04-01;2024-03-31;Lucros ou Prejuízos Acumulados;5.05.02;Outros Resultados Abrangentes;0.0000000000;S
51.466.860/0001-56;2025-03-31;1;SAO MARTINHO S.A.;020516;DF Individual - Demonstração das Mutações do Patrimônio Líquido;REAL;MIL;ÚLTIMO;2024-04-01;2025-03-31;Lucros ou Prejuízos Acumulados;5.05.02;Outros Resultados Abrangentes;0.0000000000;S
51.466.860/0001-56;2025-03-31;1;SAO MARTINHO S.A.;020516;DF Individual - Demonstração das Mutações do Patrimônio Líquido;REAL;MIL;PENÚLTIMO;2023-04-01;2024-03-31;Outros Resultados Abrangentes;5.05.02;Outros Resultados Abrangentes;63831.0000000000;S
51.466.860/0001-56;2025-03-31;1;SAO MARTINHO S.A.;020516;DF Individual - Demonstração das Mutações do Patrimônio Líquido;REAL;MIL;ÚLTIMO;2024-04-01;2025-03-31;Outros Resultados Abrangentes;5.05.02;Outros Resultados Abrangentes;68317.0000000000;S
51.466.860/0001-56;2025-03-31;1;SAO MARTINHO S.A.;020516;DF Individual - Demonstração das Mutações do Patrimônio Líquido;REAL;MIL;PENÚLTIMO;2023-04-01;2024-03-31;Patrimônio Líquido;5.05.02;Outros Resultados Abrangentes;63831.0000000000;S
51.466.860/0001-56;2025-03-31;1;SAO MARTINHO S.A.;020516;DF Individual - Demonstração das Mutações do Patrimônio Líquido;REAL;MIL;ÚLTIMO;2024-04-01;2025-03-31;Patrimônio Líquido;5.05.02;Outros Resultados Abrangentes;68317.0000000000;S
51.466.860/0001-56;2025-03-31;1;SAO MARTINHO S.A.;020516;DF Individual - Demonstração das Mutações do Patrimônio Líquido;REAL;MIL;PENÚLTIMO;2023-04-01;2024-03-31;Capital Social Integralizado;5.05.02.01;Ajustes de Instrumentos Financeiros;0.0000000000;S
51.466.860/0001-56;2025-03-31;1;SAO MARTINHO S.A.;020516;DF Individual - Demonstração das Mutações do Patrimônio Líquido;REAL;MIL;ÚLTIMO;2024-04-01;2025-03-31;Capital Social Integralizado;5.05.02.01;Ajustes de Instrumentos Financeiros;0.0000000000;S
51.466.860/0001-56;2025-03-31;1;SAO MARTINHO S.A.;020516;DF Individual - Demonstração das Mutações do Patrimônio Líquido;REAL;MIL;PENÚLTIMO;2023-04-01;2024-03-31;Reservas de Capital, Opções Outorgadas e Ações em Tesouraria;5.05.02.01;Ajustes de Instrumentos Financeiros;0.0000000000;S
51.466.860/0001-56;2025-03-31;1;SAO MARTINHO S.A.;020516;DF Individual - Demonstração das Mutações do Patrimônio Líquido;REAL;MIL;ÚLTIMO;2024-04-01;2025-03-31;Reservas de Capital, Opções Outorgadas e Ações em Tesouraria;5.05.02.01;Ajustes de Instrumentos Financeiros;0.0000000000;S
51.466.860/0001-56;2025-03-31;1;SAO MARTINHO S.A.;020516;DF Individual - Demonstração das Mutações do Patrimônio Líquido;REAL;MIL;PENÚLTIMO;2023-04-01;2024-03-31;Reservas de Lucro;5.05.02.01;Ajustes de Instrumentos Financeiros;0.0000000000;S
51.466.860/0001-56;2025-03-31;1;SAO MARTINHO S.A.;020516;DF Individual - Demonstração das Mutações do Patrimônio Líquido;REAL;MIL;ÚLTIMO;2024-04-01;2025-03-31;Reservas de Lucro;5.05.02.01;Ajustes de Instrumentos Financeiros;0.0000000000;S
51.466.860/0001-56;2025-03-31;1;SAO MARTINHO S.A.;020516;DF Individual - Demonstração das Mutações do Patrimônio Líquido;REAL;MIL;PENÚLTIMO;2023-04-01;2024-03-31;Lucros ou Prejuízos Acumulados;5.05.02.01;Ajustes de Instrumentos Financeiros;0.0000000000;S
51.466.860/0001-56;2025-03-31;1;SAO MARTINHO S.A.;020516;DF Individual - Demonstração das Mutações do Patrimônio Líquido;REAL;MIL;ÚLTIMO;2024-04-01;2025-03-31;Lucros ou Prejuízos Acumulados;5.05.02.01;Ajustes de Instrumentos Financeiros;0.0000000000;S
51.466.860/0001-56;2025-03-31;1;SAO MARTINHO S.A.;020516;DF Individual - Demonstração das Mutações do Patrimônio Líquido;REAL;MIL;PENÚLTIMO;2023-04-01;2024-03-31;Outros Resultados Abrangentes;5.05.02.01;Ajustes de Instrumentos Financeiros;63831.0000000000;S
51.466.860/0001-56;2025-03-31;1;SAO MARTINHO S.A.;020516;DF Individual - Demonstração das Mutações do Patrimônio Líquido;REAL;MIL;ÚLTIMO;2024-04-01;2025-03-31;Outros Resultados Abrangentes;5.05.02.01;Ajustes de Instrumentos Financeiros;68317.0000000000;S
51.466.860/0001-56;2025-03-31;1;SAO MARTINHO S.A.;020516;DF Individual - Demonstração das Mutações do Patrimônio Líquido;REAL;MIL;PENÚLTIMO;2023-04-01;2024-03-31;Patrimônio Líquido;5.05.02.01;Ajustes de Instrumentos Financeiros;63831.0000000000;S
51.466.860/0001-56;2025-03-31;1;SAO MARTINHO S.A.;020516;DF Individual - Demonstração das Mutações do Patrimônio Líquido;REAL;MIL;ÚLTIMO;2024-04-01;2025-03-31;Patrimônio Líquido;5.05.02.01;Ajustes de Instrumentos Financeiros;68317.0000000000;S
51.466.860/0001-56;2025-03-31;1;SAO MARTINHO S.A.;020516;DF Individual - Demonstração das Mutações do Patrimônio Líquido;REAL;MIL;PENÚLTIMO;2023-04-01;2024-03-31;Capital Social Integralizado;5.05.02.02;Tributos s/ Ajustes Instrumentos Financeiros;0.0000000000;S
51.466.860/0001-56;2025-03-31;1;SAO MARTINHO S.A.;020516;DF Individual - Demonstração das Mutações do Patrimônio Líquido;REAL;MIL;ÚLTIMO;2024-04-01;2025-03-31;Capital Social Integralizado;5.05.02.02;Tributos s/ Ajustes Instrumentos Financeiros;0.0000000000;S
51.466.860/0001-56;2025-03-31;1;SAO MARTINHO S.A.;020516;DF Individual - Demonstração das Mutações do Patrimônio Líquido;REAL;MIL;PENÚLTIMO;2023-04-01;2024-03-31;Reservas de Capital, Opções Outorgadas e Ações em Tesouraria;5.05.02.02;Tributos s/ Ajustes Instrumentos Financeiros;0.0000000000;S
51.466.860/0001-56;2025-03-31;1;SAO MARTINHO S.A.;020516;DF Individual - Demonstração das Mutações do Patrimônio Líquido;REAL;MIL;ÚLTIMO;2024-04-01;2025-03-31;Reservas de Capital, Opções Outorgadas e Ações em Tesouraria;5.05.02.02;Tributos s/ Ajustes Instrumentos Financeiros;0.0000000000;S
51.466.860/0001-56;2025-03-31;1;SAO MARTINHO S.A.;020516;DF Individual - Demonstração das Mutações do Patrimônio Líquido;REAL;MIL;PENÚLTIMO;2023-04-01;2024-03-31;Reservas de Lucro;5.05.02.02;Tributos s/ Ajustes Instrumentos Financeiros;0.0000000000;S
51.466.860/0001-56;2025-03-31;1;SAO MARTINHO S.A.;020516;DF Individual - Demonstração das Mutações do Patrimônio Líquido;REAL;MIL;ÚLTIMO;2024-04-01;2025-03-31;Reservas de Lucro;5.05.02.02;Tributos s/ Ajustes Instrumentos Financeiros;0.0000000000;S
51.466.860/0001-56;2025-03-31;1;SAO MARTINHO S.A.;020516;DF Individual - Demonstração das Mutações do Patrimônio Líquido;REAL;MIL;PENÚLTIMO;2023-04-01;2024-03-31;Lucros ou Prejuízos Acumulados;5.05.02.02;Tributos s/ Ajustes Instrumentos Financeiros;0.0000000000;S
51.466.860/0001-56;2025-03-31;1;SAO MARTINHO S.A.;020516;DF Individual - Demonstração das Mutações do Patrimônio Líquido;REAL;MIL;ÚLTIMO;2024-04-01;2025-03-31;Lucros ou Prejuízos Acumulados;5.05.02.02;Tributos s/ Ajustes Instrumentos Financeiros;0.0000000000;S
51.466.860/0001-56;2025-03-31;1;SAO MARTINHO S.A.;020516;DF Individual - Demonstração das Mutações do Patrimônio Líquido;REAL;MIL;PENÚLTIMO;2023-04-01;2024-03-31;Outros Resultados Abrangentes;5.05.02.02;Tributos s/ Ajustes Instrumentos Financeiros;0.0000000000;S
51.466.860/0001-56;2025-03-31;1;SAO MARTINHO S.A.;020516;DF Individual - Demonstração das Mutações do Patrimônio Líquido;REAL;MIL;ÚLTIMO;2024-04-01;2025-03-31;Outros Resultados Abrangentes;5.05.02.02;Tributos s/ Ajustes Instrumentos Financeiros;0.0000000000;S
51.466.860/0001-56;2025-03-31;1;SAO MARTINHO S.A.;020516;DF Individual - Demonstração das Mutações do Patrimônio Líquido;REAL;MIL;PENÚLTIMO;2023-04-01;2024-03-31;Patrimônio Líquido;5.05.02.02;Tributos s/ Ajustes Instrumentos Financeiros;0.0000000000;S
51.466.860/0001-56;2025-03-31;1;SAO MARTINHO S.A.;020516;DF Individual - Demonstração das Mutações do Patrimônio Líquido;REAL;MIL;ÚLTIMO;2024-04-01;2025-03-31;Patrimônio Líquido;5.05.02.02;Tributos s/ Ajustes Instrumentos Financeiros;0.0000000000;S
51.466.860/0001-56;2025-03-31;1;SAO MARTINHO S.A.;020516;DF Individual - Demonstração das Mutações do Patrimônio Líquido;REAL;MIL;PENÚLTIMO;2023-04-01;2024-03-31;Capital Social Integralizado;5.05.02.03;Equiv. Patrim. s/Result. Abrang. Controladas e Coligadas;0.0000000000;S
51.466.860/0001-56;2025-03-31;1;SAO MARTINHO S.A.;020516;DF Individual - Demonstração das Mutações do Patrimônio Líquido;REAL;MIL;ÚLTIMO;2024-04-01;2025-03-31;Capital Social Integralizado;5.05.02.03;Equiv. Patrim. s/Result. Abrang. Controladas e Coligadas;0.0000000000;S
51.466.860/0001-56;2025-03-31;1;SAO MARTINHO S.A.;020516;DF Individual - Demonstração das Mutações do Patrimônio Líquido;REAL;MIL;PENÚLTIMO;2023-04-01;2024-03-31;Reservas de Capital, Opções Outorgadas e Ações em Tesouraria;5.05.02.03;Equiv. Patrim. s/Result. Abrang. Controladas e Coligadas;0.0000000000;S
51.466.860/0001-56;2025-03-31;1;SAO MARTINHO S.A.;020516;DF Individual - Demonstração das Mutações do Patrimônio Líquido;REAL;MIL;ÚLTIMO;2024-04-01;2025-03-31;Reservas de Capital, Opções Outorgadas e Ações em Tesouraria;5.05.02.03;Equiv. Patrim. s/Result. Abrang. Controladas e Coligadas;0.0000000000;S
51.466.860/0001-56;2025-03-31;1;SAO MARTINHO S.A.;020516;DF Individual - Demonstração das Mutações do Patrimônio Líquido;REAL;MIL;PENÚLTIMO;2023-04-01;2024-03-31;Reservas de Lucro;5.05.02.03;Equiv. Patrim. s/Result. Abrang. Controladas e Coligadas;0.0000000000;S
51.466.860/0001-56;2025-03-31;1;SAO MARTINHO S.A.;020516;DF Individual - Demonstração das Mutações do Patrimônio Líquido;REAL;MIL;ÚLTIMO;2024-04-01;2025-03-31;Reservas de Lucro;5.05.02.03;Equiv. Patrim. s/Result. Abrang. Controladas e Coligadas;0.0000000000;S
51.466.860/0001-56;2025-03-31;1;SAO MARTINHO S.A.;020516;DF Individual - Demonstração das Mutações do Patrimônio Líquido;REAL;MIL;PENÚLTIMO;2023-04-01;2024-03-31;Lucros ou Prejuízos Acumulados;5.05.02.03;Equiv. Patrim. s/Result. Abrang. Controladas e Coligadas;0.0000000000;S
51.466.860/0001-56;2025-03-31;1;SAO MARTINHO S.A.;020516;DF Individual - Demonstração das Mutações do Patrimônio Líquido;REAL;MIL;ÚLTIMO;2024-04-01;2025-03-31;Lucros ou Prejuízos Acumulados;5.05.02.03;Equiv. Patrim. s/Result. Abrang. Controladas e Coligadas;0.0000000000;S
51.466.860/0001-56;2025-03-31;1;SAO MARTINHO S.A.;020516;DF Individual - Demonstração das Mutações do Patrimônio Líquido;REAL;MIL;PENÚLTIMO;2023-04-01;2024-03-31;Outros Resultados Abrangentes;5.05.02.03;Equiv. Patrim. s/Result. Abrang. Controladas e Coligadas;0.0000000000;S
51.466.860/0001-56;2025-03-31;1;SAO MARTINHO S.A.;020516;DF Individual - Demonstração das Mutações do Patrimônio Líquido;REAL;MIL;ÚLTIMO;2024-04-01;2025-03-31;Outros Resultados Abrangentes;5.05.02.03;Equiv. Patrim. s/Result. Abrang. Controladas e Coligadas;0.0000000000;S
51.466.860/0001-56;2025-03-31;1;SAO MARTINHO S.A.;020516;DF Individual - Demonstração das Mutações do Patrimônio Líquido;REAL;MIL;PENÚLTIMO;2023-04-01;2024-03-31;Patrimônio Líquido;5.05.02.03;Equiv. Patrim. s/Result. Abrang. Controladas e Coligadas;0.0000000000;S
51.466.860/0001-56;2025-03-31;1;SAO MARTINHO S.A.;020516;DF Individual - Demonstração das Mutações do Patrimônio Líquido;REAL;MIL;ÚLTIMO;2024-04-01;2025-03-31;Patrimônio Líquido;5.05.02.03;Equiv. Patrim. s/Result. Abrang. Controladas e Coligadas;0.0000000000;S
51.466.860/0001-56;2025-03-31;1;SAO MARTINHO S.A.;020516;DF Individual - Demonstração das Mutações do Patrimônio Líquido;REAL;MIL;PENÚLTIMO;2023-04-01;2024-03-31;Capital Social Integralizado;5.05.02.04;Ajustes de Conversão do Período;0.0000000000;S
51.466.860/0001-56;2025-03-31;1;SAO MARTINHO S.A.;020516;DF Individual - Demonstração das Mutações do Patrimônio Líquido;REAL;MIL;ÚLTIMO;2024-04-01;2025-03-31;Capital Social Integralizado;5.05.02.04;Ajustes de Conversão do Período;0.0000000000;S
51.466.860/0001-56;2025-03-31;1;SAO MARTINHO S.A.;020516;DF Individual - Demonstração das Mutações do Patrimônio Líquido;REAL;MIL;PENÚLTIMO;2023-04-01;2024-03-31;Reservas de Capital, Opções Outorgadas e Ações em Tesouraria;5.05.02.04;Ajustes de Conversão do Período;0.0000000000;S
51.466.860/0001-56;2025-03-31;1;SAO MARTINHO S.A.;020516;DF Individual - Demonstração das Mutações do Patrimônio Líquido;REAL;MIL;ÚLTIMO;2024-04-01;2025-03-31;Reservas de Capital, Opções Outorgadas e Ações em Tesouraria;5.05.02.04;Ajustes de Conversão do Período;0.0000000000;S
51.466.860/0001-56;2025-03-31;1;SAO MARTINHO S.A.;020516;DF Individual - Demonstração das Mutações do Patrimônio Líquido;REAL;MIL;PENÚLTIMO;2023-04-01;2024-03-31;Reservas de Lucro;5.05.02.04;Ajustes de Conversão do Período;0.0000000000;S
51.466.860/0001-56;2025-03-31;1;SAO MARTINHO S.A.;020516;DF Individual - Demonstração das Mutações do Patrimônio Líquido;REAL;MIL;ÚLTIMO;2024-04-01;2025-03-31;Reservas de Lucro;5.05.02.04;Ajustes de Conversão do Período;0.0000000000;S
51.466.860/0001-56;2025-03-31;1;SAO MARTINHO S.A.;020516;DF Individual - Demonstração das Mutações do Patrimônio Líquido;REAL;MIL;PENÚLTIMO;2023-04-01;2024-03-31;Lucros ou Prejuízos Acumulados;5.05.02.04;Ajustes de Conversão do Período;0.0000000000;S
51.466.860/0001-56;2025-03-31;1;SAO MARTINHO S.A.;020516;DF Individual - Demonstração das Mutações do Patrimônio Líquido;REAL;MIL;ÚLTIMO;2024-04-01;2025-03-31;Lucros ou Prejuízos Acumulados;5.05.02.04;Ajustes de Conversão do Período;0.0000000000;S
51.466.860/0001-56;2025-03-31;1;SAO MARTINHO S.A.;020516;DF Individual - Demonstração das Mutações do Patrimônio Líquido;REAL;MIL;PENÚLTIMO;2023-04-01;2024-03-31;Outros Resultados Abrangentes;5.05.02.04;Ajustes de Conversão do Período;0.0000000000;S
51.466.860/0001-56;2025-03-31;1;SAO MARTINHO S.A.;020516;DF Individual - Demonstração das Mutações do Patrimônio Líquido;REAL;MIL;ÚLTIMO;2024-04-01;2025-03-31;Outros Resultados Abrangentes;5.05.02.04;Ajustes de Conversão do Período;0.0000000000;S
51.466.860/0001-56;2025-03-31;1;SAO MARTINHO S.A.;020516;DF Individual - Demonstração das Mutações do Patrimônio Líquido;REAL;MIL;PENÚLTIMO;2023-04-01;2024-03-31;Patrimônio Líquido;5.05.02.04;Ajustes de Conversão do Período;0.0000000000;S
51.466.860/0001-56;2025-03-31;1;SAO MARTINHO S.A.;020516;DF Individual - Demonstração das Mutações do Patrimônio Líquido;REAL;MIL;ÚLTIMO;2024-04-01;2025-03-31;Patrimônio Líquido;5.05.02.04;Ajustes de Conversão do Período;0.0000000000;S
51.466.860/0001-56;2025-03-31;1;SAO MARTINHO S.A.;020516;DF Individual - Demonstração das Mutações do Patrimônio Líquido;REAL;MIL;PENÚLTIMO;2023-04-01;2024-03-31;Capital Social Integralizado;5.05.02.05;Tributos s/ Ajustes de Conversão do Período;0.0000000000;S
51.466.860/0001-56;2025-03-31;1;SAO MARTINHO S.A.;020516;DF Individual - Demonstração das Mutações do Patrimônio Líquido;REAL;MIL;ÚLTIMO;2024-04-01;2025-03-31;Capital Social Integralizado;5.05.02.05;Tributos s/ Ajustes de Conversão do Período;0.0000000000;S
51.466.860/0001-56;2025-03-31;1;SAO MARTINHO S.A.;020516;DF Individual - Demonstração das Mutações do Patrimônio Líquido;REAL;MIL;PENÚLTIMO;2023-04-01;2024-03-31;Reservas de Capital, Opções Outorgadas e Ações em Tesouraria;5.05.02.05;Tributos s/ Ajustes de Conversão do Período;0.0000000000;S
51.466.860/0001-56;2025-03-31;1;SAO MARTINHO S.A.;020516;DF Individual - Demonstração das Mutações do Patrimônio Líquido;REAL;MIL;ÚLTIMO;2024-04-01;2025-03-31;Reservas de Capital, Opções Outorgadas e Ações em Tesouraria;5.05.02.05;Tributos s/ Ajustes de Conversão do Período;0.0000000000;S
51.466.860/0001-56;2025-03-31;1;SAO MARTINHO S.A.;020516;DF Individual - Demonstração das Mutações do Patrimônio Líquido;REAL;MIL;PENÚLTIMO;2023-04-01;2024-03-31;Reservas de Lucro;5.05.02.05;Tributos s/ Ajustes de Conversão do Período;0.0000000000;S
51.466.860/0001-56;2025-03-31;1;SAO MARTINHO S.A.;020516;DF Individual - Demonstração das Mutações do Patrimônio Líquido;REAL;MIL;ÚLTIMO;2024-04-01;2025-03-31;Reservas de Lucro;5.05.02.05;Tributos s/ Ajustes de Conversão do Período;0.0000000000;S
51.466.860/0001-56;2025-03-31;1;SAO MARTINHO S.A.;020516;DF Individual - Demonstração das Mutações do Patrimônio Líquido;REAL;MIL;PENÚLTIMO;2023-04-01;2024-03-31;Lucros ou Prejuízos Acumulados;5.05.02.05;Tributos s/ Ajustes de Conversão do Período;0.0000000000;S
51.466.860/0001-56;2025-03-31;1;SAO MARTINHO S.A.;020516;DF Individual - Demonstração das Mutações do Patrimônio Líquido;REAL;MIL;ÚLTIMO;2024-04-01;2025-03-31;Lucros ou Prejuízos Acumulados;5.05.02.05;Tributos s/ Ajustes de Conversão do Período;0.0000000000;S
51.466.860/0001-56;2025-03-31;1;SAO MARTINHO S.A.;020516;DF Individual - Demonstração das Mutações do Patrimônio Líquido;REAL;MIL;PENÚLTIMO;2023-04-01;2024-03-31;Outros Resultados Abrangentes;5.05.02.05;Tributos s/ Ajustes de Conversão do Período;0.0000000000;S
51.466.860/0001-56;2025-03-31;1;SAO MARTINHO S.A.;020516;DF Individual - Demonstração das Mutações do Patrimônio Líquido;REAL;MIL;ÚLTIMO;2024-04-01;2025-03-31;Outros Resultados Abrangentes;5.05.02.05;Tributos s/ Ajustes de Conversão do Período;0.0000000000;S
51.466.860/0001-56;2025-03-31;1;SAO MARTINHO S.A.;020516;DF Individual - Demonstração das Mutações do Patrimônio Líquido;REAL;MIL;PENÚLTIMO;2023-04-01;2024-03-31;Patrimônio Líquido;5.05.02.05;Tributos s/ Ajustes de Conversão do Período;0.0000000000;S
51.466.860/0001-56;2025-03-31;1;SAO MARTINHO S.A.;020516;DF Individual - Demonstração das Mutações do Patrimônio Líquido;REAL;MIL;ÚLTIMO;2024-04-01;2025-03-31;Patrimônio Líquido;5.05.02.05;Tributos s/ Ajustes de Conversão do Período;0.0000000000;S
51.466.860/0001-56;2025-03-31;1;SAO MARTINHO S.A.;020516;DF Individual - Demonstração das Mutações do Patrimônio Líquido;REAL;MIL;PENÚLTIMO;2023-04-01;2024-03-31;Capital Social Integralizado;5.05.03;Reclassificações para o Resultado;0.0000000000;S
51.466.860/0001-56;2025-03-31;1;SAO MARTINHO S.A.;020516;DF Individual - Demonstração das Mutações do Patrimônio Líquido;REAL;MIL;ÚLTIMO;2024-04-01;2025-03-31;Capital Social Integralizado;5.05.03;Reclassificações para o Resultado;0.0000000000;S
51.466.860/0001-56;2025-03-31;1;SAO MARTINHO S.A.;020516;DF Individual - Demonstração das Mutações do Patrimônio Líquido;REAL;MIL;PENÚLTIMO;2023-04-01;2024-03-31;Reservas de Capital, Opções Outorgadas e Ações em Tesouraria;5.05.03;Reclassificações para o Resultado;0.0000000000;S
51.466.860/0001-56;2025-03-31;1;SAO MARTINHO S.A.;020516;DF Individual - Demonstração das Mutações do Patrimônio Líquido;REAL;MIL;ÚLTIMO;2024-04-01;2025-03-31;Reservas de Capital, Opções Outorgadas e Ações em Tesouraria;5.05.03;Reclassificações para o Resultado;0.0000000000;S
51.466.860/0001-56;2025-03-31;1;SAO MARTINHO S.A.;020516;DF Individual - Demonstração das Mutações do Patrimônio Líquido;REAL;MIL;PENÚLTIMO;2023-04-01;2024-03-31;Reservas de Lucro;5.05.03;Reclassificações para o Resultado;0.0000000000;S
51.466.860/0001-56;2025-03-31;1;SAO MARTINHO S.A.;020516;DF Individual - Demonstração das Mutações do Patrimônio Líquido;REAL;MIL;ÚLTIMO;2024-04-01;2025-03-31;Reservas de Lucro;5.05.03;Reclassificações para o Resultado;0.0000000000;S
51.466.860/0001-56;2025-03-31;1;SAO MARTINHO S.A.;020516;DF Individual - Demonstração das Mutações do Patrimônio Líquido;REAL;MIL;PENÚLTIMO;2023-04-01;2024-03-31;Lucros ou Prejuízos Acumulados;5.05.03;Reclassificações para o Resultado;0.0000000000;S
51.466.860/0001-56;2025-03-31;1;SAO MARTINHO S.A.;020516;DF Individual - Demonstração das Mutações do Patrimônio Líquido;REAL;MIL;ÚLTIMO;2024-04-01;2025-03-31;Lucros ou Prejuízos Acumulados;5.05.03;Reclassificações para o Resultado;0.0000000000;S
51.466.860/0001-56;2025-03-31;1;SAO MARTINHO S.A.;020516;DF Individual - Demonstração das Mutações do Patrimônio Líquido;REAL;MIL;PENÚLTIMO;2023-04-01;2024-03-31;Outros Resultados Abrangentes;5.05.03;Reclassificações para o Resultado;395.0000000000;S
51.466.860/0001-56;2025-03-31;1;SAO MARTINHO S.A.;020516;DF Individual - Demonstração das Mutações do Patrimônio Líquido;REAL;MIL;ÚLTIMO;2024-04-01;2025-03-31;Outros Resultados Abrangentes;5.05.03;Reclassificações para o Resultado;362.0000000000;S
51.466.860/0001-56;2025-03-31;1;SAO MARTINHO S.A.;020516;DF Individual - Demonstração das Mutações do Patrimônio Líquido;REAL;MIL;PENÚLTIMO;2023-04-01;2024-03-31;Patrimônio Líquido;5.05.03;Reclassificações para o Resultado;395.0000000000;S
51.466.860/0001-56;2025-03-31;1;SAO MARTINHO S.A.;020516;DF Individual - Demonstração das Mutações do Patrimônio Líquido;REAL;MIL;ÚLTIMO;2024-04-01;2025-03-31;Patrimônio Líquido;5.05.03;Reclassificações para o Resultado;362.0000000000;S
51.466.860/0001-56;2025-03-31;1;SAO MARTINHO S.A.;020516;DF Individual - Demonstração das Mutações do Patrimônio Líquido;REAL;MIL;PENÚLTIMO;2023-04-01;2024-03-31;Capital Social Integralizado;5.05.03.01;Ajustes de Instrumentos Financeiros;0.0000000000;S
51.466.860/0001-56;2025-03-31;1;SAO MARTINHO S.A.;020516;DF Individual - Demonstração das Mutações do Patrimônio Líquido;REAL;MIL;ÚLTIMO;2024-04-01;2025-03-31;Capital Social Integralizado;5.05.03.01;Ajustes de Instrumentos Financeiros;0.0000000000;S
51.466.860/0001-56;2025-03-31;1;SAO MARTINHO S.A.;020516;DF Individual - Demonstração das Mutações do Patrimônio Líquido;REAL;MIL;PENÚLTIMO;2023-04-01;2024-03-31;Reservas de Capital, Opções Outorgadas e Ações em Tesouraria;5.05.03.01;Ajustes de Instrumentos Financeiros;0.0000000000;S
51.466.860/0001-56;2025-03-31;1;SAO MARTINHO S.A.;020516;DF Individual - Demonstração das Mutações do Patrimônio Líquido;REAL;MIL;ÚLTIMO;2024-04-01;2025-03-31;Reservas de Capital, Opções Outorgadas e Ações em Tesouraria;5.05.03.01;Ajustes de Instrumentos Financeiros;0.0000000000;S
51.466.860/0001-56;2025-03-31;1;SAO MARTINHO S.A.;020516;DF Individual - Demonstração das Mutações do Patrimônio Líquido;REAL;MIL;PENÚLTIMO;2023-04-01;2024-03-31;Reservas de Lucro;5.05.03.01;Ajustes de Instrumentos Financeiros;0.0000000000;S
51.466.860/0001-56;2025-03-31;1;SAO MARTINHO S.A.;020516;DF Individual - Demonstração das Mutações do Patrimônio Líquido;REAL;MIL;ÚLTIMO;2024-04-01;2025-03-31;Reservas de Lucro;5.05.03.01;Ajustes de Instrumentos Financeiros;0.0000000000;S
51.466.860/0001-56;2025-03-31;1;SAO MARTINHO S.A.;020516;DF Individual - Demonstração das Mutações do Patrimônio Líquido;REAL;MIL;PENÚLTIMO;2023-04-01;2024-03-31;Lucros ou Prejuízos Acumulados;5.05.03.01;Ajustes de Instrumentos Financeiros;0.0000000000;S
51.466.860/0001-56;2025-03-31;1;SAO MARTINHO S.A.;020516;DF Individual - Demonstração das Mutações do Patrimônio Líquido;REAL;MIL;ÚLTIMO;2024-04-01;2025-03-31;Lucros ou Prejuízos Acumulados;5.05.03.01;Ajustes de Instrumentos Financeiros;0.0000000000;S
51.466.860/0001-56;2025-03-31;1;SAO MARTINHO S.A.;020516;DF Individual - Demonstração das Mutações do Patrimônio Líquido;REAL;MIL;PENÚLTIMO;2023-04-01;2024-03-31;Outros Resultados Abrangentes;5.05.03.01;Ajustes de Instrumentos Financeiros;0.0000000000;S
51.466.860/0001-56;2025-03-31;1;SAO MARTINHO S.A.;020516;DF Individual - Demonstração das Mutações do Patrimônio Líquido;REAL;MIL;ÚLTIMO;2024-04-01;2025-03-31;Outros Resultados Abrangentes;5.05.03.01;Ajustes de Instrumentos Financeiros;0.0000000000;S
51.466.860/0001-56;2025-03-31;1;SAO MARTINHO S.A.;020516;DF Individual - Demonstração das Mutações do Patrimônio Líquido;REAL;MIL;PENÚLTIMO;2023-04-01;2024-03-31;Patrimônio Líquido;5.05.03.01;Ajustes de Instrumentos Financeiros;0.0000000000;S
51.466.860/0001-56;2025-03-31;1;SAO MARTINHO S.A.;020516;DF Individual - Demonstração das Mutações do Patrimônio Líquido;REAL;MIL;ÚLTIMO;2024-04-01;2025-03-31;Patrimônio Líquido;5.05.03.01;Ajustes de Instrumentos Financeiros;0.0000000000;S
51.466.860/0001-56;2025-03-31;1;SAO MARTINHO S.A.;020516;DF Individual - Demonstração das Mutações do Patrimônio Líquido;REAL;MIL;PENÚLTIMO;2023-04-01;2024-03-31;Capital Social Integralizado;5.05.03.02;Outros;0.0000000000;N
51.466.860/0001-56;2025-03-31;1;SAO MARTINHO S.A.;020516;DF Individual - Demonstração das Mutações do Patrimônio Líquido;REAL;MIL;ÚLTIMO;2024-04-01;2025-03-31;Capital Social Integralizado;5.05.03.02;Outros;0.0000000000;N
51.466.860/0001-56;2025-03-31;1;SAO MARTINHO S.A.;020516;DF Individual - Demonstração das Mutações do Patrimônio Líquido;REAL;MIL;PENÚLTIMO;2023-04-01;2024-03-31;Reservas de Capital, Opções Outorgadas e Ações em Tesouraria;5.05.03.02;Outros;0.0000000000;N
51.466.860/0001-56;2025-03-31;1;SAO MARTINHO S.A.;020516;DF Individual - Demonstração das Mutações do Patrimônio Líquido;REAL;MIL;ÚLTIMO;2024-04-01;2025-03-31;Reservas de Capital, Opções Outorgadas e Ações em Tesouraria;5.05.03.02;Outros;0.0000000000;N
51.466.860/0001-56;2025-03-31;1;SAO MARTINHO S.A.;020516;DF Individual - Demonstração das Mutações do Patrimônio Líquido;REAL;MIL;PENÚLTIMO;2023-04-01;2024-03-31;Reservas de Lucro;5.05.03.02;Outros;0.0000000000;N
51.466.860/0001-56;2025-03-31;1;SAO MARTINHO S.A.;020516;DF Individual - Demonstração das Mutações do Patrimônio Líquido;REAL;MIL;ÚLTIMO;2024-04-01;2025-03-31;Reservas de Lucro;5.05.03.02;Outros;0.0000000000;N
51.466.860/0001-56;2025-03-31;1;SAO MARTINHO S.A.;020516;DF Individual - Demonstração das Mutações do Patrimônio Líquido;REAL;MIL;PENÚLTIMO;2023-04-01;2024-03-31;Lucros ou Prejuízos Acumulados;5.05.03.02;Outros;0.0000000000;N
51.466.860/0001-56;2025-03-31;1;SAO MARTINHO S.A.;020516;DF Individual - Demonstração das Mutações do Patrimônio Líquido;REAL;MIL;ÚLTIMO;2024-04-01;2025-03-31;Lucros ou Prejuízos Acumulados;5.05.03.02;Outros;0.0000000000;N
51.466.860/0001-56;2025-03-31;1;SAO MARTINHO S.A.;020516;DF Individual - Demonstração das Mutações do Patrimônio Líquido;REAL;MIL;PENÚLTIMO;2023-04-01;2024-03-31;Outros Resultados Abrangentes;5.05.03.02;Outros;395.0000000000;N
51.466.860/0001-56;2025-03-31;1;SAO MARTINHO S.A.;020516;DF Individual - Demonstração das Mutações do Patrimônio Líquido;REAL;MIL;ÚLTIMO;2024-04-01;2025-03-31;Outros Resultados Abrangentes;5.05.03.02;Outros;362.0000000000;N
51.466.860/0001-56;2025-03-31;1;SAO MARTINHO S.A.;020516;DF Individual - Demonstração das Mutações do Patrimônio Líquido;REAL;MIL;PENÚLTIMO;2023-04-01;2024-03-31;Patrimônio Líquido;5.05.03.02;Outros;395.0000000000;N
51.466.860/0001-56;2025-03-31;1;SAO MARTINHO S.A.;020516;DF Individual - Demonstração das Mutações do Patrimônio Líquido;REAL;MIL;ÚLTIMO;2024-04-01;2025-03-31;Patrimônio Líquido;5.05.03.02;Outros;362.0000000000;N
51.466.860/0001-56;2025-03-31;1;SAO MARTINHO S.A.;020516;DF Individual - Demonstração das Mutações do Patrimônio Líquido;REAL;MIL;PENÚLTIMO;2023-04-01;2024-03-31;Capital Social Integralizado;5.06;Mutações Internas do Patrimônio Líquido;0.0000000000;S
51.466.860/0001-56;2025-03-31;1;SAO MARTINHO S.A.;020516;DF Individual - Demonstração das Mutações do Patrimônio Líquido;REAL;MIL;ÚLTIMO;2024-04-01;2025-03-31;Capital Social Integralizado;5.06;Mutações Internas do Patrimônio Líquido;0.0000000000;S
51.466.860/0001-56;2025-03-31;1;SAO MARTINHO S.A.;020516;DF Individual - Demonstração das Mutações do Patrimônio Líquido;REAL;MIL;PENÚLTIMO;2023-04-01;2024-03-31;Reservas de Capital, Opções Outorgadas e Ações em Tesouraria;5.06;Mutações Internas do Patrimônio Líquido;139997.0000000000;S
51.466.860/0001-56;2025-03-31;1;SAO MARTINHO S.A.;020516;DF Individual - Demonstração das Mutações do Patrimônio Líquido;REAL;MIL;ÚLTIMO;2024-04-01;2025-03-31;Reservas de Capital, Opções Outorgadas e Ações em Tesouraria;5.06;Mutações Internas do Patrimônio Líquido;414442.0000000000;S
51.466.860/0001-56;2025-03-31;1;SAO MARTINHO S.A.;020516;DF Individual - Demonstração das Mutações do Patrimônio Líquido;REAL;MIL;PENÚLTIMO;2023-04-01;2024-03-31;Reservas de Lucro;5.06;Mutações Internas do Patrimônio Líquido;1055783.0000000000;S
51.466.860/0001-56;2025-03-31;1;SAO MARTINHO S.A.;020516;DF Individual - Demonstração das Mutações do Patrimônio Líquido;REAL;MIL;ÚLTIMO;2024-04-01;2025-03-31;Reservas de Lucro;5.06;Mutações Internas do Patrimônio Líquido;-151194.0000000000;S
51.466.860/0001-56;2025-03-31;1;SAO MARTINHO S.A.;020516;DF Individual - Demonstração das Mutações do Patrimônio Líquido;REAL;MIL;PENÚLTIMO;2023-04-01;2024-03-31;Lucros ou Prejuízos Acumulados;5.06;Mutações Internas do Patrimônio Líquido;-1187232.0000000000;S
51.466.860/0001-56;2025-03-31;1;SAO MARTINHO S.A.;020516;DF Individual - Demonstração das Mutações do Patrimônio Líquido;REAL;MIL;ÚLTIMO;2024-04-01;2025-03-31;Lucros ou Prejuízos Acumulados;5.06;Mutações Internas do Patrimônio Líquido;-256752.0000000000;S
51.466.860/0001-56;2025-03-31;1;SAO MARTINHO S.A.;020516;DF Individual - Demonstração das Mutações do Patrimônio Líquido;REAL;MIL;PENÚLTIMO;2023-04-01;2024-03-31;Outros Resultados Abrangentes;5.06;Mutações Internas do Patrimônio Líquido;-8548.0000000000;S
51.466.860/0001-56;2025-03-31;1;SAO MARTINHO S.A.;020516;DF Individual - Demonstração das Mutações do Patrimônio Líquido;REAL;MIL;ÚLTIMO;2024-04-01;2025-03-31;Outros Resultados Abrangentes;5.06;Mutações Internas do Patrimônio Líquido;-6496.0000000000;S
51.466.860/0001-56;2025-03-31;1;SAO MARTINHO S.A.;020516;DF Individual - Demonstração das Mutações do Patrimônio Líquido;REAL;MIL;PENÚLTIMO;2023-04-01;2024-03-31;Patrimônio Líquido;5.06;Mutações Internas do Patrimônio Líquido;0.0000000000;S
51.466.860/0001-56;2025-03-31;1;SAO MARTINHO S.A.;020516;DF Individual - Demonstração das Mutações do Patrimônio Líquido;REAL;MIL;ÚLTIMO;2024-04-01;2025-03-31;Patrimônio Líquido;5.06;Mutações Internas do Patrimônio Líquido;0.0000000000;S
51.466.860/0001-56;2025-03-31;1;SAO MARTINHO S.A.;020516;DF Individual - Demonstração das Mutações do Patrimônio Líquido;REAL;MIL;PENÚLTIMO;2023-04-01;2024-03-31;Capital Social Integralizado;5.06.01;Constituição de Reservas;0.0000000000;S
51.466.860/0001-56;2025-03-31;1;SAO MARTINHO S.A.;020516;DF Individual - Demonstração das Mutações do Patrimônio Líquido;REAL;MIL;ÚLTIMO;2024-04-01;2025-03-31;Capital Social Integralizado;5.06.01;Constituição de Reservas;0.0000000000;S
51.466.860/0001-56;2025-03-31;1;SAO MARTINHO S.A.;020516;DF Individual - Demonstração das Mutações do Patrimônio Líquido;REAL;MIL;PENÚLTIMO;2023-04-01;2024-03-31;Reservas de Capital, Opções Outorgadas e Ações em Tesouraria;5.06.01;Constituição de Reservas;0.0000000000;S
51.466.860/0001-56;2025-03-31;1;SAO MARTINHO S.A.;020516;DF Individual - Demonstração das Mutações do Patrimônio Líquido;REAL;MIL;ÚLTIMO;2024-04-01;2025-03-31;Reservas de Capital, Opções Outorgadas e Ações em Tesouraria;5.06.01;Constituição de Reservas;0.0000000000;S
51.466.860/0001-56;2025-03-31;1;SAO MARTINHO S.A.;020516;DF Individual - Demonstração das Mutações do Patrimônio Líquido;REAL;MIL;PENÚLTIMO;2023-04-01;2024-03-31;Reservas de Lucro;5.06.01;Constituição de Reservas;862173.0000000000;S
51.466.860/0001-56;2025-03-31;1;SAO MARTINHO S.A.;020516;DF Individual - Demonstração das Mutações do Patrimônio Líquido;REAL;MIL;ÚLTIMO;2024-04-01;2025-03-31;Reservas de Lucro;5.06.01;Constituição de Reservas;263248.0000000000;S
51.466.860/0001-56;2025-03-31;1;SAO MARTINHO S.A.;020516;DF Individual - Demonstração das Mutações do Patrimônio Líquido;REAL;MIL;PENÚLTIMO;2023-04-01;2024-03-31;Lucros ou Prejuízos Acumulados;5.06.01;Constituição de Reservas;-862173.0000000000;S
51.466.860/0001-56;2025-03-31;1;SAO MARTINHO S.A.;020516;DF Individual - Demonstração das Mutações do Patrimônio Líquido;REAL;MIL;ÚLTIMO;2024-04-01;2025-03-31;Lucros ou Prejuízos Acumulados;5.06.01;Constituição de Reservas;-263248.0000000000;S
51.466.860/0001-56;2025-03-31;1;SAO MARTINHO S.A.;020516;DF Individual - Demonstração das Mutações do Patrimônio Líquido;REAL;MIL;PENÚLTIMO;2023-04-01;2024-03-31;Outros Resultados Abrangentes;5.06.01;Constituição de Reservas;0.0000000000;S
51.466.860/0001-56;2025-03-31;1;SAO MARTINHO S.A.;020516;DF Individual - Demonstração das Mutações do Patrimônio Líquido;REAL;MIL;ÚLTIMO;2024-04-01;2025-03-31;Outros Resultados Abrangentes;5.06.01;Constituição de Reservas;0.0000000000;S
51.466.860/0001-56;2025-03-31;1;SAO MARTINHO S.A.;020516;DF Individual - Demonstração das Mutações do Patrimônio Líquido;REAL;MIL;PENÚLTIMO;2023-04-01;2024-03-31;Patrimônio Líquido;5.06.01;Constituição de Reservas;0.0000000000;S
51.466.860/0001-56;2025-03-31;1;SAO MARTINHO S.A.;020516;DF Individual - Demonstração das Mutações do Patrimônio Líquido;REAL;MIL;ÚLTIMO;2024-04-01;2025-03-31;Patrimônio Líquido;5.06.01;Constituição de Reservas;0.0000000000;S
51.466.860/0001-56;2025-03-31;1;SAO MARTINHO S.A.;020516;DF Individual - Demonstração das Mutações do Patrimônio Líquido;REAL;MIL;PENÚLTIMO;2023-04-01;2024-03-31;Capital Social Integralizado;5.06.02;Realização da Reserva Reavaliação;0.0000000000;S
51.466.860/0001-56;2025-03-31;1;SAO MARTINHO S.A.;020516;DF Individual - Demonstração das Mutações do Patrimônio Líquido;REAL;MIL;ÚLTIMO;2024-04-01;2025-03-31;Capital Social Integralizado;5.06.02;Realização da Reserva Reavaliação;0.0000000000;S
51.466.860/0001-56;2025-03-31;1;SAO MARTINHO S.A.;020516;DF Individual - Demonstração das Mutações do Patrimônio Líquido;REAL;MIL;PENÚLTIMO;2023-04-01;2024-03-31;Reservas de Capital, Opções Outorgadas e Ações em Tesouraria;5.06.02;Realização da Reserva Reavaliação;0.0000000000;S
51.466.860/0001-56;2025-03-31;1;SAO MARTINHO S.A.;020516;DF Individual - Demonstração das Mutações do Patrimônio Líquido;REAL;MIL;ÚLTIMO;2024-04-01;2025-03-31;Reservas de Capital, Opções Outorgadas e Ações em Tesouraria;5.06.02;Realização da Reserva Reavaliação;0.0000000000;S
51.466.860/0001-56;2025-03-31;1;SAO MARTINHO S.A.;020516;DF Individual - Demonstração das Mutações do Patrimônio Líquido;REAL;MIL;PENÚLTIMO;2023-04-01;2024-03-31;Reservas de Lucro;5.06.02;Realização da Reserva Reavaliação;0.0000000000;S
51.466.860/0001-56;2025-03-31;1;SAO MARTINHO S.A.;020516;DF Individual - Demonstração das Mutações do Patrimônio Líquido;REAL;MIL;ÚLTIMO;2024-04-01;2025-03-31;Reservas de Lucro;5.06.02;Realização da Reserva Reavaliação;0.0000000000;S
51.466.860/0001-56;2025-03-31;1;SAO MARTINHO S.A.;020516;DF Individual - Demonstração das Mutações do Patrimônio Líquido;REAL;MIL;PENÚLTIMO;2023-04-01;2024-03-31;Lucros ou Prejuízos Acumulados;5.06.02;Realização da Reserva Reavaliação;8548.0000000000;S
51.466.860/0001-56;2025-03-31;1;SAO MARTINHO S.A.;020516;DF Individual - Demonstração das Mutações do Patrimônio Líquido;REAL;MIL;ÚLTIMO;2024-04-01;2025-03-31;Lucros ou Prejuízos Acumulados;5.06.02;Realização da Reserva Reavaliação;6496.0000000000;S
51.466.860/0001-56;2025-03-31;1;SAO MARTINHO S.A.;020516;DF Individual - Demonstração das Mutações do Patrimônio Líquido;REAL;MIL;PENÚLTIMO;2023-04-01;2024-03-31;Outros Resultados Abrangentes;5.06.02;Realização da Reserva Reavaliação;-8548.0000000000;S
51.466.860/0001-56;2025-03-31;1;SAO MARTINHO S.A.;020516;DF Individual - Demonstração das Mutações do Patrimônio Líquido;REAL;MIL;ÚLTIMO;2024-04-01;2025-03-31;Outros Resultados Abrangentes;5.06.02;Realização da Reserva Reavaliação;-6496.0000000000;S
51.466.860/0001-56;2025-03-31;1;SAO MARTINHO S.A.;020516;DF Individual - Demonstração das Mutações do Patrimônio Líquido;REAL;MIL;PENÚLTIMO;2023-04-01;2024-03-31;Patrimônio Líquido;5.06.02;Realização da Reserva Reavaliação;0.0000000000;S
51.466.860/0001-56;2025-03-31;1;SAO MARTINHO S.A.;020516;DF Individual - Demonstração das Mutações do Patrimônio Líquido;REAL;MIL;ÚLTIMO;2024-04-01;2025-03-31;Patrimônio Líquido;5.06.02;Realização da Reserva Reavaliação;0.0000000000;S
51.466.860/0001-56;2025-03-31;1;SAO MARTINHO S.A.;020516;DF Individual - Demonstração das Mutações do Patrimônio Líquido;REAL;MIL;PENÚLTIMO;2023-04-01;2024-03-31;Capital Social Integralizado;5.06.03;Tributos sobre a Realização da Reserva de Reavaliação;0.0000000000;S
51.466.860/0001-56;2025-03-31;1;SAO MARTINHO S.A.;020516;DF Individual - Demonstração das Mutações do Patrimônio Líquido;REAL;MIL;ÚLTIMO;2024-04-01;2025-03-31;Capital Social Integralizado;5.06.03;Tributos sobre a Realização da Reserva de Reavaliação;0.0000000000;S
51.466.860/0001-56;2025-03-31;1;SAO MARTINHO S.A.;020516;DF Individual - Demonstração das Mutações do Patrimônio Líquido;REAL;MIL;PENÚLTIMO;2023-04-01;2024-03-31;Reservas de Capital, Opções Outorgadas e Ações em Tesouraria;5.06.03;Tributos sobre a Realização da Reserva de Reavaliação;0.0000000000;S
51.466.860/0001-56;2025-03-31;1;SAO MARTINHO S.A.;020516;DF Individual - Demonstração das Mutações do Patrimônio Líquido;REAL;MIL;ÚLTIMO;2024-04-01;2025-03-31;Reservas de Capital, Opções Outorgadas e Ações em Tesouraria;5.06.03;Tributos sobre a Realização da Reserva de Reavaliação;0.0000000000;S
51.466.860/0001-56;2025-03-31;1;SAO MARTINHO S.A.;020516;DF Individual - Demonstração das Mutações do Patrimônio Líquido;REAL;MIL;PENÚLTIMO;2023-04-01;2024-03-31;Reservas de Lucro;5.06.03;Tributos sobre a Realização da Reserva de Reavaliação;0.0000000000;S
51.466.860/0001-56;2025-03-31;1;SAO MARTINHO S.A.;020516;DF Individual - Demonstração das Mutações do Patrimônio Líquido;REAL;MIL;ÚLTIMO;2024-04-01;2025-03-31;Reservas de Lucro;5.06.03;Tributos sobre a Realização da Reserva de Reavaliação;0.0000000000;S
51.466.860/0001-56;2025-03-31;1;SAO MARTINHO S.A.;020516;DF Individual - Demonstração das Mutações do Patrimônio Líquido;REAL;MIL;PENÚLTIMO;2023-04-01;2024-03-31;Lucros ou Prejuízos Acumulados;5.06.03;Tributos sobre a Realização da Reserva de Reavaliação;0.0000000000;S
51.466.860/0001-56;2025-03-31;1;SAO MARTINHO S.A.;020516;DF Individual - Demonstração das Mutações do Patrimônio Líquido;REAL;MIL;ÚLTIMO;2024-04-01;2025-03-31;Lucros ou Prejuízos Acumulados;5.06.03;Tributos sobre a Realização da Reserva de Reavaliação;0.0000000000;S
51.466.860/0001-56;2025-03-31;1;SAO MARTINHO S.A.;020516;DF Individual - Demonstração das Mutações do Patrimônio Líquido;REAL;MIL;PENÚLTIMO;2023-04-01;2024-03-31;Outros Resultados Abrangentes;5.06.03;Tributos sobre a Realização da Reserva de Reavaliação;0.0000000000;S
51.466.860/0001-56;2025-03-31;1;SAO MARTINHO S.A.;020516;DF Individual - Demonstração das Mutações do Patrimônio Líquido;REAL;MIL;ÚLTIMO;2024-04-01;2025-03-31;Outros Resultados Abrangentes;5.06.03;Tributos sobre a Realização da Reserva de Reavaliação;0.0000000000;S
51.466.860/0001-56;2025-03-31;1;SAO MARTINHO S.A.;020516;DF Individual - Demonstração das Mutações do Patrimônio Líquido;REAL;MIL;PENÚLTIMO;2023-04-01;2024-03-31;Patrimônio Líquido;5.06.03;Tributos sobre a Realização da Reserva de Reavaliação;0.0000000000;S
51.466.860/0001-56;2025-03-31;1;SAO MARTINHO S.A.;020516;DF Individual - Demonstração das Mutações do Patrimônio Líquido;REAL;MIL;ÚLTIMO;2024-04-01;2025-03-31;Patrimônio Líquido;5.06.03;Tributos sobre a Realização da Reserva de Reavaliação;0.0000000000;S
51.466.860/0001-56;2025-03-31;1;SAO MARTINHO S.A.;020516;DF Individual - Demonstração das Mutações do Patrimônio Líquido;REAL;MIL;PENÚLTIMO;2023-04-01;2024-03-31;Capital Social Integralizado;5.06.04;Constituição de reserva de incentivos fiscais;0.0000000000;N
51.466.860/0001-56;2025-03-31;1;SAO MARTINHO S.A.;020516;DF Individual - Demonstração das Mutações do Patrimônio Líquido;REAL;MIL;ÚLTIMO;2024-04-01;2025-03-31;Capital Social Integralizado;5.06.04;Cancelamento de ações em tesouraria;0.0000000000;N
51.466.860/0001-56;2025-03-31;1;SAO MARTINHO S.A.;020516;DF Individual - Demonstração das Mutações do Patrimônio Líquido;REAL;MIL;PENÚLTIMO;2023-04-01;2024-03-31;Reservas de Capital, Opções Outorgadas e Ações em Tesouraria;5.06.04;Constituição de reserva de incentivos fiscais;0.0000000000;N
51.466.860/0001-56;2025-03-31;1;SAO MARTINHO S.A.;020516;DF Individual - Demonstração das Mutações do Patrimônio Líquido;REAL;MIL;ÚLTIMO;2024-04-01;2025-03-31;Reservas de Capital, Opções Outorgadas e Ações em Tesouraria;5.06.04;Cancelamento de ações em tesouraria;414442.0000000000;N
51.466.860/0001-56;2025-03-31;1;SAO MARTINHO S.A.;020516;DF Individual - Demonstração das Mutações do Patrimônio Líquido;REAL;MIL;PENÚLTIMO;2023-04-01;2024-03-31;Reservas de Lucro;5.06.04;Constituição de reserva de incentivos fiscais;333607.0000000000;N
51.466.860/0001-56;2025-03-31;1;SAO MARTINHO S.A.;020516;DF Individual - Demonstração das Mutações do Patrimônio Líquido;REAL;MIL;ÚLTIMO;2024-04-01;2025-03-31;Reservas de Lucro;5.06.04;Cancelamento de ações em tesouraria;-414442.0000000000;N
51.466.860/0001-56;2025-03-31;1;SAO MARTINHO S.A.;020516;DF Individual - Demonstração das Mutações do Patrimônio Líquido;REAL;MIL;PENÚLTIMO;2023-04-01;2024-03-31;Lucros ou Prejuízos Acumulados;5.06.04;Constituição de reserva de incentivos fiscais;-333607.0000000000;N
51.466.860/0001-56;2025-03-31;1;SAO MARTINHO S.A.;020516;DF Individual - Demonstração das Mutações do Patrimônio Líquido;REAL;MIL;ÚLTIMO;2024-04-01;2025-03-31;Lucros ou Prejuízos Acumulados;5.06.04;Cancelamento de ações em tesouraria;0.0000000000;N
51.466.860/0001-56;2025-03-31;1;SAO MARTINHO S.A.;020516;DF Individual - Demonstração das Mutações do Patrimônio Líquido;REAL;MIL;PENÚLTIMO;2023-04-01;2024-03-31;Outros Resultados Abrangentes;5.06.04;Constituição de reserva de incentivos fiscais;0.0000000000;N
51.466.860/0001-56;2025-03-31;1;SAO MARTINHO S.A.;020516;DF Individual - Demonstração das Mutações do Patrimônio Líquido;REAL;MIL;ÚLTIMO;2024-04-01;2025-03-31;Outros Resultados Abrangentes;5.06.04;Cancelamento de ações em tesouraria;0.0000000000;N
51.466.860/0001-56;2025-03-31;1;SAO MARTINHO S.A.;020516;DF Individual - Demonstração das Mutações do Patrimônio Líquido;REAL;MIL;PENÚLTIMO;2023-04-01;2024-03-31;Patrimônio Líquido;5.06.04;Constituição de reserva de incentivos fiscais;0.0000000000;N
51.466.860/0001-56;2025-03-31;1;SAO MARTINHO S.A.;020516;DF Individual - Demonstração das Mutações do Patrimônio Líquido;REAL;MIL;ÚLTIMO;2024-04-01;2025-03-31;Patrimônio Líquido;5.06.04;Cancelamento de ações em tesouraria;0.0000000000;N
51.466.860/0001-56;2025-03-31;1;SAO MARTINHO S.A.;020516;DF Individual - Demonstração das Mutações do Patrimônio Líquido;REAL;MIL;PENÚLTIMO;2023-04-01;2024-03-31;Capital Social Integralizado;5.06.05;Cancelamento de ações em tesouraria;0.0000000000;N
51.466.860/0001-56;2025-03-31;1;SAO MARTINHO S.A.;020516;DF Individual - Demonstração das Mutações do Patrimônio Líquido;REAL;MIL;PENÚLTIMO;2023-04-01;2024-03-31;Reservas de Capital, Opções Outorgadas e Ações em Tesouraria;5.06.05;Cancelamento de ações em tesouraria;139997.0000000000;N
51.466.860/0001-56;2025-03-31;1;SAO MARTINHO S.A.;020516;DF Individual - Demonstração das Mutações do Patrimônio Líquido;REAL;MIL;PENÚLTIMO;2023-04-01;2024-03-31;Reservas de Lucro;5.06.05;Cancelamento de ações em tesouraria;-139997.0000000000;N
51.466.860/0001-56;2025-03-31;1;SAO MARTINHO S.A.;020516;DF Individual - Demonstração das Mutações do Patrimônio Líquido;REAL;MIL;PENÚLTIMO;2023-04-01;2024-03-31;Lucros ou Prejuízos Acumulados;5.06.05;Cancelamento de ações em tesouraria;0.0000000000;N
51.466.860/0001-56;2025-03-31;1;SAO MARTINHO S.A.;020516;DF Individual - Demonstração das Mutações do Patrimônio Líquido;REAL;MIL;PENÚLTIMO;2023-04-01;2024-03-31;Outros Resultados Abrangentes;5.06.05;Cancelamento de ações em tesouraria;0.0000000000;N
51.466.860/0001-56;2025-03-31;1;SAO MARTINHO S.A.;020516;DF Individual - Demonstração das Mutações do Patrimônio Líquido;REAL;MIL;PENÚLTIMO;2023-04-01;2024-03-31;Patrimônio Líquido;5.06.05;Cancelamento de ações em tesouraria;0.0000000000;N
51.466.860/0001-56;2025-03-31;1;SAO MARTINHO S.A.;020516;DF Individual - Demonstração das Mutações do Patrimônio Líquido;REAL;MIL;PENÚLTIMO;2023-04-01;2024-03-31;Capital Social Integralizado;5.07;Saldos Finais;3941717.0000000000;S
51.466.860/0001-56;2025-03-31;1;SAO MARTINHO S.A.;020516;DF Individual - Demonstração das Mutações do Patrimônio Líquido;REAL;MIL;ÚLTIMO;2024-04-01;2025-03-31;Capital Social Integralizado;5.07;Saldos Finais;4445192.0000000000;S
51.466.860/0001-56;2025-03-31;1;SAO MARTINHO S.A.;020516;DF Individual - Demonstração das Mutações do Patrimônio Líquido;REAL;MIL;PENÚLTIMO;2023-04-01;2024-03-31;Reservas de Capital, Opções Outorgadas e Ações em Tesouraria;5.07;Saldos Finais;-16325.0000000000;S
51.466.860/0001-56;2025-03-31;1;SAO MARTINHO S.A.;020516;DF Individual - Demonstração das Mutações do Patrimônio Líquido;REAL;MIL;ÚLTIMO;2024-04-01;2025-03-31;Reservas de Capital, Opções Outorgadas e Ações em Tesouraria;5.07;Saldos Finais;-90323.0000000000;S
51.466.860/0001-56;2025-03-31;1;SAO MARTINHO S.A.;020516;DF Individual - Demonstração das Mutações do Patrimônio Líquido;REAL;MIL;PENÚLTIMO;2023-04-01;2024-03-31;Reservas de Lucro;5.07;Saldos Finais;1818821.0000000000;S
51.466.860/0001-56;2025-03-31;1;SAO MARTINHO S.A.;020516;DF Individual - Demonstração das Mutações do Patrimônio Líquido;REAL;MIL;ÚLTIMO;2024-04-01;2025-03-31;Reservas de Lucro;5.07;Saldos Finais;1164152.0000000000;S
51.466.860/0001-56;2025-03-31;1;SAO MARTINHO S.A.;020516;DF Individual - Demonstração das Mutações do Patrimônio Líquido;REAL;MIL;PENÚLTIMO;2023-04-01;2024-03-31;Lucros ou Prejuízos Acumulados;5.07;Saldos Finais;0.0000000000;S
51.466.860/0001-56;2025-03-31;1;SAO MARTINHO S.A.;020516;DF Individual - Demonstração das Mutações do Patrimônio Líquido;REAL;MIL;ÚLTIMO;2024-04-01;2025-03-31;Lucros ou Prejuízos Acumulados;5.07;Saldos Finais;0.0000000000;S
51.466.860/0001-56;2025-03-31;1;SAO MARTINHO S.A.;020516;DF Individual - Demonstração das Mutações do Patrimônio Líquido;REAL;MIL;PENÚLTIMO;2023-04-01;2024-03-31;Outros Resultados Abrangentes;5.07;Saldos Finais;1118158.0000000000;S
51.466.860/0001-56;2025-03-31;1;SAO MARTINHO S.A.;020516;DF Individual - Demonstração das Mutações do Patrimônio Líquido;REAL;MIL;ÚLTIMO;2024-04-01;2025-03-31;Outros Resultados Abrangentes;5.07;Saldos Finais;1180341.0000000000;S
51.466.860/0001-56;2025-03-31;1;SAO MARTINHO S.A.;020516;DF Individual - Demonstração das Mutações do Patrimônio Líquido;REAL;MIL;PENÚLTIMO;2023-04-01;2024-03-31;Patrimônio Líquido;5.07;Saldos Finais;6862371.0000000000;S
51.466.860/0001-56;2025-03-31;1;SAO MARTINHO S.A.;020516;DF Individual - Demonstração das Mutações do Patrimônio Líquido;REAL;MIL;ÚLTIMO;2024-04-01;2025-03-31;Patrimônio Líquido;5.07;Saldos Finais;6699362.0000000000;S
64.904.295/0001-03;2025-02-28;1;CAMIL ALIMENTOS S.A.;024228;DF Individual - Demonstração das Mutações do Patrimônio Líquido;REAL;MIL;PENÚLTIMO;2023-03-01;2024-02-28;Capital Social Integralizado;5.01;Saldos Iniciais;934581.0000000000;S
64.904.295/0001-03;2025-02-28;1;CAMIL ALIMENTOS S.A.;024228;DF Individual - Demonstração das Mutações do Patrimônio Líquido;REAL;MIL;ÚLTIMO;2024-03-01;2025-02-28;Capital Social Integralizado;5.01;Saldos Iniciais;869478.0000000000;S
64.904.295/0001-03;2025-02-28;1;CAMIL ALIMENTOS S.A.;024228;DF Individual - Demonstração das Mutações do Patrimônio Líquido;REAL;MIL;PENÚLTIMO;2023-03-01;2024-02-28;Reservas de Capital, Opções Outorgadas e Ações em Tesouraria;5.01;Saldos Iniciais;19188.0000000000;S
64.904.295/0001-03;2025-02-28;1;CAMIL ALIMENTOS S.A.;024228;DF Individual - Demonstração das Mutações do Patrimônio Líquido;REAL;MIL;ÚLTIMO;2024-03-01;2025-02-28;Reservas de Capital, Opções Outorgadas e Ações em Tesouraria;5.01;Saldos Iniciais;1500.0000000000;S
64.904.295/0001-03;2025-02-28;1;CAMIL ALIMENTOS S.A.;024228;DF Individual - Demonstração das Mutações do Patrimônio Líquido;REAL;MIL;PENÚLTIMO;2023-03-01;2024-02-28;Reservas de Lucro;5.01;Saldos Iniciais;1494546.0000000000;S
64.904.295/0001-03;2025-02-28;1;CAMIL ALIMENTOS S.A.;024228;DF Individual - Demonstração das Mutações do Patrimônio Líquido;REAL;MIL;ÚLTIMO;2024-03-01;2025-02-28;Reservas de Lucro;5.01;Saldos Iniciais;1754883.0000000000;S
64.904.295/0001-03;2025-02-28;1;CAMIL ALIMENTOS S.A.;024228;DF Individual - Demonstração das Mutações do Patrimônio Líquido;REAL;MIL;PENÚLTIMO;2023-03-01;2024-02-28;Lucros ou Prejuízos Acumulados;5.01;Saldos Iniciais;0.0000000000;S
64.904.295/0001-03;2025-02-28;1;CAMIL ALIMENTOS S.A.;024228;DF Individual - Demonstração das Mutações do Patrimônio Líquido;REAL;MIL;ÚLTIMO;2024-03-01;2025-02-28;Lucros ou Prejuízos Acumulados;5.01;Saldos Iniciais;0.0000000000;S
64.904.295/0001-03;2025-02-28;1;CAMIL ALIMENTOS S.A.;024228;DF Individual - Demonstração das Mutações do Patrimônio Líquido;REAL;MIL;PENÚLTIMO;2023-03-01;2024-02-28;Outros Resultados Abrangentes;5.01;Saldos Iniciais;550878.0000000000;S
64.904.295/0001-03;2025-02-28;1;CAMIL ALIMENTOS S.A.;024228;DF Individual - Demonstração das Mutações do Patrimônio Líquido;REAL;MIL;ÚLTIMO;2024-03-01;2025-02-28;Outros Resultados Abrangentes;5.01;Saldos Iniciais;461240.0000000000;S
64.904.295/0001-03;2025-02-28;1;CAMIL ALIMENTOS S.A.;024228;DF Individual - Demonstração das Mutações do Patrimônio Líquido;REAL;MIL;PENÚLTIMO;2023-03-01;2024-02-28;Patrimônio Líquido;5.01;Saldos Iniciais;2999193.0000000000;S
64.904.295/0001-03;2025-02-28;1;CAMIL ALIMENTOS S.A.;024228;DF Individual - Demonstração das Mutações do Patrimônio Líquido;REAL;MIL;ÚLTIMO;2024-03-01;2025-02-28;Patrimônio Líquido;5.01;Saldos Iniciais;3087101.0000000000;S
64.904.295/0001-03;2025-02-28;1;CAMIL ALIMENTOS S.A.;024228;DF Individual - Demonstração das Mutações do Patrimônio Líquido;REAL;MIL;PENÚLTIMO;2023-03-01;2024-02-28;Capital Social Integralizado;5.02;Ajustes de Exercícios Anteriores;0.0000000000;S
64.904.295/0001-03;2025-02-28;1;CAMIL ALIMENTOS S.A.;024228;DF Individual - Demonstração das Mutações do Patrimônio Líquido;REAL;MIL;ÚLTIMO;2024-03-01;2025-02-28;Capital Social Integralizado;5.02;Ajustes de Exercícios Anteriores;0.0000000000;S
64.904.295/0001-03;2025-02-28;1;CAMIL ALIMENTOS S.A.;024228;DF Individual - Demonstração das Mutações do Patrimônio Líquido;REAL;MIL;PENÚLTIMO;2023-03-01;2024-02-28;Reservas de Capital, Opções Outorgadas e Ações em Tesouraria;5.02;Ajustes de Exercícios Anteriores;0.0000000000;S
64.904.295/0001-03;2025-02-28;1;CAMIL ALIMENTOS S.A.;024228;DF Individual - Demonstração das Mutações do Patrimônio Líquido;REAL;MIL;ÚLTIMO;2024-03-01;2025-02-28;Reservas de Capital, Opções Outorgadas e Ações em Tesouraria;5.02;Ajustes de Exercícios Anteriores;0.0000000000;S
64.904.295/0001-03;2025-02-28;1;CAMIL ALIMENTOS S.A.;024228;DF Individual - Demonstração das Mutações do Patrimônio Líquido;REAL;MIL;PENÚLTIMO;2023-03-01;2024-02-28;Reservas de Lucro;5.02;Ajustes de Exercícios Anteriores;0.0000000000;S
64.904.295/0001-03;2025-02-28;1;CAMIL ALIMENTOS S.A.;024228;DF Individual - Demonstração das Mutações do Patrimônio Líquido;REAL;MIL;ÚLTIMO;2024-03-01;2025-02-28;Reservas de Lucro;5.02;Ajustes de Exercícios Anteriores;0.0000000000;S
64.904.295/0001-03;2025-02-28;1;CAMIL ALIMENTOS S.A.;024228;DF Individual - Demonstração das Mutações do Patrimônio Líquido;REAL;MIL;PENÚLTIMO;2023-03-01;2024-02-28;Lucros ou Prejuízos Acumulados;5.02;Ajustes de Exercícios Anteriores;0.0000000000;S
64.904.295/0001-03;2025-02-28;1;CAMIL ALIMENTOS S.A.;024228;DF Individual - Demonstração das Mutações do Patrimônio Líquido;REAL;MIL;ÚLTIMO;2024-03-01;2025-02-28;Lucros ou Prejuízos Acumulados;5.02;Ajustes de Exercícios Anteriores;0.0000000000;S
64.904.295/0001-03;2025-02-28;1;CAMIL ALIMENTOS S.A.;024228;DF Individual - Demonstração das Mutações do Patrimônio Líquido;REAL;MIL;PENÚLTIMO;2023-03-01;2024-02-28;Outros Resultados Abrangentes;5.02;Ajustes de Exercícios Anteriores;0.0000000000;S
64.904.295/0001-03;2025-02-28;1;CAMIL ALIMENTOS S.A.;024228;DF Individual - Demonstração das Mutações do Patrimônio Líquido;REAL;MIL;ÚLTIMO;2024-03-01;2025-02-28;Outros Resultados Abrangentes;5.02;Ajustes de Exercícios Anteriores;0.0000000000;S
64.904.295/0001-03;2025-02-28;1;CAMIL ALIMENTOS S.A.;024228;DF Individual - Demonstração das Mutações do Patrimônio Líquido;REAL;MIL;PENÚLTIMO;2023-03-01;2024-02-28;Patrimônio Líquido;5.02;Ajustes de Exercícios Anteriores;0.0000000000;S
64.904.295/0001-03;2025-02-28;1;CAMIL ALIMENTOS S.A.;024228;DF Individual - Demonstração das Mutações do Patrimônio Líquido;REAL;MIL;ÚLTIMO;2024-03-01;2025-02-28;Patrimônio Líquido;5.02;Ajustes de Exercícios Anteriores;0.0000000000;S
64.904.295/0001-03;2025-02-28;1;CAMIL ALIMENTOS S.A.;024228;DF Individual - Demonstração das Mutações do Patrimônio Líquido;REAL;MIL;PENÚLTIMO;2023-03-01;2024-02-28;Capital Social Integralizado;5.03;Saldos Iniciais Ajustados;934581.0000000000;S
64.904.295/0001-03;2025-02-28;1;CAMIL ALIMENTOS S.A.;024228;DF Individual - Demonstração das Mutações do Patrimônio Líquido;REAL;MIL;ÚLTIMO;2024-03-01;2025-02-28;Capital Social Integralizado;5.03;Saldos Iniciais Ajustados;869478.0000000000;S
64.904.295/0001-03;2025-02-28;1;CAMIL ALIMENTOS S.A.;024228;DF Individual - Demonstração das Mutações do Patrimônio Líquido;REAL;MIL;PENÚLTIMO;2023-03-01;2024-02-28;Reservas de Capital, Opções Outorgadas e Ações em Tesouraria;5.03;Saldos Iniciais Ajustados;19188.0000000000;S
64.904.295/0001-03;2025-02-28;1;CAMIL ALIMENTOS S.A.;024228;DF Individual - Demonstração das Mutações do Patrimônio Líquido;REAL;MIL;ÚLTIMO;2024-03-01;2025-02-28;Reservas de Capital, Opções Outorgadas e Ações em Tesouraria;5.03;Saldos Iniciais Ajustados;1500.0000000000;S
64.904.295/0001-03;2025-02-28;1;CAMIL ALIMENTOS S.A.;024228;DF Individual - Demonstração das Mutações do Patrimônio Líquido;REAL;MIL;PENÚLTIMO;2023-03-01;2024-02-28;Reservas de Lucro;5.03;Saldos Iniciais Ajustados;1494546.0000000000;S
64.904.295/0001-03;2025-02-28;1;CAMIL ALIMENTOS S.A.;024228;DF Individual - Demonstração das Mutações do Patrimônio Líquido;REAL;MIL;ÚLTIMO;2024-03-01;2025-02-28;Reservas de Lucro;5.03;Saldos Iniciais Ajustados;1754883.0000000000;S
64.904.295/0001-03;2025-02-28;1;CAMIL ALIMENTOS S.A.;024228;DF Individual - Demonstração das Mutações do Patrimônio Líquido;REAL;MIL;PENÚLTIMO;2023-03-01;2024-02-28;Lucros ou Prejuízos Acumulados;5.03;Saldos Iniciais Ajustados;0.0000000000;S
64.904.295/0001-03;2025-02-28;1;CAMIL ALIMENTOS S.A.;024228;DF Individual - Demonstração das Mutações do Patrimônio Líquido;REAL;MIL;ÚLTIMO;2024-03-01;2025-02-28;Lucros ou Prejuízos Acumulados;5.03;Saldos Iniciais Ajustados;0.0000000000;S
64.904.295/0001-03;2025-02-28;1;CAMIL ALIMENTOS S.A.;024228;DF Individual - Demonstração das Mutações do Patrimônio Líquido;REAL;MIL;PENÚLTIMO;2023-03-01;2024-02-28;Outros Resultados Abrangentes;5.03;Saldos Iniciais Ajustados;550878.0000000000;S
64.904.295/0001-03;2025-02-28;1;CAMIL ALIMENTOS S.A.;024228;DF Individual - Demonstração das Mutações do Patrimônio Líquido;REAL;MIL;ÚLTIMO;2024-03-01;2025-02-28;Outros Resultados Abrangentes;5.03;Saldos Iniciais Ajustados;461240.0000000000;S
64.904.295/0001-03;2025-02-28;1;CAMIL ALIMENTOS S.A.;024228;DF Individual - Demonstração das Mutações do Patrimônio Líquido;REAL;MIL;PENÚLTIMO;2023-03-01;2024-02-28;Patrimônio Líquido;5.03;Saldos Iniciais Ajustados;2999193.0000000000;S
64.904.295/0001-03;2025-02-28;1;CAMIL ALIMENTOS S.A.;024228;DF Individual - Demonstração das Mutações do Patrimônio Líquido;REAL;MIL;ÚLTIMO;2024-03-01;2025-02-28;Patrimônio Líquido;5.03;Saldos Iniciais Ajustados;3087101.0000000000;S
64.904.295/0001-03;2025-02-28;1;CAMIL ALIMENTOS S.A.;024228;DF Individual - Demonstração das Mutações do Patrimônio Líquido;REAL;MIL;PENÚLTIMO;2023-03-01;2024-02-28;Capital Social Integralizado;5.04;Transações de Capital com os Sócios;-65103.0000000000;S
64.904.295/0001-03;2025-02-28;1;CAMIL ALIMENTOS S.A.;024228;DF Individual - Demonstração das Mutações do Patrimônio Líquido;REAL;MIL;ÚLTIMO;2024-03-01;2025-02-28;Capital Social Integralizado;5.04;Transações de Capital com os Sócios;0.0000000000;S
64.904.295/0001-03;2025-02-28;1;CAMIL ALIMENTOS S.A.;024228;DF Individual - Demonstração das Mutações do Patrimônio Líquido;REAL;MIL;PENÚLTIMO;2023-03-01;2024-02-28;Reservas de Capital, Opções Outorgadas e Ações em Tesouraria;5.04;Transações de Capital com os Sócios;-17688.0000000000;S
64.904.295/0001-03;2025-02-28;1;CAMIL ALIMENTOS S.A.;024228;DF Individual - Demonstração das Mutações do Patrimônio Líquido;REAL;MIL;ÚLTIMO;2024-03-01;2025-02-28;Reservas de Capital, Opções Outorgadas e Ações em Tesouraria;5.04;Transações de Capital com os Sócios;3133.0000000000;S
64.904.295/0001-03;2025-02-28;1;CAMIL ALIMENTOS S.A.;024228;DF Individual - Demonstração das Mutações do Patrimônio Líquido;REAL;MIL;PENÚLTIMO;2023-03-01;2024-02-28;Reservas de Lucro;5.04;Transações de Capital com os Sócios;-23641.0000000000;S
64.904.295/0001-03;2025-02-28;1;CAMIL ALIMENTOS S.A.;024228;DF Individual - Demonstração das Mutações do Patrimônio Líquido;REAL;MIL;ÚLTIMO;2024-03-01;2025-02-28;Reservas de Lucro;5.04;Transações de Capital com os Sócios;-53949.0000000000;S
64.904.295/0001-03;2025-02-28;1;CAMIL ALIMENTOS S.A.;024228;DF Individual - Demonstração das Mutações do Patrimônio Líquido;REAL;MIL;PENÚLTIMO;2023-03-01;2024-02-28;Lucros ou Prejuízos Acumulados;5.04;Transações de Capital com os Sócios;-76359.0000000000;S
64.904.295/0001-03;2025-02-28;1;CAMIL ALIMENTOS S.A.;024228;DF Individual - Demonstração das Mutações do Patrimônio Líquido;REAL;MIL;ÚLTIMO;2024-03-01;2025-02-28;Lucros ou Prejuízos Acumulados;5.04;Transações de Capital com os Sócios;-46051.0000000000;S
64.904.295/0001-03;2025-02-28;1;CAMIL ALIMENTOS S.A.;024228;DF Individual - Demonstração das Mutações do Patrimônio Líquido;REAL;MIL;PENÚLTIMO;2023-03-01;2024-02-28;Outros Resultados Abrangentes;5.04;Transações de Capital com os Sócios;0.0000000000;S
64.904.295/0001-03;2025-02-28;1;CAMIL ALIMENTOS S.A.;024228;DF Individual - Demonstração das Mutações do Patrimônio Líquido;REAL;MIL;ÚLTIMO;2024-03-01;2025-02-28;Outros Resultados Abrangentes;5.04;Transações de Capital com os Sócios;0.0000000000;S
64.904.295/0001-03;2025-02-28;1;CAMIL ALIMENTOS S.A.;024228;DF Individual - Demonstração das Mutações do Patrimônio Líquido;REAL;MIL;PENÚLTIMO;2023-03-01;2024-02-28;Patrimônio Líquido;5.04;Transações de Capital com os Sócios;-182791.0000000000;S
64.904.295/0001-03;2025-02-28;1;CAMIL ALIMENTOS S.A.;024228;DF Individual - Demonstração das Mutações do Patrimônio Líquido;REAL;MIL;ÚLTIMO;2024-03-01;2025-02-28;Patrimônio Líquido;5.04;Transações de Capital com os Sócios;-96867.0000000000;S
64.904.295/0001-03;2025-02-28;1;CAMIL ALIMENTOS S.A.;024228;DF Individual - Demonstração das Mutações do Patrimônio Líquido;REAL;MIL;PENÚLTIMO;2023-03-01;2024-02-28;Capital Social Integralizado;5.04.01;Aumentos de Capital;0.0000000000;S
64.904.295/0001-03;2025-02-28;1;CAMIL ALIMENTOS S.A.;024228;DF Individual - Demonstração das Mutações do Patrimônio Líquido;REAL;MIL;ÚLTIMO;2024-03-01;2025-02-28;Capital Social Integralizado;5.04.01;Aumentos de Capital;0.0000000000;S
64.904.295/0001-03;2025-02-28;1;CAMIL ALIMENTOS S.A.;024228;DF Individual - Demonstração das Mutações do Patrimônio Líquido;REAL;MIL;PENÚLTIMO;2023-03-01;2024-02-28;Reservas de Capital, Opções Outorgadas e Ações em Tesouraria;5.04.01;Aumentos de Capital;0.0000000000;S
64.904.295/0001-03;2025-02-28;1;CAMIL ALIMENTOS S.A.;024228;DF Individual - Demonstração das Mutações do Patrimônio Líquido;REAL;MIL;ÚLTIMO;2024-03-01;2025-02-28;Reservas de Capital, Opções Outorgadas e Ações em Tesouraria;5.04.01;Aumentos de Capital;0.0000000000;S
64.904.295/0001-03;2025-02-28;1;CAMIL ALIMENTOS S.A.;024228;DF Individual - Demonstração das Mutações do Patrimônio Líquido;REAL;MIL;PENÚLTIMO;2023-03-01;2024-02-28;Reservas de Lucro;5.04.01;Aumentos de Capital;0.0000000000;S
64.904.295/0001-03;2025-02-28;1;CAMIL ALIMENTOS S.A.;024228;DF Individual - Demonstração das Mutações do Patrimônio Líquido;REAL;MIL;ÚLTIMO;2024-03-01;2025-02-28;Reservas de Lucro;5.04.01;Aumentos de Capital;0.0000000000;S
64.904.295/0001-03;2025-02-28;1;CAMIL ALIMENTOS S.A.;024228;DF Individual - Demonstração das Mutações do Patrimônio Líquido;REAL;MIL;PENÚLTIMO;2023-03-01;2024-02-28;Lucros ou Prejuízos Acumulados;5.04.01;Aumentos de Capital;0.0000000000;S
64.904.295/0001-03;2025-02-28;1;CAMIL ALIMENTOS S.A.;024228;DF Individual - Demonstração das Mutações do Patrimônio Líquido;REAL;MIL;ÚLTIMO;2024-03-01;2025-02-28;Lucros ou Prejuízos Acumulados;5.04.01;Aumentos de Capital;0.0000000000;S
64.904.295/0001-03;2025-02-28;1;CAMIL ALIMENTOS S.A.;024228;DF Individual - Demonstração das Mutações do Patrimônio Líquido;REAL;MIL;PENÚLTIMO;2023-03-01;2024-02-28;Outros Resultados Abrangentes;5.04.01;Aumentos de Capital;0.0000000000;S
64.904.295/0001-03;2025-02-28;1;CAMIL ALIMENTOS S.A.;024228;DF Individual - Demonstração das Mutações do Patrimônio Líquido;REAL;MIL;ÚLTIMO;2024-03-01;2025-02-28;Outros Resultados Abrangentes;5.04.01;Aumentos de Capital;0.0000000000;S
64.904.295/0001-03;2025-02-28;1;CAMIL ALIMENTOS S.A.;024228;DF Individual - Demonstração das Mutações do Patrimônio Líquido;REAL;MIL;PENÚLTIMO;2023-03-01;2024-02-28;Patrimônio Líquido;5.04.01;Aumentos de Capital;0.0000000000;S
64.904.295/0001-03;2025-02-28;1;CAMIL ALIMENTOS S.A.;024228;DF Individual - Demonstração das Mutações do Patrimônio Líquido;REAL;MIL;ÚLTIMO;2024-03-01;2025-02-28;Patrimônio Líquido;5.04.01;Aumentos de Capital;0.0000000000;S
64.904.295/0001-03;2025-02-28;1;CAMIL ALIMENTOS S.A.;024228;DF Individual - Demonstração das Mutações do Patrimônio Líquido;REAL;MIL;PENÚLTIMO;2023-03-01;2024-02-28;Capital Social Integralizado;5.04.02;Gastos com Emissão de Ações;0.0000000000;S
64.904.295/0001-03;2025-02-28;1;CAMIL ALIMENTOS S.A.;024228;DF Individual - Demonstração das Mutações do Patrimônio Líquido;REAL;MIL;ÚLTIMO;2024-03-01;2025-02-28;Capital Social Integralizado;5.04.02;Gastos com Emissão de Ações;0.0000000000;S
64.904.295/0001-03;2025-02-28;1;CAMIL ALIMENTOS S.A.;024228;DF Individual - Demonstração das Mutações do Patrimônio Líquido;REAL;MIL;PENÚLTIMO;2023-03-01;2024-02-28;Reservas de Capital, Opções Outorgadas e Ações em Tesouraria;5.04.02;Gastos com Emissão de Ações;0.0000000000;S
64.904.295/0001-03;2025-02-28;1;CAMIL ALIMENTOS S.A.;024228;DF Individual - Demonstração das Mutações do Patrimônio Líquido;REAL;MIL;ÚLTIMO;2024-03-01;2025-02-28;Reservas de Capital, Opções Outorgadas e Ações em Tesouraria;5.04.02;Gastos com Emissão de Ações;0.0000000000;S
64.904.295/0001-03;2025-02-28;1;CAMIL ALIMENTOS S.A.;024228;DF Individual - Demonstração das Mutações do Patrimônio Líquido;REAL;MIL;PENÚLTIMO;2023-03-01;2024-02-28;Reservas de Lucro;5.04.02;Gastos com Emissão de Ações;0.0000000000;S
64.904.295/0001-03;2025-02-28;1;CAMIL ALIMENTOS S.A.;024228;DF Individual - Demonstração das Mutações do Patrimônio Líquido;REAL;MIL;ÚLTIMO;2024-03-01;2025-02-28;Reservas de Lucro;5.04.02;Gastos com Emissão de Ações;0.0000000000;S
64.904.295/0001-03;2025-02-28;1;CAMIL ALIMENTOS S.A.;024228;DF Individual - Demonstração das Mutações do Patrimônio Líquido;REAL;MIL;PENÚLTIMO;2023-03-01;2024-02-28;Lucros ou Prejuízos Acumulados;5.04.02;Gastos com Emissão de Ações;0.0000000000;S
64.904.295/0001-03;2025-02-28;1;CAMIL ALIMENTOS S.A.;024228;DF Individual - Demonstração das Mutações do Patrimônio Líquido;REAL;MIL;ÚLTIMO;2024-03-01;2025-02-28;Lucros ou Prejuízos Acumulados;5.04.02;Gastos com Emissão de Ações;0.0000000000;S
64.904.295/0001-03;2025-02-28;1;CAMIL ALIMENTOS S.A.;024228;DF Individual - Demonstração das Mutações do Patrimônio Líquido;REAL;MIL;PENÚLTIMO;2023-03-01;2024-02-28;Outros Resultados Abrangentes;5.04.02;Gastos com Emissão de Ações;0.0000000000;S
64.904.295/0001-03;2025-02-28;1;CAMIL ALIMENTOS S.A.;024228;DF Individual - Demonstração das Mutações do Patrimônio Líquido;REAL;MIL;ÚLTIMO;2024-03-01;2025-02-28;Outros Resultados Abrangentes;5.04.02;Gastos com Emissão de Ações;0.0000000000;S
64.904.295/0001-03;2025-02-28;1;CAMIL ALIMENTOS S.A.;024228;DF Individual - Demonstração das Mutações do Patrimônio Líquido;REAL;MIL;PENÚLTIMO;2023-03-01;2024-02-28;Patrimônio Líquido;5.04.02;Gastos com Emissão de Ações;0.0000000000;S
64.904.295/0001-03;2025-02-28;1;CAMIL ALIMENTOS S.A.;024228;DF Individual - Demonstração das Mutações do Patrimônio Líquido;REAL;MIL;ÚLTIMO;2024-03-01;2025-02-28;Patrimônio Líquido;5.04.02;Gastos com Emissão de Ações;0.0000000000;S
64.904.295/0001-03;2025-02-28;1;CAMIL ALIMENTOS S.A.;024228;DF Individual - Demonstração das Mutações do Patrimônio Líquido;REAL;MIL;PENÚLTIMO;2023-03-01;2024-02-28;Capital Social Integralizado;5.04.03;Opções Outorgadas Reconhecidas;0.0000000000;S
64.904.295/0001-03;2025-02-28;1;CAMIL ALIMENTOS S.A.;024228;DF Individual - Demonstração das Mutações do Patrimônio Líquido;REAL;MIL;ÚLTIMO;2024-03-01;2025-02-28;Capital Social Integralizado;5.04.03;Opções Outorgadas Reconhecidas;0.0000000000;S
64.904.295/0001-03;2025-02-28;1;CAMIL ALIMENTOS S.A.;024228;DF Individual - Demonstração das Mutações do Patrimônio Líquido;REAL;MIL;PENÚLTIMO;2023-03-01;2024-02-28;Reservas de Capital, Opções Outorgadas e Ações em Tesouraria;5.04.03;Opções Outorgadas Reconhecidas;5116.0000000000;S
64.904.295/0001-03;2025-02-28;1;CAMIL ALIMENTOS S.A.;024228;DF Individual - Demonstração das Mutações do Patrimônio Líquido;REAL;MIL;ÚLTIMO;2024-03-01;2025-02-28;Reservas de Capital, Opções Outorgadas e Ações em Tesouraria;5.04.03;Opções Outorgadas Reconhecidas;4747.0000000000;S
64.904.295/0001-03;2025-02-28;1;CAMIL ALIMENTOS S.A.;024228;DF Individual - Demonstração das Mutações do Patrimônio Líquido;REAL;MIL;PENÚLTIMO;2023-03-01;2024-02-28;Reservas de Lucro;5.04.03;Opções Outorgadas Reconhecidas;0.0000000000;S
64.904.295/0001-03;2025-02-28;1;CAMIL ALIMENTOS S.A.;024228;DF Individual - Demonstração das Mutações do Patrimônio Líquido;REAL;MIL;ÚLTIMO;2024-03-01;2025-02-28;Reservas de Lucro;5.04.03;Opções Outorgadas Reconhecidas;0.0000000000;S
64.904.295/0001-03;2025-02-28;1;CAMIL ALIMENTOS S.A.;024228;DF Individual - Demonstração das Mutações do Patrimônio Líquido;REAL;MIL;PENÚLTIMO;2023-03-01;2024-02-28;Lucros ou Prejuízos Acumulados;5.04.03;Opções Outorgadas Reconhecidas;0.0000000000;S
64.904.295/0001-03;2025-02-28;1;CAMIL ALIMENTOS S.A.;024228;DF Individual - Demonstração das Mutações do Patrimônio Líquido;REAL;MIL;ÚLTIMO;2024-03-01;2025-02-28;Lucros ou Prejuízos Acumulados;5.04.03;Opções Outorgadas Reconhecidas;0.0000000000;S
64.904.295/0001-03;2025-02-28;1;CAMIL ALIMENTOS S.A.;024228;DF Individual - Demonstração das Mutações do Patrimônio Líquido;REAL;MIL;PENÚLTIMO;2023-03-01;2024-02-28;Outros Resultados Abrangentes;5.04.03;Opções Outorgadas Reconhecidas;0.0000000000;S
64.904.295/0001-03;2025-02-28;1;CAMIL ALIMENTOS S.A.;024228;DF Individual - Demonstração das Mutações do Patrimônio Líquido;REAL;MIL;ÚLTIMO;2024-03-01;2025-02-28;Outros Resultados Abrangentes;5.04.03;Opções Outorgadas Reconhecidas;0.0000000000;S
64.904.295/0001-03;2025-02-28;1;CAMIL ALIMENTOS S.A.;024228;DF Individual - Demonstração das Mutações do Patrimônio Líquido;REAL;MIL;PENÚLTIMO;2023-03-01;2024-02-28;Patrimônio Líquido;5.04.03;Opções Outorgadas Reconhecidas;5116.0000000000;S
64.904.295/0001-03;2025-02-28;1;CAMIL ALIMENTOS S.A.;024228;DF Individual - Demonstração das Mutações do Patrimônio Líquido;REAL;MIL;ÚLTIMO;2024-03-01;2025-02-28;Patrimônio Líquido;5.04.03;Opções Outorgadas Reconhecidas;4747.0000000000;S
64.904.295/0001-03;2025-02-28;1;CAMIL ALIMENTOS S.A.;024228;DF Individual - Demonstração das Mutações do Patrimônio Líquido;REAL;MIL;PENÚLTIMO;2023-03-01;2024-02-28;Capital Social Integralizado;5.04.04;Ações em Tesouraria Adquiridas;-65103.0000000000;S
64.904.295/0001-03;2025-02-28;1;CAMIL ALIMENTOS S.A.;024228;DF Individual - Demonstração das Mutações do Patrimônio Líquido;REAL;MIL;ÚLTIMO;2024-03-01;2025-02-28;Capital Social Integralizado;5.04.04;Ações em Tesouraria Adquiridas;0.0000000000;S
64.904.295/0001-03;2025-02-28;1;CAMIL ALIMENTOS S.A.;024228;DF Individual - Demonstração das Mutações do Patrimônio Líquido;REAL;MIL;PENÚLTIMO;2023-03-01;2024-02-28;Reservas de Capital, Opções Outorgadas e Ações em Tesouraria;5.04.04;Ações em Tesouraria Adquiridas;0.0000000000;S
64.904.295/0001-03;2025-02-28;1;CAMIL ALIMENTOS S.A.;024228;DF Individual - Demonstração das Mutações do Patrimônio Líquido;REAL;MIL;ÚLTIMO;2024-03-01;2025-02-28;Reservas de Capital, Opções Outorgadas e Ações em Tesouraria;5.04.04;Ações em Tesouraria Adquiridas;0.0000000000;S
64.904.295/0001-03;2025-02-28;1;CAMIL ALIMENTOS S.A.;024228;DF Individual - Demonstração das Mutações do Patrimônio Líquido;REAL;MIL;PENÚLTIMO;2023-03-01;2024-02-28;Reservas de Lucro;5.04.04;Ações em Tesouraria Adquiridas;0.0000000000;S
64.904.295/0001-03;2025-02-28;1;CAMIL ALIMENTOS S.A.;024228;DF Individual - Demonstração das Mutações do Patrimônio Líquido;REAL;MIL;ÚLTIMO;2024-03-01;2025-02-28;Reservas de Lucro;5.04.04;Ações em Tesouraria Adquiridas;0.0000000000;S
64.904.295/0001-03;2025-02-28;1;CAMIL ALIMENTOS S.A.;024228;DF Individual - Demonstração das Mutações do Patrimônio Líquido;REAL;MIL;PENÚLTIMO;2023-03-01;2024-02-28;Lucros ou Prejuízos Acumulados;5.04.04;Ações em Tesouraria Adquiridas;0.0000000000;S
64.904.295/0001-03;2025-02-28;1;CAMIL ALIMENTOS S.A.;024228;DF Individual - Demonstração das Mutações do Patrimônio Líquido;REAL;MIL;ÚLTIMO;2024-03-01;2025-02-28;Lucros ou Prejuízos Acumulados;5.04.04;Ações em Tesouraria Adquiridas;0.0000000000;S
64.904.295/0001-03;2025-02-28;1;CAMIL ALIMENTOS S.A.;024228;DF Individual - Demonstração das Mutações do Patrimônio Líquido;REAL;MIL;PENÚLTIMO;2023-03-01;2024-02-28;Outros Resultados Abrangentes;5.04.04;Ações em Tesouraria Adquiridas;0.0000000000;S
64.904.295/0001-03;2025-02-28;1;CAMIL ALIMENTOS S.A.;024228;DF Individual - Demonstração das Mutações do Patrimônio Líquido;REAL;MIL;ÚLTIMO;2024-03-01;2025-02-28;Outros Resultados Abrangentes;5.04.04;Ações em Tesouraria Adquiridas;0.0000000000;S
64.904.295/0001-03;2025-02-28;1;CAMIL ALIMENTOS S.A.;024228;DF Individual - Demonstração das Mutações do Patrimônio Líquido;REAL;MIL;PENÚLTIMO;2023-03-01;2024-02-28;Patrimônio Líquido;5.04.04;Ações em Tesouraria Adquiridas;-65103.0000000000;S
64.904.295/0001-03;2025-02-28;1;CAMIL ALIMENTOS S.A.;024228;DF Individual - Demonstração das Mutações do Patrimônio Líquido;REAL;MIL;ÚLTIMO;2024-03-01;2025-02-28;Patrimônio Líquido;5.04.04;Ações em Tesouraria Adquiridas;0.0000000000;S
64.904.295/0001-03;2025-02-28;1;CAMIL ALIMENTOS S.A.;024228;DF Individual - Demonstração das Mutações do Patrimônio Líquido;REAL;MIL;PENÚLTIMO;2023-03-01;2024-02-28;Capital Social Integralizado;5.04.05;Ações em Tesouraria Vendidas;0.0000000000;S
64.904.295/0001-03;2025-02-28;1;CAMIL ALIMENTOS S.A.;024228;DF Individual - Demonstração das Mutações do Patrimônio Líquido;REAL;MIL;ÚLTIMO;2024-03-01;2025-02-28;Capital Social Integralizado;5.04.05;Ações em Tesouraria Vendidas;0.0000000000;S
64.904.295/0001-03;2025-02-28;1;CAMIL ALIMENTOS S.A.;024228;DF Individual - Demonstração das Mutações do Patrimônio Líquido;REAL;MIL;PENÚLTIMO;2023-03-01;2024-02-28;Reservas de Capital, Opções Outorgadas e Ações em Tesouraria;5.04.05;Ações em Tesouraria Vendidas;0.0000000000;S
64.904.295/0001-03;2025-02-28;1;CAMIL ALIMENTOS S.A.;024228;DF Individual - Demonstração das Mutações do Patrimônio Líquido;REAL;MIL;ÚLTIMO;2024-03-01;2025-02-28;Reservas de Capital, Opções Outorgadas e Ações em Tesouraria;5.04.05;Ações em Tesouraria Vendidas;0.0000000000;S
64.904.295/0001-03;2025-02-28;1;CAMIL ALIMENTOS S.A.;024228;DF Individual - Demonstração das Mutações do Patrimônio Líquido;REAL;MIL;PENÚLTIMO;2023-03-01;2024-02-28;Reservas de Lucro;5.04.05;Ações em Tesouraria Vendidas;0.0000000000;S
64.904.295/0001-03;2025-02-28;1;CAMIL ALIMENTOS S.A.;024228;DF Individual - Demonstração das Mutações do Patrimônio Líquido;REAL;MIL;ÚLTIMO;2024-03-01;2025-02-28;Reservas de Lucro;5.04.05;Ações em Tesouraria Vendidas;0.0000000000;S
64.904.295/0001-03;2025-02-28;1;CAMIL ALIMENTOS S.A.;024228;DF Individual - Demonstração das Mutações do Patrimônio Líquido;REAL;MIL;PENÚLTIMO;2023-03-01;2024-02-28;Lucros ou Prejuízos Acumulados;5.04.05;Ações em Tesouraria Vendidas;0.0000000000;S
64.904.295/0001-03;2025-02-28;1;CAMIL ALIMENTOS S.A.;024228;DF Individual - Demonstração das Mutações do Patrimônio Líquido;REAL;MIL;ÚLTIMO;2024-03-01;2025-02-28;Lucros ou Prejuízos Acumulados;5.04.05;Ações em Tesouraria Vendidas;0.0000000000;S
64.904.295/0001-03;2025-02-28;1;CAMIL ALIMENTOS S.A.;024228;DF Individual - Demonstração das Mutações do Patrimônio Líquido;REAL;MIL;PENÚLTIMO;2023-03-01;2024-02-28;Outros Resultados Abrangentes;5.04.05;Ações em Tesouraria Vendidas;0.0000000000;S
64.904.295/0001-03;2025-02-28;1;CAMIL ALIMENTOS S.A.;024228;DF Individual - Demonstração das Mutações do Patrimônio Líquido;REAL;MIL;ÚLTIMO;2024-03-01;2025-02-28;Outros Resultados Abrangentes;5.04.05;Ações em Tesouraria Vendidas;0.0000000000;S
64.904.295/0001-03;2025-02-28;1;CAMIL ALIMENTOS S.A.;024228;DF Individual - Demonstração das Mutações do Patrimônio Líquido;REAL;MIL;PENÚLTIMO;2023-03-01;2024-02-28;Patrimônio Líquido;5.04.05;Ações em Tesouraria Vendidas;0.0000000000;S
64.904.295/0001-03;2025-02-28;1;CAMIL ALIMENTOS S.A.;024228;DF Individual - Demonstração das Mutações do Patrimônio Líquido;REAL;MIL;ÚLTIMO;2024-03-01;2025-02-28;Patrimônio Líquido;5.04.05;Ações em Tesouraria Vendidas;0.0000000000;S
64.904.295/0001-03;2025-02-28;1;CAMIL ALIMENTOS S.A.;024228;DF Individual - Demonstração das Mutações do Patrimônio Líquido;REAL;MIL;PENÚLTIMO;2023-03-01;2024-02-28;Capital Social Integralizado;5.04.06;Dividendos;0.0000000000;S
64.904.295/0001-03;2025-02-28;1;CAMIL ALIMENTOS S.A.;024228;DF Individual - Demonstração das Mutações do Patrimônio Líquido;REAL;MIL;ÚLTIMO;2024-03-01;2025-02-28;Capital Social Integralizado;5.04.06;Dividendos;0.0000000000;S
64.904.295/0001-03;2025-02-28;1;CAMIL ALIMENTOS S.A.;024228;DF Individual - Demonstração das Mutações do Patrimônio Líquido;REAL;MIL;PENÚLTIMO;2023-03-01;2024-02-28;Reservas de Capital, Opções Outorgadas e Ações em Tesouraria;5.04.06;Dividendos;0.0000000000;S
64.904.295/0001-03;2025-02-28;1;CAMIL ALIMENTOS S.A.;024228;DF Individual - Demonstração das Mutações do Patrimônio Líquido;REAL;MIL;ÚLTIMO;2024-03-01;2025-02-28;Reservas de Capital, Opções Outorgadas e Ações em Tesouraria;5.04.06;Dividendos;0.0000000000;S
64.904.295/0001-03;2025-02-28;1;CAMIL ALIMENTOS S.A.;024228;DF Individual - Demonstração das Mutações do Patrimônio Líquido;REAL;MIL;PENÚLTIMO;2023-03-01;2024-02-28;Reservas de Lucro;5.04.06;Dividendos;0.0000000000;S
64.904.295/0001-03;2025-02-28;1;CAMIL ALIMENTOS S.A.;024228;DF Individual - Demonstração das Mutações do Patrimônio Líquido;REAL;MIL;ÚLTIMO;2024-03-01;2025-02-28;Reservas de Lucro;5.04.06;Dividendos;0.0000000000;S
64.904.295/0001-03;2025-02-28;1;CAMIL ALIMENTOS S.A.;024228;DF Individual - Demonstração das Mutações do Patrimônio Líquido;REAL;MIL;PENÚLTIMO;2023-03-01;2024-02-28;Lucros ou Prejuízos Acumulados;5.04.06;Dividendos;-6000.0000000000;S
64.904.295/0001-03;2025-02-28;1;CAMIL ALIMENTOS S.A.;024228;DF Individual - Demonstração das Mutações do Patrimônio Líquido;REAL;MIL;ÚLTIMO;2024-03-01;2025-02-28;Lucros ou Prejuízos Acumulados;5.04.06;Dividendos;-24000.0000000000;S
64.904.295/0001-03;2025-02-28;1;CAMIL ALIMENTOS S.A.;024228;DF Individual - Demonstração das Mutações do Patrimônio Líquido;REAL;MIL;PENÚLTIMO;2023-03-01;2024-02-28;Outros Resultados Abrangentes;5.04.06;Dividendos;0.0000000000;S
64.904.295/0001-03;2025-02-28;1;CAMIL ALIMENTOS S.A.;024228;DF Individual - Demonstração das Mutações do Patrimônio Líquido;REAL;MIL;ÚLTIMO;2024-03-01;2025-02-28;Outros Resultados Abrangentes;5.04.06;Dividendos;0.0000000000;S
64.904.295/0001-03;2025-02-28;1;CAMIL ALIMENTOS S.A.;024228;DF Individual - Demonstração das Mutações do Patrimônio Líquido;REAL;MIL;PENÚLTIMO;2023-03-01;2024-02-28;Patrimônio Líquido;5.04.06;Dividendos;-6000.0000000000;S
64.904.295/0001-03;2025-02-28;1;CAMIL ALIMENTOS S.A.;024228;DF Individual - Demonstração das Mutações do Patrimônio Líquido;REAL;MIL;ÚLTIMO;2024-03-01;2025-02-28;Patrimônio Líquido;5.04.06;Dividendos;-24000.0000000000;S
64.904.295/0001-03;2025-02-28;1;CAMIL ALIMENTOS S.A.;024228;DF Individual - Demonstração das Mutações do Patrimônio Líquido;REAL;MIL;PENÚLTIMO;2023-03-01;2024-02-28;Capital Social Integralizado;5.04.07;Juros sobre Capital Próprio;0.0000000000;S
64.904.295/0001-03;2025-02-28;1;CAMIL ALIMENTOS S.A.;024228;DF Individual - Demonstração das Mutações do Patrimônio Líquido;REAL;MIL;ÚLTIMO;2024-03-01;2025-02-28;Capital Social Integralizado;5.04.07;Juros sobre Capital Próprio;0.0000000000;S
64.904.295/0001-03;2025-02-28;1;CAMIL ALIMENTOS S.A.;024228;DF Individual - Demonstração das Mutações do Patrimônio Líquido;REAL;MIL;PENÚLTIMO;2023-03-01;2024-02-28;Reservas de Capital, Opções Outorgadas e Ações em Tesouraria;5.04.07;Juros sobre Capital Próprio;0.0000000000;S
64.904.295/0001-03;2025-02-28;1;CAMIL ALIMENTOS S.A.;024228;DF Individual - Demonstração das Mutações do Patrimônio Líquido;REAL;MIL;ÚLTIMO;2024-03-01;2025-02-28;Reservas de Capital, Opções Outorgadas e Ações em Tesouraria;5.04.07;Juros sobre Capital Próprio;0.0000000000;S
64.904.295/0001-03;2025-02-28;1;CAMIL ALIMENTOS S.A.;024228;DF Individual - Demonstração das Mutações do Patrimônio Líquido;REAL;MIL;PENÚLTIMO;2023-03-01;2024-02-28;Reservas de Lucro;5.04.07;Juros sobre Capital Próprio;-23641.0000000000;S
64.904.295/0001-03;2025-02-28;1;CAMIL ALIMENTOS S.A.;024228;DF Individual - Demonstração das Mutações do Patrimônio Líquido;REAL;MIL;ÚLTIMO;2024-03-01;2025-02-28;Reservas de Lucro;5.04.07;Juros sobre Capital Próprio;-53949.0000000000;S
64.904.295/0001-03;2025-02-28;1;CAMIL ALIMENTOS S.A.;024228;DF Individual - Demonstração das Mutações do Patrimônio Líquido;REAL;MIL;PENÚLTIMO;2023-03-01;2024-02-28;Lucros ou Prejuízos Acumulados;5.04.07;Juros sobre Capital Próprio;-70359.0000000000;S
64.904.295/0001-03;2025-02-28;1;CAMIL ALIMENTOS S.A.;024228;DF Individual - Demonstração das Mutações do Patrimônio Líquido;REAL;MIL;ÚLTIMO;2024-03-01;2025-02-28;Lucros ou Prejuízos Acumulados;5.04.07;Juros sobre Capital Próprio;-22051.0000000000;S
64.904.295/0001-03;2025-02-28;1;CAMIL ALIMENTOS S.A.;024228;DF Individual - Demonstração das Mutações do Patrimônio Líquido;REAL;MIL;PENÚLTIMO;2023-03-01;2024-02-28;Outros Resultados Abrangentes;5.04.07;Juros sobre Capital Próprio;0.0000000000;S
64.904.295/0001-03;2025-02-28;1;CAMIL ALIMENTOS S.A.;024228;DF Individual - Demonstração das Mutações do Patrimônio Líquido;REAL;MIL;ÚLTIMO;2024-03-01;2025-02-28;Outros Resultados Abrangentes;5.04.07;Juros sobre Capital Próprio;0.0000000000;S
64.904.295/0001-03;2025-02-28;1;CAMIL ALIMENTOS S.A.;024228;DF Individual - Demonstração das Mutações do Patrimônio Líquido;REAL;MIL;PENÚLTIMO;2023-03-01;2024-02-28;Patrimônio Líquido;5.04.07;Juros sobre Capital Próprio;-94000.0000000000;S
64.904.295/0001-03;2025-02-28;1;CAMIL ALIMENTOS S.A.;024228;DF Individual - Demonstração das Mutações do Patrimônio Líquido;REAL;MIL;ÚLTIMO;2024-03-01;2025-02-28;Patrimônio Líquido;5.04.07;Juros sobre Capital Próprio;-76000.0000000000;S
64.904.295/0001-03;2025-02-28;1;CAMIL ALIMENTOS S.A.;024228;DF Individual - Demonstração das Mutações do Patrimônio Líquido;REAL;MIL;PENÚLTIMO;2023-03-01;2024-02-28;Capital Social Integralizado;5.04.08;Ações em Tesouraria Canceladas;0.0000000000;N
64.904.295/0001-03;2025-02-28;1;CAMIL ALIMENTOS S.A.;024228;DF Individual - Demonstração das Mutações do Patrimônio Líquido;REAL;MIL;ÚLTIMO;2024-03-01;2025-02-28;Capital Social Integralizado;5.04.08; Ações em Tesouraria Canceladas;0.0000000000;N
64.904.295/0001-03;2025-02-28;1;CAMIL ALIMENTOS S.A.;024228;DF Individual - Demonstração das Mutações do Patrimônio Líquido;REAL;MIL;PENÚLTIMO;2023-03-01;2024-02-28;Reservas de Capital, Opções Outorgadas e Ações em Tesouraria;5.04.08;Ações em Tesouraria Canceladas;0.0000000000;N
64.904.295/0001-03;2025-02-28;1;CAMIL ALIMENTOS S.A.;024228;DF Individual - Demonstração das Mutações do Patrimônio Líquido;REAL;MIL;ÚLTIMO;2024-03-01;2025-02-28;Reservas de Capital, Opções Outorgadas e Ações em Tesouraria;5.04.08; Ações em Tesouraria Canceladas;0.0000000000;N
64.904.295/0001-03;2025-02-28;1;CAMIL ALIMENTOS S.A.;024228;DF Individual - Demonstração das Mutações do Patrimônio Líquido;REAL;MIL;PENÚLTIMO;2023-03-01;2024-02-28;Reservas de Lucro;5.04.08;Ações em Tesouraria Canceladas;0.0000000000;N
64.904.295/0001-03;2025-02-28;1;CAMIL ALIMENTOS S.A.;024228;DF Individual - Demonstração das Mutações do Patrimônio Líquido;REAL;MIL;ÚLTIMO;2024-03-01;2025-02-28;Reservas de Lucro;5.04.08; Ações em Tesouraria Canceladas;0.0000000000;N
64.904.295/0001-03;2025-02-28;1;CAMIL ALIMENTOS S.A.;024228;DF Individual - Demonstração das Mutações do Patrimônio Líquido;REAL;MIL;PENÚLTIMO;2023-03-01;2024-02-28;Lucros ou Prejuízos Acumulados;5.04.08;Ações em Tesouraria Canceladas;0.0000000000;N
64.904.295/0001-03;2025-02-28;1;CAMIL ALIMENTOS S.A.;024228;DF Individual - Demonstração das Mutações do Patrimônio Líquido;REAL;MIL;ÚLTIMO;2024-03-01;2025-02-28;Lucros ou Prejuízos Acumulados;5.04.08; Ações em Tesouraria Canceladas;0.0000000000;N
64.904.295/0001-03;2025-02-28;1;CAMIL ALIMENTOS S.A.;024228;DF Individual - Demonstração das Mutações do Patrimônio Líquido;REAL;MIL;PENÚLTIMO;2023-03-01;2024-02-28;Outros Resultados Abrangentes;5.04.08;Ações em Tesouraria Canceladas;0.0000000000;N
64.904.295/0001-03;2025-02-28;1;CAMIL ALIMENTOS S.A.;024228;DF Individual - Demonstração das Mutações do Patrimônio Líquido;REAL;MIL;ÚLTIMO;2024-03-01;2025-02-28;Outros Resultados Abrangentes;5.04.08; Ações em Tesouraria Canceladas;0.0000000000;N
64.904.295/0001-03;2025-02-28;1;CAMIL ALIMENTOS S.A.;024228;DF Individual - Demonstração das Mutações do Patrimônio Líquido;REAL;MIL;PENÚLTIMO;2023-03-01;2024-02-28;Patrimônio Líquido;5.04.08;Ações em Tesouraria Canceladas;0.0000000000;N
64.904.295/0001-03;2025-02-28;1;CAMIL ALIMENTOS S.A.;024228;DF Individual - Demonstração das Mutações do Patrimônio Líquido;REAL;MIL;ÚLTIMO;2024-03-01;2025-02-28;Patrimônio Líquido;5.04.08; Ações em Tesouraria Canceladas;0.0000000000;N
64.904.295/0001-03;2025-02-28;1;CAMIL ALIMENTOS S.A.;024228;DF Individual - Demonstração das Mutações do Patrimônio Líquido;REAL;MIL;PENÚLTIMO;2023-03-01;2024-02-28;Capital Social Integralizado;5.04.09;Dividendo Adicional Proposto;0.0000000000;N
64.904.295/0001-03;2025-02-28;1;CAMIL ALIMENTOS S.A.;024228;DF Individual - Demonstração das Mutações do Patrimônio Líquido;REAL;MIL;ÚLTIMO;2024-03-01;2025-02-28;Capital Social Integralizado;5.04.09;Dividendo Adicional Proposto;0.0000000000;N
64.904.295/0001-03;2025-02-28;1;CAMIL ALIMENTOS S.A.;024228;DF Individual - Demonstração das Mutações do Patrimônio Líquido;REAL;MIL;PENÚLTIMO;2023-03-01;2024-02-28;Reservas de Capital, Opções Outorgadas e Ações em Tesouraria;5.04.09;Dividendo Adicional Proposto;0.0000000000;N
64.904.295/0001-03;2025-02-28;1;CAMIL ALIMENTOS S.A.;024228;DF Individual - Demonstração das Mutações do Patrimônio Líquido;REAL;MIL;ÚLTIMO;2024-03-01;2025-02-28;Reservas de Capital, Opções Outorgadas e Ações em Tesouraria;5.04.09;Dividendo Adicional Proposto;0.0000000000;N
64.904.295/0001-03;2025-02-28;1;CAMIL ALIMENTOS S.A.;024228;DF Individual - Demonstração das Mutações do Patrimônio Líquido;REAL;MIL;PENÚLTIMO;2023-03-01;2024-02-28;Reservas de Lucro;5.04.09;Dividendo Adicional Proposto;0.0000000000;N
64.904.295/0001-03;2025-02-28;1;CAMIL ALIMENTOS S.A.;024228;DF Individual - Demonstração das Mutações do Patrimônio Líquido;REAL;MIL;ÚLTIMO;2024-03-01;2025-02-28;Reservas de Lucro;5.04.09;Dividendo Adicional Proposto;0.0000000000;N
64.904.295/0001-03;2025-02-28;1;CAMIL ALIMENTOS S.A.;024228;DF Individual - Demonstração das Mutações do Patrimônio Líquido;REAL;MIL;PENÚLTIMO;2023-03-01;2024-02-28;Lucros ou Prejuízos Acumulados;5.04.09;Dividendo Adicional Proposto;0.0000000000;N
64.904.295/0001-03;2025-02-28;1;CAMIL ALIMENTOS S.A.;024228;DF Individual - Demonstração das Mutações do Patrimônio Líquido;REAL;MIL;ÚLTIMO;2024-03-01;2025-02-28;Lucros ou Prejuízos Acumulados;5.04.09;Dividendo Adicional Proposto;0.0000000000;N
64.904.295/0001-03;2025-02-28;1;CAMIL ALIMENTOS S.A.;024228;DF Individual - Demonstração das Mutações do Patrimônio Líquido;REAL;MIL;PENÚLTIMO;2023-03-01;2024-02-28;Outros Resultados Abrangentes;5.04.09;Dividendo Adicional Proposto;0.0000000000;N
64.904.295/0001-03;2025-02-28;1;CAMIL ALIMENTOS S.A.;024228;DF Individual - Demonstração das Mutações do Patrimônio Líquido;REAL;MIL;ÚLTIMO;2024-03-01;2025-02-28;Outros Resultados Abrangentes;5.04.09;Dividendo Adicional Proposto;0.0000000000;N
64.904.295/0001-03;2025-02-28;1;CAMIL ALIMENTOS S.A.;024228;DF Individual - Demonstração das Mutações do Patrimônio Líquido;REAL;MIL;PENÚLTIMO;2023-03-01;2024-02-28;Patrimônio Líquido;5.04.09;Dividendo Adicional Proposto;0.0000000000;N
64.904.295/0001-03;2025-02-28;1;CAMIL ALIMENTOS S.A.;024228;DF Individual - Demonstração das Mutações do Patrimônio Líquido;REAL;MIL;ÚLTIMO;2024-03-01;2025-02-28;Patrimônio Líquido;5.04.09;Dividendo Adicional Proposto;0.0000000000;N
64.904.295/0001-03;2025-02-28;1;CAMIL ALIMENTOS S.A.;024228;DF Individual - Demonstração das Mutações do Patrimônio Líquido;REAL;MIL;PENÚLTIMO;2023-03-01;2024-02-28;Capital Social Integralizado;5.04.10;IRPJ/CSLL Diferidos sobre Opção de Ações Outorgadas;0.0000000000;N
64.904.295/0001-03;2025-02-28;1;CAMIL ALIMENTOS S.A.;024228;DF Individual - Demonstração das Mutações do Patrimônio Líquido;REAL;MIL;ÚLTIMO;2024-03-01;2025-02-28;Capital Social Integralizado;5.04.10;IRPJ/CSLL diferidos sobre opção de ações outorgadas;0.0000000000;N
64.904.295/0001-03;2025-02-28;1;CAMIL ALIMENTOS S.A.;024228;DF Individual - Demonstração das Mutações do Patrimônio Líquido;REAL;MIL;PENÚLTIMO;2023-03-01;2024-02-28;Reservas de Capital, Opções Outorgadas e Ações em Tesouraria;5.04.10;IRPJ/CSLL Diferidos sobre Opção de Ações Outorgadas;-1740.0000000000;N
64.904.295/0001-03;2025-02-28;1;CAMIL ALIMENTOS S.A.;024228;DF Individual - Demonstração das Mutações do Patrimônio Líquido;REAL;MIL;ÚLTIMO;2024-03-01;2025-02-28;Reservas de Capital, Opções Outorgadas e Ações em Tesouraria;5.04.10;IRPJ/CSLL diferidos sobre opção de ações outorgadas;-1614.0000000000;N
64.904.295/0001-03;2025-02-28;1;CAMIL ALIMENTOS S.A.;024228;DF Individual - Demonstração das Mutações do Patrimônio Líquido;REAL;MIL;PENÚLTIMO;2023-03-01;2024-02-28;Reservas de Lucro;5.04.10;IRPJ/CSLL Diferidos sobre Opção de Ações Outorgadas;0.0000000000;N
64.904.295/0001-03;2025-02-28;1;CAMIL ALIMENTOS S.A.;024228;DF Individual - Demonstração das Mutações do Patrimônio Líquido;REAL;MIL;ÚLTIMO;2024-03-01;2025-02-28;Reservas de Lucro;5.04.10;IRPJ/CSLL diferidos sobre opção de ações outorgadas;0.0000000000;N
64.904.295/0001-03;2025-02-28;1;CAMIL ALIMENTOS S.A.;024228;DF Individual - Demonstração das Mutações do Patrimônio Líquido;REAL;MIL;PENÚLTIMO;2023-03-01;2024-02-28;Lucros ou Prejuízos Acumulados;5.04.10;IRPJ/CSLL Diferidos sobre Opção de Ações Outorgadas;0.0000000000;N
64.904.295/0001-03;2025-02-28;1;CAMIL ALIMENTOS S.A.;024228;DF Individual - Demonstração das Mutações do Patrimônio Líquido;REAL;MIL;ÚLTIMO;2024-03-01;2025-02-28;Lucros ou Prejuízos Acumulados;5.04.10;IRPJ/CSLL diferidos sobre opção de ações outorgadas;0.0000000000;N
64.904.295/0001-03;2025-02-28;1;CAMIL ALIMENTOS S.A.;024228;DF Individual - Demonstração das Mutações do Patrimônio Líquido;REAL;MIL;PENÚLTIMO;2023-03-01;2024-02-28;Outros Resultados Abrangentes;5.04.10;IRPJ/CSLL Diferidos sobre Opção de Ações Outorgadas;0.0000000000;N
64.904.295/0001-03;2025-02-28;1;CAMIL ALIMENTOS S.A.;024228;DF Individual - Demonstração das Mutações do Patrimônio Líquido;REAL;MIL;ÚLTIMO;2024-03-01;2025-02-28;Outros Resultados Abrangentes;5.04.10;IRPJ/CSLL diferidos sobre opção de ações outorgadas;0.0000000000;N
64.904.295/0001-03;2025-02-28;1;CAMIL ALIMENTOS S.A.;024228;DF Individual - Demonstração das Mutações do Patrimônio Líquido;REAL;MIL;PENÚLTIMO;2023-03-01;2024-02-28;Patrimônio Líquido;5.04.10;IRPJ/CSLL Diferidos sobre Opção de Ações Outorgadas;-1740.0000000000;N
64.904.295/0001-03;2025-02-28;1;CAMIL ALIMENTOS S.A.;024228;DF Individual - Demonstração das Mutações do Patrimônio Líquido;REAL;MIL;ÚLTIMO;2024-03-01;2025-02-28;Patrimônio Líquido;5.04.10;IRPJ/CSLL diferidos sobre opção de ações outorgadas;-1614.0000000000;N
64.904.295/0001-03;2025-02-28;1;CAMIL ALIMENTOS S.A.;024228;DF Individual - Demonstração das Mutações do Patrimônio Líquido;REAL;MIL;PENÚLTIMO;2023-03-01;2024-02-28;Capital Social Integralizado;5.04.11;Efeitos de combinação de negócios sob controle comum;0.0000000000;N
64.904.295/0001-03;2025-02-28;1;CAMIL ALIMENTOS S.A.;024228;DF Individual - Demonstração das Mutações do Patrimônio Líquido;REAL;MIL;PENÚLTIMO;2023-03-01;2024-02-28;Reservas de Capital, Opções Outorgadas e Ações em Tesouraria;5.04.11;Efeitos de combinação de negócios sob controle comum;-21064.0000000000;N
64.904.295/0001-03;2025-02-28;1;CAMIL ALIMENTOS S.A.;024228;DF Individual - Demonstração das Mutações do Patrimônio Líquido;REAL;MIL;PENÚLTIMO;2023-03-01;2024-02-28;Reservas de Lucro;5.04.11;Efeitos de combinação de negócios sob controle comum;0.0000000000;N
64.904.295/0001-03;2025-02-28;1;CAMIL ALIMENTOS S.A.;024228;DF Individual - Demonstração das Mutações do Patrimônio Líquido;REAL;MIL;PENÚLTIMO;2023-03-01;2024-02-28;Lucros ou Prejuízos Acumulados;5.04.11;Efeitos de combinação de negócios sob controle comum;0.0000000000;N
64.904.295/0001-03;2025-02-28;1;CAMIL ALIMENTOS S.A.;024228;DF Individual - Demonstração das Mutações do Patrimônio Líquido;REAL;MIL;PENÚLTIMO;2023-03-01;2024-02-28;Outros Resultados Abrangentes;5.04.11;Efeitos de combinação de negócios sob controle comum;0.0000000000;N
64.904.295/0001-03;2025-02-28;1;CAMIL ALIMENTOS S.A.;024228;DF Individual - Demonstração das Mutações do Patrimônio Líquido;REAL;MIL;PENÚLTIMO;2023-03-01;2024-02-28;Patrimônio Líquido;5.04.11;Efeitos de combinação de negócios sob controle comum;-21064.0000000000;N
64.904.295/0001-03;2025-02-28;1;CAMIL ALIMENTOS S.A.;024228;DF Individual - Demonstração das Mutações do Patrimônio Líquido;REAL;MIL;PENÚLTIMO;2023-03-01;2024-02-28;Capital Social Integralizado;5.05;Resultado Abrangente Total;0.0000000000;S
64.904.295/0001-03;2025-02-28;1;CAMIL ALIMENTOS S.A.;024228;DF Individual - Demonstração das Mutações do Patrimônio Líquido;REAL;MIL;ÚLTIMO;2024-03-01;2025-02-28;Capital Social Integralizado;5.05;Resultado Abrangente Total;0.0000000000;S
64.904.295/0001-03;2025-02-28;1;CAMIL ALIMENTOS S.A.;024228;DF Individual - Demonstração das Mutações do Patrimônio Líquido;REAL;MIL;PENÚLTIMO;2023-03-01;2024-02-28;Reservas de Capital, Opções Outorgadas e Ações em Tesouraria;5.05;Resultado Abrangente Total;0.0000000000;S
64.904.295/0001-03;2025-02-28;1;CAMIL ALIMENTOS S.A.;024228;DF Individual - Demonstração das Mutações do Patrimônio Líquido;REAL;MIL;ÚLTIMO;2024-03-01;2025-02-28;Reservas de Capital, Opções Outorgadas e Ações em Tesouraria;5.05;Resultado Abrangente Total;0.0000000000;S
64.904.295/0001-03;2025-02-28;1;CAMIL ALIMENTOS S.A.;024228;DF Individual - Demonstração das Mutações do Patrimônio Líquido;REAL;MIL;PENÚLTIMO;2023-03-01;2024-02-28;Reservas de Lucro;5.05;Resultado Abrangente Total;-3474.0000000000;S
64.904.295/0001-03;2025-02-28;1;CAMIL ALIMENTOS S.A.;024228;DF Individual - Demonstração das Mutações do Patrimônio Líquido;REAL;MIL;ÚLTIMO;2024-03-01;2025-02-28;Reservas de Lucro;5.05;Resultado Abrangente Total;-1540.0000000000;S
64.904.295/0001-03;2025-02-28;1;CAMIL ALIMENTOS S.A.;024228;DF Individual - Demonstração das Mutações do Patrimônio Líquido;REAL;MIL;PENÚLTIMO;2023-03-01;2024-02-28;Lucros ou Prejuízos Acumulados;5.05;Resultado Abrangente Total;363811.0000000000;S
64.904.295/0001-03;2025-02-28;1;CAMIL ALIMENTOS S.A.;024228;DF Individual - Demonstração das Mutações do Patrimônio Líquido;REAL;MIL;ÚLTIMO;2024-03-01;2025-02-28;Lucros ou Prejuízos Acumulados;5.05;Resultado Abrangente Total;218490.0000000000;S
64.904.295/0001-03;2025-02-28;1;CAMIL ALIMENTOS S.A.;024228;DF Individual - Demonstração das Mutações do Patrimônio Líquido;REAL;MIL;PENÚLTIMO;2023-03-01;2024-02-28;Outros Resultados Abrangentes;5.05;Resultado Abrangente Total;-89638.0000000000;S
64.904.295/0001-03;2025-02-28;1;CAMIL ALIMENTOS S.A.;024228;DF Individual - Demonstração das Mutações do Patrimônio Líquido;REAL;MIL;ÚLTIMO;2024-03-01;2025-02-28;Outros Resultados Abrangentes;5.05;Resultado Abrangente Total;250138.0000000000;S
64.904.295/0001-03;2025-02-28;1;CAMIL ALIMENTOS S.A.;024228;DF Individual - Demonstração das Mutações do Patrimônio Líquido;REAL;MIL;PENÚLTIMO;2023-03-01;2024-02-28;Patrimônio Líquido;5.05;Resultado Abrangente Total;270699.0000000000;S
64.904.295/0001-03;2025-02-28;1;CAMIL ALIMENTOS S.A.;024228;DF Individual - Demonstração das Mutações do Patrimônio Líquido;REAL;MIL;ÚLTIMO;2024-03-01;2025-02-28;Patrimônio Líquido;5.05;Resultado Abrangente Total;467088.0000000000;S
64.904.295/0001-03;2025-02-28;1;CAMIL ALIMENTOS S.A.;024228;DF Individual - Demonstração das Mutações do Patrimônio Líquido;REAL;MIL;PENÚLTIMO;2023-03-01;2024-02-28;Capital Social Integralizado;5.05.01;Lucro Líquido do Período;0.0000000000;S
64.904.295/0001-03;2025-02-28;1;CAMIL ALIMENTOS S.A.;024228;DF Individual - Demonstração das Mutações do Patrimônio Líquido;REAL;MIL;ÚLTIMO;2024-03-01;2025-02-28;Capital Social Integralizado;5.05.01;Lucro Líquido do Período;0.0000000000;S
64.904.295/0001-03;2025-02-28;1;CAMIL ALIMENTOS S.A.;024228;DF Individual - Demonstração das Mutações do Patrimônio Líquido;REAL;MIL;PENÚLTIMO;2023-03-01;2024-02-28;Reservas de Capital, Opções Outorgadas e Ações em Tesouraria;5.05.01;Lucro Líquido do Período;0.0000000000;S
64.904.295/0001-03;2025-02-28;1;CAMIL ALIMENTOS S.A.;024228;DF Individual - Demonstração das Mutações do Patrimônio Líquido;REAL;MIL;ÚLTIMO;2024-03-01;2025-02-28;Reservas de Capital, Opções Outorgadas e Ações em Tesouraria;5.05.01;Lucro Líquido do Período;0.0000000000;S
64.904.295/0001-03;2025-02-28;1;CAMIL ALIMENTOS S.A.;024228;DF Individual - Demonstração das Mutações do Patrimônio Líquido;REAL;MIL;PENÚLTIMO;2023-03-01;2024-02-28;Reservas de Lucro;5.05.01;Lucro Líquido do Período;0.0000000000;S
64.904.295/0001-03;2025-02-28;1;CAMIL ALIMENTOS S.A.;024228;DF Individual - Demonstração das Mutações do Patrimônio Líquido;REAL;MIL;ÚLTIMO;2024-03-01;2025-02-28;Reservas de Lucro;5.05.01;Lucro Líquido do Período;0.0000000000;S
64.904.295/0001-03;2025-02-28;1;CAMIL ALIMENTOS S.A.;024228;DF Individual - Demonstração das Mutações do Patrimônio Líquido;REAL;MIL;PENÚLTIMO;2023-03-01;2024-02-28;Lucros ou Prejuízos Acumulados;5.05.01;Lucro Líquido do Período;360337.0000000000;S
64.904.295/0001-03;2025-02-28;1;CAMIL ALIMENTOS S.A.;024228;DF Individual - Demonstração das Mutações do Patrimônio Líquido;REAL;MIL;ÚLTIMO;2024-03-01;2025-02-28;Lucros ou Prejuízos Acumulados;5.05.01;Lucro Líquido do Período;216950.0000000000;S
64.904.295/0001-03;2025-02-28;1;CAMIL ALIMENTOS S.A.;024228;DF Individual - Demonstração das Mutações do Patrimônio Líquido;REAL;MIL;PENÚLTIMO;2023-03-01;2024-02-28;Outros Resultados Abrangentes;5.05.01;Lucro Líquido do Período;0.0000000000;S
64.904.295/0001-03;2025-02-28;1;CAMIL ALIMENTOS S.A.;024228;DF Individual - Demonstração das Mutações do Patrimônio Líquido;REAL;MIL;ÚLTIMO;2024-03-01;2025-02-28;Outros Resultados Abrangentes;5.05.01;Lucro Líquido do Período;0.0000000000;S
64.904.295/0001-03;2025-02-28;1;CAMIL ALIMENTOS S.A.;024228;DF Individual - Demonstração das Mutações do Patrimônio Líquido;REAL;MIL;PENÚLTIMO;2023-03-01;2024-02-28;Patrimônio Líquido;5.05.01;Lucro Líquido do Período;360337.0000000000;S
64.904.295/0001-03;2025-02-28;1;CAMIL ALIMENTOS S.A.;024228;DF Individual - Demonstração das Mutações do Patrimônio Líquido;REAL;MIL;ÚLTIMO;2024-03-01;2025-02-28;Patrimônio Líquido;5.05.01;Lucro Líquido do Período;216950.0000000000;S
64.904.295/0001-03;2025-02-28;1;CAMIL ALIMENTOS S.A.;024228;DF Individual - Demonstração das Mutações do Patrimônio Líquido;REAL;MIL;PENÚLTIMO;2023-03-01;2024-02-28;Capital Social Integralizado;5.05.02;Outros Resultados Abrangentes;0.0000000000;S
64.904.295/0001-03;2025-02-28;1;CAMIL ALIMENTOS S.A.;024228;DF Individual - Demonstração das Mutações do Patrimônio Líquido;REAL;MIL;ÚLTIMO;2024-03-01;2025-02-28;Capital Social Integralizado;5.05.02;Outros Resultados Abrangentes;0.0000000000;S
64.904.295/0001-03;2025-02-28;1;CAMIL ALIMENTOS S.A.;024228;DF Individual - Demonstração das Mutações do Patrimônio Líquido;REAL;MIL;PENÚLTIMO;2023-03-01;2024-02-28;Reservas de Capital, Opções Outorgadas e Ações em Tesouraria;5.05.02;Outros Resultados Abrangentes;0.0000000000;S
64.904.295/0001-03;2025-02-28;1;CAMIL ALIMENTOS S.A.;024228;DF Individual - Demonstração das Mutações do Patrimônio Líquido;REAL;MIL;ÚLTIMO;2024-03-01;2025-02-28;Reservas de Capital, Opções Outorgadas e Ações em Tesouraria;5.05.02;Outros Resultados Abrangentes;0.0000000000;S
64.904.295/0001-03;2025-02-28;1;CAMIL ALIMENTOS S.A.;024228;DF Individual - Demonstração das Mutações do Patrimônio Líquido;REAL;MIL;PENÚLTIMO;2023-03-01;2024-02-28;Reservas de Lucro;5.05.02;Outros Resultados Abrangentes;-3474.0000000000;S
64.904.295/0001-03;2025-02-28;1;CAMIL ALIMENTOS S.A.;024228;DF Individual - Demonstração das Mutações do Patrimônio Líquido;REAL;MIL;ÚLTIMO;2024-03-01;2025-02-28;Reservas de Lucro;5.05.02;Outros Resultados Abrangentes;-1540.0000000000;S
64.904.295/0001-03;2025-02-28;1;CAMIL ALIMENTOS S.A.;024228;DF Individual - Demonstração das Mutações do Patrimônio Líquido;REAL;MIL;PENÚLTIMO;2023-03-01;2024-02-28;Lucros ou Prejuízos Acumulados;5.05.02;Outros Resultados Abrangentes;3474.0000000000;S
64.904.295/0001-03;2025-02-28;1;CAMIL ALIMENTOS S.A.;024228;DF Individual - Demonstração das Mutações do Patrimônio Líquido;REAL;MIL;ÚLTIMO;2024-03-01;2025-02-28;Lucros ou Prejuízos Acumulados;5.05.02;Outros Resultados Abrangentes;1540.0000000000;S
64.904.295/0001-03;2025-02-28;1;CAMIL ALIMENTOS S.A.;024228;DF Individual - Demonstração das Mutações do Patrimônio Líquido;REAL;MIL;PENÚLTIMO;2023-03-01;2024-02-28;Outros Resultados Abrangentes;5.05.02;Outros Resultados Abrangentes;-89638.0000000000;S
64.904.295/0001-03;2025-02-28;1;CAMIL ALIMENTOS S.A.;024228;DF Individual - Demonstração das Mutações do Patrimônio Líquido;REAL;MIL;ÚLTIMO;2024-03-01;2025-02-28;Outros Resultados Abrangentes;5.05.02;Outros Resultados Abrangentes;250138.0000000000;S
64.904.295/0001-03;2025-02-28;1;CAMIL ALIMENTOS S.A.;024228;DF Individual - Demonstração das Mutações do Patrimônio Líquido;REAL;MIL;PENÚLTIMO;2023-03-01;2024-02-28;Patrimônio Líquido;5.05.02;Outros Resultados Abrangentes;-89638.0000000000;S
64.904.295/0001-03;2025-02-28;1;CAMIL ALIMENTOS S.A.;024228;DF Individual - Demonstração das Mutações do Patrimônio Líquido;REAL;MIL;ÚLTIMO;2024-03-01;2025-02-28;Patrimônio Líquido;5.05.02;Outros Resultados Abrangentes;250138.0000000000;S
64.904.295/0001-03;2025-02-28;1;CAMIL ALIMENTOS S.A.;024228;DF Individual - Demonstração das Mutações do Patrimônio Líquido;REAL;MIL;PENÚLTIMO;2023-03-01;2024-02-28;Capital Social Integralizado;5.05.02.01;Ajustes de Instrumentos Financeiros;0.0000000000;S
64.904.295/0001-03;2025-02-28;1;CAMIL ALIMENTOS S.A.;024228;DF Individual - Demonstração das Mutações do Patrimônio Líquido;REAL;MIL;ÚLTIMO;2024-03-01;2025-02-28;Capital Social Integralizado;5.05.02.01;Ajustes de Instrumentos Financeiros;0.0000000000;S
64.904.295/0001-03;2025-02-28;1;CAMIL ALIMENTOS S.A.;024228;DF Individual - Demonstração das Mutações do Patrimônio Líquido;REAL;MIL;PENÚLTIMO;2023-03-01;2024-02-28;Reservas de Capital, Opções Outorgadas e Ações em Tesouraria;5.05.02.01;Ajustes de Instrumentos Financeiros;0.0000000000;S
64.904.295/0001-03;2025-02-28;1;CAMIL ALIMENTOS S.A.;024228;DF Individual - Demonstração das Mutações do Patrimônio Líquido;REAL;MIL;ÚLTIMO;2024-03-01;2025-02-28;Reservas de Capital, Opções Outorgadas e Ações em Tesouraria;5.05.02.01;Ajustes de Instrumentos Financeiros;0.0000000000;S
64.904.295/0001-03;2025-02-28;1;CAMIL ALIMENTOS S.A.;024228;DF Individual - Demonstração das Mutações do Patrimônio Líquido;REAL;MIL;PENÚLTIMO;2023-03-01;2024-02-28;Reservas de Lucro;5.05.02.01;Ajustes de Instrumentos Financeiros;0.0000000000;S
64.904.295/0001-03;2025-02-28;1;CAMIL ALIMENTOS S.A.;024228;DF Individual - Demonstração das Mutações do Patrimônio Líquido;REAL;MIL;ÚLTIMO;2024-03-01;2025-02-28;Reservas de Lucro;5.05.02.01;Ajustes de Instrumentos Financeiros;0.0000000000;S
64.904.295/0001-03;2025-02-28;1;CAMIL ALIMENTOS S.A.;024228;DF Individual - Demonstração das Mutações do Patrimônio Líquido;REAL;MIL;PENÚLTIMO;2023-03-01;2024-02-28;Lucros ou Prejuízos Acumulados;5.05.02.01;Ajustes de Instrumentos Financeiros;0.0000000000;S
64.904.295/0001-03;2025-02-28;1;CAMIL ALIMENTOS S.A.;024228;DF Individual - Demonstração das Mutações do Patrimônio Líquido;REAL;MIL;ÚLTIMO;2024-03-01;2025-02-28;Lucros ou Prejuízos Acumulados;5.05.02.01;Ajustes de Instrumentos Financeiros;0.0000000000;S
64.904.295/0001-03;2025-02-28;1;CAMIL ALIMENTOS S.A.;024228;DF Individual - Demonstração das Mutações do Patrimônio Líquido;REAL;MIL;PENÚLTIMO;2023-03-01;2024-02-28;Outros Resultados Abrangentes;5.05.02.01;Ajustes de Instrumentos Financeiros;0.0000000000;S
64.904.295/0001-03;2025-02-28;1;CAMIL ALIMENTOS S.A.;024228;DF Individual - Demonstração das Mutações do Patrimônio Líquido;REAL;MIL;ÚLTIMO;2024-03-01;2025-02-28;Outros Resultados Abrangentes;5.05.02.01;Ajustes de Instrumentos Financeiros;0.0000000000;S
64.904.295/0001-03;2025-02-28;1;CAMIL ALIMENTOS S.A.;024228;DF Individual - Demonstração das Mutações do Patrimônio Líquido;REAL;MIL;PENÚLTIMO;2023-03-01;2024-02-28;Patrimônio Líquido;5.05.02.01;Ajustes de Instrumentos Financeiros;0.0000000000;S
64.904.295/0001-03;2025-02-28;1;CAMIL ALIMENTOS S.A.;024228;DF Individual - Demonstração das Mutações do Patrimônio Líquido;REAL;MIL;ÚLTIMO;2024-03-01;2025-02-28;Patrimônio Líquido;5.05.02.01;Ajustes de Instrumentos Financeiros;0.0000000000;S
64.904.295/0001-03;2025-02-28;1;CAMIL ALIMENTOS S.A.;024228;DF Individual - Demonstração das Mutações do Patrimônio Líquido;REAL;MIL;PENÚLTIMO;2023-03-01;2024-02-28;Capital Social Integralizado;5.05.02.02;Tributos s/ Ajustes Instrumentos Financeiros;0.0000000000;S
64.904.295/0001-03;2025-02-28;1;CAMIL ALIMENTOS S.A.;024228;DF Individual - Demonstração das Mutações do Patrimônio Líquido;REAL;MIL;ÚLTIMO;2024-03-01;2025-02-28;Capital Social Integralizado;5.05.02.02;Tributos s/ Ajustes Instrumentos Financeiros;0.0000000000;S
64.904.295/0001-03;2025-02-28;1;CAMIL ALIMENTOS S.A.;024228;DF Individual - Demonstração das Mutações do Patrimônio Líquido;REAL;MIL;PENÚLTIMO;2023-03-01;2024-02-28;Reservas de Capital, Opções Outorgadas e Ações em Tesouraria;5.05.02.02;Tributos s/ Ajustes Instrumentos Financeiros;0.0000000000;S
64.904.295/0001-03;2025-02-28;1;CAMIL ALIMENTOS S.A.;024228;DF Individual - Demonstração das Mutações do Patrimônio Líquido;REAL;MIL;ÚLTIMO;2024-03-01;2025-02-28;Reservas de Capital, Opções Outorgadas e Ações em Tesouraria;5.05.02.02;Tributos s/ Ajustes Instrumentos Financeiros;0.0000000000;S
64.904.295/0001-03;2025-02-28;1;CAMIL ALIMENTOS S.A.;024228;DF Individual - Demonstração das Mutações do Patrimônio Líquido;REAL;MIL;PENÚLTIMO;2023-03-01;2024-02-28;Reservas de Lucro;5.05.02.02;Tributos s/ Ajustes Instrumentos Financeiros;0.0000000000;S
64.904.295/0001-03;2025-02-28;1;CAMIL ALIMENTOS S.A.;024228;DF Individual - Demonstração das Mutações do Patrimônio Líquido;REAL;MIL;ÚLTIMO;2024-03-01;2025-02-28;Reservas de Lucro;5.05.02.02;Tributos s/ Ajustes Instrumentos Financeiros;0.0000000000;S
64.904.295/0001-03;2025-02-28;1;CAMIL ALIMENTOS S.A.;024228;DF Individual - Demonstração das Mutações do Patrimônio Líquido;REAL;MIL;PENÚLTIMO;2023-03-01;2024-02-28;Lucros ou Prejuízos Acumulados;5.05.02.02;Tributos s/ Ajustes Instrumentos Financeiros;0.0000000000;S
64.904.295/0001-03;2025-02-28;1;CAMIL ALIMENTOS S.A.;024228;DF Individual - Demonstração das Mutações do Patrimônio Líquido;REAL;MIL;ÚLTIMO;2024-03-01;2025-02-28;Lucros ou Prejuízos Acumulados;5.05.02.02;Tributos s/ Ajustes Instrumentos Financeiros;0.0000000000;S
64.904.295/0001-03;2025-02-28;1;CAMIL ALIMENTOS S.A.;024228;DF Individual - Demonstração das Mutações do Patrimônio Líquido;REAL;MIL;PENÚLTIMO;2023-03-01;2024-02-28;Outros Resultados Abrangentes;5.05.02.02;Tributos s/ Ajustes Instrumentos Financeiros;0.0000000000;S
64.904.295/0001-03;2025-02-28;1;CAMIL ALIMENTOS S.A.;024228;DF Individual - Demonstração das Mutações do Patrimônio Líquido;REAL;MIL;ÚLTIMO;2024-03-01;2025-02-28;Outros Resultados Abrangentes;5.05.02.02;Tributos s/ Ajustes Instrumentos Financeiros;0.0000000000;S
64.904.295/0001-03;2025-02-28;1;CAMIL ALIMENTOS S.A.;024228;DF Individual - Demonstração das Mutações do Patrimônio Líquido;REAL;MIL;PENÚLTIMO;2023-03-01;2024-02-28;Patrimônio Líquido;5.05.02.02;Tributos s/ Ajustes Instrumentos Financeiros;0.0000000000;S
64.904.295/0001-03;2025-02-28;1;CAMIL ALIMENTOS S.A.;024228;DF Individual - Demonstração das Mutações do Patrimônio Líquido;REAL;MIL;ÚLTIMO;2024-03-01;2025-02-28;Patrimônio Líquido;5.05.02.02;Tributos s/ Ajustes Instrumentos Financeiros;0.0000000000;S
64.904.295/0001-03;2025-02-28;1;CAMIL ALIMENTOS S.A.;024228;DF Individual - Demonstração das Mutações do Patrimônio Líquido;REAL;MIL;PENÚLTIMO;2023-03-01;2024-02-28;Capital Social Integralizado;5.05.02.03;Equiv. Patrim. s/Result. Abrang. Controladas e Coligadas;0.0000000000;S
64.904.295/0001-03;2025-02-28;1;CAMIL ALIMENTOS S.A.;024228;DF Individual - Demonstração das Mutações do Patrimônio Líquido;REAL;MIL;ÚLTIMO;2024-03-01;2025-02-28;Capital Social Integralizado;5.05.02.03;Equiv. Patrim. s/Result. Abrang. Controladas e Coligadas;0.0000000000;S
64.904.295/0001-03;2025-02-28;1;CAMIL ALIMENTOS S.A.;024228;DF Individual - Demonstração das Mutações do Patrimônio Líquido;REAL;MIL;PENÚLTIMO;2023-03-01;2024-02-28;Reservas de Capital, Opções Outorgadas e Ações em Tesouraria;5.05.02.03;Equiv. Patrim. s/Result. Abrang. Controladas e Coligadas;0.0000000000;S
64.904.295/0001-03;2025-02-28;1;CAMIL ALIMENTOS S.A.;024228;DF Individual - Demonstração das Mutações do Patrimônio Líquido;REAL;MIL;ÚLTIMO;2024-03-01;2025-02-28;Reservas de Capital, Opções Outorgadas e Ações em Tesouraria;5.05.02.03;Equiv. Patrim. s/Result. Abrang. Controladas e Coligadas;0.0000000000;S
64.904.295/0001-03;2025-02-28;1;CAMIL ALIMENTOS S.A.;024228;DF Individual - Demonstração das Mutações do Patrimônio Líquido;REAL;MIL;PENÚLTIMO;2023-03-01;2024-02-28;Reservas de Lucro;5.05.02.03;Equiv. Patrim. s/Result. Abrang. Controladas e Coligadas;0.0000000000;S
64.904.295/0001-03;2025-02-28;1;CAMIL ALIMENTOS S.A.;024228;DF Individual - Demonstração das Mutações do Patrimônio Líquido;REAL;MIL;ÚLTIMO;2024-03-01;2025-02-28;Reservas de Lucro;5.05.02.03;Equiv. Patrim. s/Result. Abrang. Controladas e Coligadas;0.0000000000;S
64.904.295/0001-03;2025-02-28;1;CAMIL ALIMENTOS S.A.;024228;DF Individual - Demonstração das Mutações do Patrimônio Líquido;REAL;MIL;PENÚLTIMO;2023-03-01;2024-02-28;Lucros ou Prejuízos Acumulados;5.05.02.03;Equiv. Patrim. s/Result. Abrang. Controladas e Coligadas;0.0000000000;S
64.904.295/0001-03;2025-02-28;1;CAMIL ALIMENTOS S.A.;024228;DF Individual - Demonstração das Mutações do Patrimônio Líquido;REAL;MIL;ÚLTIMO;2024-03-01;2025-02-28;Lucros ou Prejuízos Acumulados;5.05.02.03;Equiv. Patrim. s/Result. Abrang. Controladas e Coligadas;0.0000000000;S
64.904.295/0001-03;2025-02-28;1;CAMIL ALIMENTOS S.A.;024228;DF Individual - Demonstração das Mutações do Patrimônio Líquido;REAL;MIL;PENÚLTIMO;2023-03-01;2024-02-28;Outros Resultados Abrangentes;5.05.02.03;Equiv. Patrim. s/Result. Abrang. Controladas e Coligadas;0.0000000000;S
64.904.295/0001-03;2025-02-28;1;CAMIL ALIMENTOS S.A.;024228;DF Individual - Demonstração das Mutações do Patrimônio Líquido;REAL;MIL;ÚLTIMO;2024-03-01;2025-02-28;Outros Resultados Abrangentes;5.05.02.03;Equiv. Patrim. s/Result. Abrang. Controladas e Coligadas;0.0000000000;S
64.904.295/0001-03;2025-02-28;1;CAMIL ALIMENTOS S.A.;024228;DF Individual - Demonstração das Mutações do Patrimônio Líquido;REAL;MIL;PENÚLTIMO;2023-03-01;2024-02-28;Patrimônio Líquido;5.05.02.03;Equiv. Patrim. s/Result. Abrang. Controladas e Coligadas;0.0000000000;S
64.904.295/0001-03;2025-02-28;1;CAMIL ALIMENTOS S.A.;024228;DF Individual - Demonstração das Mutações do Patrimônio Líquido;REAL;MIL;ÚLTIMO;2024-03-01;2025-02-28;Patrimônio Líquido;5.05.02.03;Equiv. Patrim. s/Result. Abrang. Controladas e Coligadas;0.0000000000;S
64.904.295/0001-03;2025-02-28;1;CAMIL ALIMENTOS S.A.;024228;DF Individual - Demonstração das Mutações do Patrimônio Líquido;REAL;MIL;PENÚLTIMO;2023-03-01;2024-02-28;Capital Social Integralizado;5.05.02.04;Ajustes de Conversão do Período;0.0000000000;S
64.904.295/0001-03;2025-02-28;1;CAMIL ALIMENTOS S.A.;024228;DF Individual - Demonstração das Mutações do Patrimônio Líquido;REAL;MIL;ÚLTIMO;2024-03-01;2025-02-28;Capital Social Integralizado;5.05.02.04;Ajustes de Conversão do Período;0.0000000000;S
64.904.295/0001-03;2025-02-28;1;CAMIL ALIMENTOS S.A.;024228;DF Individual - Demonstração das Mutações do Patrimônio Líquido;REAL;MIL;PENÚLTIMO;2023-03-01;2024-02-28;Reservas de Capital, Opções Outorgadas e Ações em Tesouraria;5.05.02.04;Ajustes de Conversão do Período;0.0000000000;S
64.904.295/0001-03;2025-02-28;1;CAMIL ALIMENTOS S.A.;024228;DF Individual - Demonstração das Mutações do Patrimônio Líquido;REAL;MIL;ÚLTIMO;2024-03-01;2025-02-28;Reservas de Capital, Opções Outorgadas e Ações em Tesouraria;5.05.02.04;Ajustes de Conversão do Período;0.0000000000;S
64.904.295/0001-03;2025-02-28;1;CAMIL ALIMENTOS S.A.;024228;DF Individual - Demonstração das Mutações do Patrimônio Líquido;REAL;MIL;PENÚLTIMO;2023-03-01;2024-02-28;Reservas de Lucro;5.05.02.04;Ajustes de Conversão do Período;0.0000000000;S
64.904.295/0001-03;2025-02-28;1;CAMIL ALIMENTOS S.A.;024228;DF Individual - Demonstração das Mutações do Patrimônio Líquido;REAL;MIL;ÚLTIMO;2024-03-01;2025-02-28;Reservas de Lucro;5.05.02.04;Ajustes de Conversão do Período;0.0000000000;S
64.904.295/0001-03;2025-02-28;1;CAMIL ALIMENTOS S.A.;024228;DF Individual - Demonstração das Mutações do Patrimônio Líquido;REAL;MIL;PENÚLTIMO;2023-03-01;2024-02-28;Lucros ou Prejuízos Acumulados;5.05.02.04;Ajustes de Conversão do Período;0.0000000000;S
64.904.295/0001-03;2025-02-28;1;CAMIL ALIMENTOS S.A.;024228;DF Individual - Demonstração das Mutações do Patrimônio Líquido;REAL;MIL;ÚLTIMO;2024-03-01;2025-02-28;Lucros ou Prejuízos Acumulados;5.05.02.04;Ajustes de Conversão do Período;0.0000000000;S
64.904.295/0001-03;2025-02-28;1;CAMIL ALIMENTOS S.A.;024228;DF Individual - Demonstração das Mutações do Patrimônio Líquido;REAL;MIL;PENÚLTIMO;2023-03-01;2024-02-28;Outros Resultados Abrangentes;5.05.02.04;Ajustes de Conversão do Período;0.0000000000;S
64.904.295/0001-03;2025-02-28;1;CAMIL ALIMENTOS S.A.;024228;DF Individual - Demonstração das Mutações do Patrimônio Líquido;REAL;MIL;ÚLTIMO;2024-03-01;2025-02-28;Outros Resultados Abrangentes;5.05.02.04;Ajustes de Conversão do Período;0.0000000000;S
64.904.295/0001-03;2025-02-28;1;CAMIL ALIMENTOS S.A.;024228;DF Individual - Demonstração das Mutações do Patrimônio Líquido;REAL;MIL;PENÚLTIMO;2023-03-01;2024-02-28;Patrimônio Líquido;5.05.02.04;Ajustes de Conversão do Período;0.0000000000;S
64.904.295/0001-03;2025-02-28;1;CAMIL ALIMENTOS S.A.;024228;DF Individual - Demonstração das Mutações do Patrimônio Líquido;REAL;MIL;ÚLTIMO;2024-03-01;2025-02-28;Patrimônio Líquido;5.05.02.04;Ajustes de Conversão do Período;0.0000000000;S
64.904.295/0001-03;2025-02-28;1;CAMIL ALIMENTOS S.A.;024228;DF Individual - Demonstração das Mutações do Patrimônio Líquido;REAL;MIL;PENÚLTIMO;2023-03-01;2024-02-28;Capital Social Integralizado;5.05.02.05;Tributos s/ Ajustes de Conversão do Período;0.0000000000;S
64.904.295/0001-03;2025-02-28;1;CAMIL ALIMENTOS S.A.;024228;DF Individual - Demonstração das Mutações do Patrimônio Líquido;REAL;MIL;ÚLTIMO;2024-03-01;2025-02-28;Capital Social Integralizado;5.05.02.05;Tributos s/ Ajustes de Conversão do Período;0.0000000000;S
64.904.295/0001-03;2025-02-28;1;CAMIL ALIMENTOS S.A.;024228;DF Individual - Demonstração das Mutações do Patrimônio Líquido;REAL;MIL;PENÚLTIMO;2023-03-01;2024-02-28;Reservas de Capital, Opções Outorgadas e Ações em Tesouraria;5.05.02.05;Tributos s/ Ajustes de Conversão do Período;0.0000000000;S
64.904.295/0001-03;2025-02-28;1;CAMIL ALIMENTOS S.A.;024228;DF Individual - Demonstração das Mutações do Patrimônio Líquido;REAL;MIL;ÚLTIMO;2024-03-01;2025-02-28;Reservas de Capital, Opções Outorgadas e Ações em Tesouraria;5.05.02.05;Tributos s/ Ajustes de Conversão do Período;0.0000000000;S
64.904.295/0001-03;2025-02-28;1;CAMIL ALIMENTOS S.A.;024228;DF Individual - Demonstração das Mutações do Patrimônio Líquido;REAL;MIL;PENÚLTIMO;2023-03-01;2024-02-28;Reservas de Lucro;5.05.02.05;Tributos s/ Ajustes de Conversão do Período;0.0000000000;S
64.904.295/0001-03;2025-02-28;1;CAMIL ALIMENTOS S.A.;024228;DF Individual - Demonstração das Mutações do Patrimônio Líquido;REAL;MIL;ÚLTIMO;2024-03-01;2025-02-28;Reservas de Lucro;5.05.02.05;Tributos s/ Ajustes de Conversão do Período;0.0000000000;S
64.904.295/0001-03;2025-02-28;1;CAMIL ALIMENTOS S.A.;024228;DF Individual - Demonstração das Mutações do Patrimônio Líquido;REAL;MIL;PENÚLTIMO;2023-03-01;2024-02-28;Lucros ou Prejuízos Acumulados;5.05.02.05;Tributos s/ Ajustes de Conversão do Período;0.0000000000;S
64.904.295/0001-03;2025-02-28;1;CAMIL ALIMENTOS S.A.;024228;DF Individual - Demonstração das Mutações do Patrimônio Líquido;REAL;MIL;ÚLTIMO;2024-03-01;2025-02-28;Lucros ou Prejuízos Acumulados;5.05.02.05;Tributos s/ Ajustes de Conversão do Período;0.0000000000;S
64.904.295/0001-03;2025-02-28;1;CAMIL ALIMENTOS S.A.;024228;DF Individual - Demonstração das Mutações do Patrimônio Líquido;REAL;MIL;PENÚLTIMO;2023-03-01;2024-02-28;Outros Resultados Abrangentes;5.05.02.05;Tributos s/ Ajustes de Conversão do Período;0.0000000000;S
64.904.295/0001-03;2025-02-28;1;CAMIL ALIMENTOS S.A.;024228;DF Individual - Demonstração das Mutações do Patrimônio Líquido;REAL;MIL;ÚLTIMO;2024-03-01;2025-02-28;Outros Resultados Abrangentes;5.05.02.05;Tributos s/ Ajustes de Conversão do Período;0.0000000000;S
64.904.295/0001-03;2025-02-28;1;CAMIL ALIMENTOS S.A.;024228;DF Individual - Demonstração das Mutações do Patrimônio Líquido;REAL;MIL;PENÚLTIMO;2023-03-01;2024-02-28;Patrimônio Líquido;5.05.02.05;Tributos s/ Ajustes de Conversão do Período;0.0000000000;S
64.904.295/0001-03;2025-02-28;1;CAMIL ALIMENTOS S.A.;024228;DF Individual - Demonstração das Mutações do Patrimônio Líquido;REAL;MIL;ÚLTIMO;2024-03-01;2025-02-28;Patrimônio Líquido;5.05.02.05;Tributos s/ Ajustes de Conversão do Período;0.0000000000;S
64.904.295/0001-03;2025-02-28;1;CAMIL ALIMENTOS S.A.;024228;DF Individual - Demonstração das Mutações do Patrimônio Líquido;REAL;MIL;PENÚLTIMO;2023-03-01;2024-02-28;Capital Social Integralizado;5.05.02.06;Variação Cambial sobre Investimento no Exterior;0.0000000000;N
64.904.295/0001-03;2025-02-28;1;CAMIL ALIMENTOS S.A.;024228;DF Individual - Demonstração das Mutações do Patrimônio Líquido;REAL;MIL;ÚLTIMO;2024-03-01;2025-02-28;Capital Social Integralizado;5.05.02.06; Variação Cambial sobre Investimento no Exterior ;0.0000000000;N
64.904.295/0001-03;2025-02-28;1;CAMIL ALIMENTOS S.A.;024228;DF Individual - Demonstração das Mutações do Patrimônio Líquido;REAL;MIL;PENÚLTIMO;2023-03-01;2024-02-28;Reservas de Capital, Opções Outorgadas e Ações em Tesouraria;5.05.02.06;Variação Cambial sobre Investimento no Exterior;0.0000000000;N
64.904.295/0001-03;2025-02-28;1;CAMIL ALIMENTOS S.A.;024228;DF Individual - Demonstração das Mutações do Patrimônio Líquido;REAL;MIL;ÚLTIMO;2024-03-01;2025-02-28;Reservas de Capital, Opções Outorgadas e Ações em Tesouraria;5.05.02.06; Variação Cambial sobre Investimento no Exterior ;0.0000000000;N
64.904.295/0001-03;2025-02-28;1;CAMIL ALIMENTOS S.A.;024228;DF Individual - Demonstração das Mutações do Patrimônio Líquido;REAL;MIL;PENÚLTIMO;2023-03-01;2024-02-28;Reservas de Lucro;5.05.02.06;Variação Cambial sobre Investimento no Exterior;0.0000000000;N
64.904.295/0001-03;2025-02-28;1;CAMIL ALIMENTOS S.A.;024228;DF Individual - Demonstração das Mutações do Patrimônio Líquido;REAL;MIL;ÚLTIMO;2024-03-01;2025-02-28;Reservas de Lucro;5.05.02.06; Variação Cambial sobre Investimento no Exterior ;0.0000000000;N
64.904.295/0001-03;2025-02-28;1;CAMIL ALIMENTOS S.A.;024228;DF Individual - Demonstração das Mutações do Patrimônio Líquido;REAL;MIL;PENÚLTIMO;2023-03-01;2024-02-28;Lucros ou Prejuízos Acumulados;5.05.02.06;Variação Cambial sobre Investimento no Exterior;0.0000000000;N
64.904.295/0001-03;2025-02-28;1;CAMIL ALIMENTOS S.A.;024228;DF Individual - Demonstração das Mutações do Patrimônio Líquido;REAL;MIL;ÚLTIMO;2024-03-01;2025-02-28;Lucros ou Prejuízos Acumulados;5.05.02.06; Variação Cambial sobre Investimento no Exterior ;0.0000000000;N
64.904.295/0001-03;2025-02-28;1;CAMIL ALIMENTOS S.A.;024228;DF Individual - Demonstração das Mutações do Patrimônio Líquido;REAL;MIL;PENÚLTIMO;2023-03-01;2024-02-28;Outros Resultados Abrangentes;5.05.02.06;Variação Cambial sobre Investimento no Exterior;-89638.0000000000;N
64.904.295/0001-03;2025-02-28;1;CAMIL ALIMENTOS S.A.;024228;DF Individual - Demonstração das Mutações do Patrimônio Líquido;REAL;MIL;ÚLTIMO;2024-03-01;2025-02-28;Outros Resultados Abrangentes;5.05.02.06; Variação Cambial sobre Investimento no Exterior ;250138.0000000000;N
64.904.295/0001-03;2025-02-28;1;CAMIL ALIMENTOS S.A.;024228;DF Individual - Demonstração das Mutações do Patrimônio Líquido;REAL;MIL;PENÚLTIMO;2023-03-01;2024-02-28;Patrimônio Líquido;5.05.02.06;Variação Cambial sobre Investimento no Exterior;-89638.0000000000;N
64.904.295/0001-03;2025-02-28;1;CAMIL ALIMENTOS S.A.;024228;DF Individual - Demonstração das Mutações do Patrimônio Líquido;REAL;MIL;ÚLTIMO;2024-03-01;2025-02-28;Patrimônio Líquido;5.05.02.06; Variação Cambial sobre Investimento no Exterior ;250138.0000000000;N
64.904.295/0001-03;2025-02-28;1;CAMIL ALIMENTOS S.A.;024228;DF Individual - Demonstração das Mutações do Patrimônio Líquido;REAL;MIL;PENÚLTIMO;2023-03-01;2024-02-28;Capital Social Integralizado;5.05.02.07;Realização Depreciação do Valor Justo, Líquido de Impostos;0.0000000000;N
64.904.295/0001-03;2025-02-28;1;CAMIL ALIMENTOS S.A.;024228;DF Individual - Demonstração das Mutações do Patrimônio Líquido;REAL;MIL;ÚLTIMO;2024-03-01;2025-02-28;Capital Social Integralizado;5.05.02.07; Realização Depreciação do Valor Justo, Líquido de Impostos ;0.0000000000;N
64.904.295/0001-03;2025-02-28;1;CAMIL ALIMENTOS S.A.;024228;DF Individual - Demonstração das Mutações do Patrimônio Líquido;REAL;MIL;PENÚLTIMO;2023-03-01;2024-02-28;Reservas de Capital, Opções Outorgadas e Ações em Tesouraria;5.05.02.07;Realização Depreciação do Valor Justo, Líquido de Impostos;0.0000000000;N
64.904.295/0001-03;2025-02-28;1;CAMIL ALIMENTOS S.A.;024228;DF Individual - Demonstração das Mutações do Patrimônio Líquido;REAL;MIL;ÚLTIMO;2024-03-01;2025-02-28;Reservas de Capital, Opções Outorgadas e Ações em Tesouraria;5.05.02.07; Realização Depreciação do Valor Justo, Líquido de Impostos ;0.0000000000;N
64.904.295/0001-03;2025-02-28;1;CAMIL ALIMENTOS S.A.;024228;DF Individual - Demonstração das Mutações do Patrimônio Líquido;REAL;MIL;PENÚLTIMO;2023-03-01;2024-02-28;Reservas de Lucro;5.05.02.07;Realização Depreciação do Valor Justo, Líquido de Impostos;-3474.0000000000;N
64.904.295/0001-03;2025-02-28;1;CAMIL ALIMENTOS S.A.;024228;DF Individual - Demonstração das Mutações do Patrimônio Líquido;REAL;MIL;ÚLTIMO;2024-03-01;2025-02-28;Reservas de Lucro;5.05.02.07; Realização Depreciação do Valor Justo, Líquido de Impostos ;-1540.0000000000;N
64.904.295/0001-03;2025-02-28;1;CAMIL ALIMENTOS S.A.;024228;DF Individual - Demonstração das Mutações do Patrimônio Líquido;REAL;MIL;PENÚLTIMO;2023-03-01;2024-02-28;Lucros ou Prejuízos Acumulados;5.05.02.07;Realização Depreciação do Valor Justo, Líquido de Impostos;3474.0000000000;N
64.904.295/0001-03;2025-02-28;1;CAMIL ALIMENTOS S.A.;024228;DF Individual - Demonstração das Mutações do Patrimônio Líquido;REAL;MIL;ÚLTIMO;2024-03-01;2025-02-28;Lucros ou Prejuízos Acumulados;5.05.02.07; Realização Depreciação do Valor Justo, Líquido de Impostos ;1540.0000000000;N
64.904.295/0001-03;2025-02-28;1;CAMIL ALIMENTOS S.A.;024228;DF Individual - Demonstração das Mutações do Patrimônio Líquido;REAL;MIL;PENÚLTIMO;2023-03-01;2024-02-28;Outros Resultados Abrangentes;5.05.02.07;Realização Depreciação do Valor Justo, Líquido de Impostos;0.0000000000;N
64.904.295/0001-03;2025-02-28;1;CAMIL ALIMENTOS S.A.;024228;DF Individual - Demonstração das Mutações do Patrimônio Líquido;REAL;MIL;ÚLTIMO;2024-03-01;2025-02-28;Outros Resultados Abrangentes;5.05.02.07; Realização Depreciação do Valor Justo, Líquido de Impostos ;0.0000000000;N
64.904.295/0001-03;2025-02-28;1;CAMIL ALIMENTOS S.A.;024228;DF Individual - Demonstração das Mutações do Patrimônio Líquido;REAL;MIL;PENÚLTIMO;2023-03-01;2024-02-28;Patrimônio Líquido;5.05.02.07;Realização Depreciação do Valor Justo, Líquido de Impostos;0.0000000000;N
64.904.295/0001-03;2025-02-28;1;CAMIL ALIMENTOS S.A.;024228;DF Individual - Demonstração das Mutações do Patrimônio Líquido;REAL;MIL;ÚLTIMO;2024-03-01;2025-02-28;Patrimônio Líquido;5.05.02.07; Realização Depreciação do Valor Justo, Líquido de Impostos ;0.0000000000;N
64.904.295/0001-03;2025-02-28;1;CAMIL ALIMENTOS S.A.;024228;DF Individual - Demonstração das Mutações do Patrimônio Líquido;REAL;MIL;PENÚLTIMO;2023-03-01;2024-02-28;Capital Social Integralizado;5.05.03;Reclassificações para o Resultado;0.0000000000;S
64.904.295/0001-03;2025-02-28;1;CAMIL ALIMENTOS S.A.;024228;DF Individual - Demonstração das Mutações do Patrimônio Líquido;REAL;MIL;ÚLTIMO;2024-03-01;2025-02-28;Capital Social Integralizado;5.05.03;Reclassificações para o Resultado;0.0000000000;S
64.904.295/0001-03;2025-02-28;1;CAMIL ALIMENTOS S.A.;024228;DF Individual - Demonstração das Mutações do Patrimônio Líquido;REAL;MIL;PENÚLTIMO;2023-03-01;2024-02-28;Reservas de Capital, Opções Outorgadas e Ações em Tesouraria;5.05.03;Reclassificações para o Resultado;0.0000000000;S
64.904.295/0001-03;2025-02-28;1;CAMIL ALIMENTOS S.A.;024228;DF Individual - Demonstração das Mutações do Patrimônio Líquido;REAL;MIL;ÚLTIMO;2024-03-01;2025-02-28;Reservas de Capital, Opções Outorgadas e Ações em Tesouraria;5.05.03;Reclassificações para o Resultado;0.0000000000;S
64.904.295/0001-03;2025-02-28;1;CAMIL ALIMENTOS S.A.;024228;DF Individual - Demonstração das Mutações do Patrimônio Líquido;REAL;MIL;PENÚLTIMO;2023-03-01;2024-02-28;Reservas de Lucro;5.05.03;Reclassificações para o Resultado;0.0000000000;S
64.904.295/0001-03;2025-02-28;1;CAMIL ALIMENTOS S.A.;024228;DF Individual - Demonstração das Mutações do Patrimônio Líquido;REAL;MIL;ÚLTIMO;2024-03-01;2025-02-28;Reservas de Lucro;5.05.03;Reclassificações para o Resultado;0.0000000000;S
64.904.295/0001-03;2025-02-28;1;CAMIL ALIMENTOS S.A.;024228;DF Individual - Demonstração das Mutações do Patrimônio Líquido;REAL;MIL;PENÚLTIMO;2023-03-01;2024-02-28;Lucros ou Prejuízos Acumulados;5.05.03;Reclassificações para o Resultado;0.0000000000;S
64.904.295/0001-03;2025-02-28;1;CAMIL ALIMENTOS S.A.;024228;DF Individual - Demonstração das Mutações do Patrimônio Líquido;REAL;MIL;ÚLTIMO;2024-03-01;2025-02-28;Lucros ou Prejuízos Acumulados;5.05.03;Reclassificações para o Resultado;0.0000000000;S
64.904.295/0001-03;2025-02-28;1;CAMIL ALIMENTOS S.A.;024228;DF Individual - Demonstração das Mutações do Patrimônio Líquido;REAL;MIL;PENÚLTIMO;2023-03-01;2024-02-28;Outros Resultados Abrangentes;5.05.03;Reclassificações para o Resultado;0.0000000000;S
64.904.295/0001-03;2025-02-28;1;CAMIL ALIMENTOS S.A.;024228;DF Individual - Demonstração das Mutações do Patrimônio Líquido;REAL;MIL;ÚLTIMO;2024-03-01;2025-02-28;Outros Resultados Abrangentes;5.05.03;Reclassificações para o Resultado;0.0000000000;S
64.904.295/0001-03;2025-02-28;1;CAMIL ALIMENTOS S.A.;024228;DF Individual - Demonstração das Mutações do Patrimônio Líquido;REAL;MIL;PENÚLTIMO;2023-03-01;2024-02-28;Patrimônio Líquido;5.05.03;Reclassificações para o Resultado;0.0000000000;S
64.904.295/0001-03;2025-02-28;1;CAMIL ALIMENTOS S.A.;024228;DF Individual - Demonstração das Mutações do Patrimônio Líquido;REAL;MIL;ÚLTIMO;2024-03-01;2025-02-28;Patrimônio Líquido;5.05.03;Reclassificações para o Resultado;0.0000000000;S
64.904.295/0001-03;2025-02-28;1;CAMIL ALIMENTOS S.A.;024228;DF Individual - Demonstração das Mutações do Patrimônio Líquido;REAL;MIL;PENÚLTIMO;2023-03-01;2024-02-28;Capital Social Integralizado;5.05.03.01;Ajustes de Instrumentos Financeiros;0.0000000000;S
64.904.295/0001-03;2025-02-28;1;CAMIL ALIMENTOS S.A.;024228;DF Individual - Demonstração das Mutações do Patrimônio Líquido;REAL;MIL;ÚLTIMO;2024-03-01;2025-02-28;Capital Social Integralizado;5.05.03.01;Ajustes de Instrumentos Financeiros;0.0000000000;S
64.904.295/0001-03;2025-02-28;1;CAMIL ALIMENTOS S.A.;024228;DF Individual - Demonstração das Mutações do Patrimônio Líquido;REAL;MIL;PENÚLTIMO;2023-03-01;2024-02-28;Reservas de Capital, Opções Outorgadas e Ações em Tesouraria;5.05.03.01;Ajustes de Instrumentos Financeiros;0.0000000000;S
64.904.295/0001-03;2025-02-28;1;CAMIL ALIMENTOS S.A.;024228;DF Individual - Demonstração das Mutações do Patrimônio Líquido;REAL;MIL;ÚLTIMO;2024-03-01;2025-02-28;Reservas de Capital, Opções Outorgadas e Ações em Tesouraria;5.05.03.01;Ajustes de Instrumentos Financeiros;0.0000000000;S
64.904.295/0001-03;2025-02-28;1;CAMIL ALIMENTOS S.A.;024228;DF Individual - Demonstração das Mutações do Patrimônio Líquido;REAL;MIL;PENÚLTIMO;2023-03-01;2024-02-28;Reservas de Lucro;5.05.03.01;Ajustes de Instrumentos Financeiros;0.0000000000;S
64.904.295/0001-03;2025-02-28;1;CAMIL ALIMENTOS S.A.;024228;DF Individual - Demonstração das Mutações do Patrimônio Líquido;REAL;MIL;ÚLTIMO;2024-03-01;2025-02-28;Reservas de Lucro;5.05.03.01;Ajustes de Instrumentos Financeiros;0.0000000000;S
64.904.295/0001-03;2025-02-28;1;CAMIL ALIMENTOS S.A.;024228;DF Individual - Demonstração das Mutações do Patrimônio Líquido;REAL;MIL;PENÚLTIMO;2023-03-01;2024-02-28;Lucros ou Prejuízos Acumulados;5.05.03.01;Ajustes de Instrumentos Financeiros;0.0000000000;S
64.904.295/0001-03;2025-02-28;1;CAMIL ALIMENTOS S.A.;024228;DF Individual - Demonstração das Mutações do Patrimônio Líquido;REAL;MIL;ÚLTIMO;2024-03-01;2025-02-28;Lucros ou Prejuízos Acumulados;5.05.03.01;Ajustes de Instrumentos Financeiros;0.0000000000;S
64.904.295/0001-03;2025-02-28;1;CAMIL ALIMENTOS S.A.;024228;DF Individual - Demonstração das Mutações do Patrimônio Líquido;REAL;MIL;PENÚLTIMO;2023-03-01;2024-02-28;Outros Resultados Abrangentes;5.05.03.01;Ajustes de Instrumentos Financeiros;0.0000000000;S
64.904.295/0001-03;2025-02-28;1;CAMIL ALIMENTOS S.A.;024228;DF Individual - Demonstração das Mutações do Patrimônio Líquido;REAL;MIL;ÚLTIMO;2024-03-01;2025-02-28;Outros Resultados Abrangentes;5.05.03.01;Ajustes de Instrumentos Financeiros;0.0000000000;S
64.904.295/0001-03;2025-02-28;1;CAMIL ALIMENTOS S.A.;024228;DF Individual - Demonstração das Mutações do Patrimônio Líquido;REAL;MIL;PENÚLTIMO;2023-03-01;2024-02-28;Patrimônio Líquido;5.05.03.01;Ajustes de Instrumentos Financeiros;0.0000000000;S
64.904.295/0001-03;2025-02-28;1;CAMIL ALIMENTOS S.A.;024228;DF Individual - Demonstração das Mutações do Patrimônio Líquido;REAL;MIL;ÚLTIMO;2024-03-01;2025-02-28;Patrimônio Líquido;5.05.03.01;Ajustes de Instrumentos Financeiros;0.0000000000;S
64.904.295/0001-03;2025-02-28;1;CAMIL ALIMENTOS S.A.;024228;DF Individual - Demonstração das Mutações do Patrimônio Líquido;REAL;MIL;PENÚLTIMO;2023-03-01;2024-02-28;Capital Social Integralizado;5.06;Mutações Internas do Patrimônio Líquido;0.0000000000;S
64.904.295/0001-03;2025-02-28;1;CAMIL ALIMENTOS S.A.;024228;DF Individual - Demonstração das Mutações do Patrimônio Líquido;REAL;MIL;ÚLTIMO;2024-03-01;2025-02-28;Capital Social Integralizado;5.06;Mutações Internas do Patrimônio Líquido;0.0000000000;S
64.904.295/0001-03;2025-02-28;1;CAMIL ALIMENTOS S.A.;024228;DF Individual - Demonstração das Mutações do Patrimônio Líquido;REAL;MIL;PENÚLTIMO;2023-03-01;2024-02-28;Reservas de Capital, Opções Outorgadas e Ações em Tesouraria;5.06;Mutações Internas do Patrimônio Líquido;0.0000000000;S
64.904.295/0001-03;2025-02-28;1;CAMIL ALIMENTOS S.A.;024228;DF Individual - Demonstração das Mutações do Patrimônio Líquido;REAL;MIL;ÚLTIMO;2024-03-01;2025-02-28;Reservas de Capital, Opções Outorgadas e Ações em Tesouraria;5.06;Mutações Internas do Patrimônio Líquido;0.0000000000;S
64.904.295/0001-03;2025-02-28;1;CAMIL ALIMENTOS S.A.;024228;DF Individual - Demonstração das Mutações do Patrimônio Líquido;REAL;MIL;PENÚLTIMO;2023-03-01;2024-02-28;Reservas de Lucro;5.06;Mutações Internas do Patrimônio Líquido;287452.0000000000;S
64.904.295/0001-03;2025-02-28;1;CAMIL ALIMENTOS S.A.;024228;DF Individual - Demonstração das Mutações do Patrimônio Líquido;REAL;MIL;ÚLTIMO;2024-03-01;2025-02-28;Reservas de Lucro;5.06;Mutações Internas do Patrimônio Líquido;172439.0000000000;S
64.904.295/0001-03;2025-02-28;1;CAMIL ALIMENTOS S.A.;024228;DF Individual - Demonstração das Mutações do Patrimônio Líquido;REAL;MIL;PENÚLTIMO;2023-03-01;2024-02-28;Lucros ou Prejuízos Acumulados;5.06;Mutações Internas do Patrimônio Líquido;-287452.0000000000;S
64.904.295/0001-03;2025-02-28;1;CAMIL ALIMENTOS S.A.;024228;DF Individual - Demonstração das Mutações do Patrimônio Líquido;REAL;MIL;ÚLTIMO;2024-03-01;2025-02-28;Lucros ou Prejuízos Acumulados;5.06;Mutações Internas do Patrimônio Líquido;-172439.0000000000;S
64.904.295/0001-03;2025-02-28;1;CAMIL ALIMENTOS S.A.;024228;DF Individual - Demonstração das Mutações do Patrimônio Líquido;REAL;MIL;PENÚLTIMO;2023-03-01;2024-02-28;Outros Resultados Abrangentes;5.06;Mutações Internas do Patrimônio Líquido;0.0000000000;S
64.904.295/0001-03;2025-02-28;1;CAMIL ALIMENTOS S.A.;024228;DF Individual - Demonstração das Mutações do Patrimônio Líquido;REAL;MIL;ÚLTIMO;2024-03-01;2025-02-28;Outros Resultados Abrangentes;5.06;Mutações Internas do Patrimônio Líquido;0.0000000000;S
64.904.295/0001-03;2025-02-28;1;CAMIL ALIMENTOS S.A.;024228;DF Individual - Demonstração das Mutações do Patrimônio Líquido;REAL;MIL;PENÚLTIMO;2023-03-01;2024-02-28;Patrimônio Líquido;5.06;Mutações Internas do Patrimônio Líquido;0.0000000000;S
64.904.295/0001-03;2025-02-28;1;CAMIL ALIMENTOS S.A.;024228;DF Individual - Demonstração das Mutações do Patrimônio Líquido;REAL;MIL;ÚLTIMO;2024-03-01;2025-02-28;Patrimônio Líquido;5.06;Mutações Internas do Patrimônio Líquido;0.0000000000;S
64.904.295/0001-03;2025-02-28;1;CAMIL ALIMENTOS S.A.;024228;DF Individual - Demonstração das Mutações do Patrimônio Líquido;REAL;MIL;PENÚLTIMO;2023-03-01;2024-02-28;Capital Social Integralizado;5.06.01;Constituição de Reservas;0.0000000000;S
64.904.295/0001-03;2025-02-28;1;CAMIL ALIMENTOS S.A.;024228;DF Individual - Demonstração das Mutações do Patrimônio Líquido;REAL;MIL;ÚLTIMO;2024-03-01;2025-02-28;Capital Social Integralizado;5.06.01;Constituição de Reservas;0.0000000000;S
64.904.295/0001-03;2025-02-28;1;CAMIL ALIMENTOS S.A.;024228;DF Individual - Demonstração das Mutações do Patrimônio Líquido;REAL;MIL;PENÚLTIMO;2023-03-01;2024-02-28;Reservas de Capital, Opções Outorgadas e Ações em Tesouraria;5.06.01;Constituição de Reservas;0.0000000000;S
64.904.295/0001-03;2025-02-28;1;CAMIL ALIMENTOS S.A.;024228;DF Individual - Demonstração das Mutações do Patrimônio Líquido;REAL;MIL;ÚLTIMO;2024-03-01;2025-02-28;Reservas de Capital, Opções Outorgadas e Ações em Tesouraria;5.06.01;Constituição de Reservas;0.0000000000;S
64.904.295/0001-03;2025-02-28;1;CAMIL ALIMENTOS S.A.;024228;DF Individual - Demonstração das Mutações do Patrimônio Líquido;REAL;MIL;PENÚLTIMO;2023-03-01;2024-02-28;Reservas de Lucro;5.06.01;Constituição de Reservas;287452.0000000000;S
64.904.295/0001-03;2025-02-28;1;CAMIL ALIMENTOS S.A.;024228;DF Individual - Demonstração das Mutações do Patrimônio Líquido;REAL;MIL;ÚLTIMO;2024-03-01;2025-02-28;Reservas de Lucro;5.06.01;Constituição de Reservas;172439.0000000000;S
64.904.295/0001-03;2025-02-28;1;CAMIL ALIMENTOS S.A.;024228;DF Individual - Demonstração das Mutações do Patrimônio Líquido;REAL;MIL;PENÚLTIMO;2023-03-01;2024-02-28;Lucros ou Prejuízos Acumulados;5.06.01;Constituição de Reservas;-287452.0000000000;S
64.904.295/0001-03;2025-02-28;1;CAMIL ALIMENTOS S.A.;024228;DF Individual - Demonstração das Mutações do Patrimônio Líquido;REAL;MIL;ÚLTIMO;2024-03-01;2025-02-28;Lucros ou Prejuízos Acumulados;5.06.01;Constituição de Reservas;-172439.0000000000;S
64.904.295/0001-03;2025-02-28;1;CAMIL ALIMENTOS S.A.;024228;DF Individual - Demonstração das Mutações do Patrimônio Líquido;REAL;MIL;PENÚLTIMO;2023-03-01;2024-02-28;Outros Resultados Abrangentes;5.06.01;Constituição de Reservas;0.0000000000;S
64.904.295/0001-03;2025-02-28;1;CAMIL ALIMENTOS S.A.;024228;DF Individual - Demonstração das Mutações do Patrimônio Líquido;REAL;MIL;ÚLTIMO;2024-03-01;2025-02-28;Outros Resultados Abrangentes;5.06.01;Constituição de Reservas;0.0000000000;S
64.904.295/0001-03;2025-02-28;1;CAMIL ALIMENTOS S.A.;024228;DF Individual - Demonstração das Mutações do Patrimônio Líquido;REAL;MIL;PENÚLTIMO;2023-03-01;2024-02-28;Patrimônio Líquido;5.06.01;Constituição de Reservas;0.0000000000;S
64.904.295/0001-03;2025-02-28;1;CAMIL ALIMENTOS S.A.;024228;DF Individual - Demonstração das Mutações do Patrimônio Líquido;REAL;MIL;ÚLTIMO;2024-03-01;2025-02-28;Patrimônio Líquido;5.06.01;Constituição de Reservas;0.0000000000;S
64.904.295/0001-03;2025-02-28;1;CAMIL ALIMENTOS S.A.;024228;DF Individual - Demonstração das Mutações do Patrimônio Líquido;REAL;MIL;PENÚLTIMO;2023-03-01;2024-02-28;Capital Social Integralizado;5.06.02;Realização da Reserva Reavaliação;0.0000000000;S
64.904.295/0001-03;2025-02-28;1;CAMIL ALIMENTOS S.A.;024228;DF Individual - Demonstração das Mutações do Patrimônio Líquido;REAL;MIL;ÚLTIMO;2024-03-01;2025-02-28;Capital Social Integralizado;5.06.02;Realização da Reserva Reavaliação;0.0000000000;S
64.904.295/0001-03;2025-02-28;1;CAMIL ALIMENTOS S.A.;024228;DF Individual - Demonstração das Mutações do Patrimônio Líquido;REAL;MIL;PENÚLTIMO;2023-03-01;2024-02-28;Reservas de Capital, Opções Outorgadas e Ações em Tesouraria;5.06.02;Realização da Reserva Reavaliação;0.0000000000;S
64.904.295/0001-03;2025-02-28;1;CAMIL ALIMENTOS S.A.;024228;DF Individual - Demonstração das Mutações do Patrimônio Líquido;REAL;MIL;ÚLTIMO;2024-03-01;2025-02-28;Reservas de Capital, Opções Outorgadas e Ações em Tesouraria;5.06.02;Realização da Reserva Reavaliação;0.0000000000;S
64.904.295/0001-03;2025-02-28;1;CAMIL ALIMENTOS S.A.;024228;DF Individual - Demonstração das Mutações do Patrimônio Líquido;REAL;MIL;PENÚLTIMO;2023-03-01;2024-02-28;Reservas de Lucro;5.06.02;Realização da Reserva Reavaliação;0.0000000000;S
64.904.295/0001-03;2025-02-28;1;CAMIL ALIMENTOS S.A.;024228;DF Individual - Demonstração das Mutações do Patrimônio Líquido;REAL;MIL;ÚLTIMO;2024-03-01;2025-02-28;Reservas de Lucro;5.06.02;Realização da Reserva Reavaliação;0.0000000000;S
64.904.295/0001-03;2025-02-28;1;CAMIL ALIMENTOS S.A.;024228;DF Individual - Demonstração das Mutações do Patrimônio Líquido;REAL;MIL;PENÚLTIMO;2023-03-01;2024-02-28;Lucros ou Prejuízos Acumulados;5.06.02;Realização da Reserva Reavaliação;0.0000000000;S
64.904.295/0001-03;2025-02-28;1;CAMIL ALIMENTOS S.A.;024228;DF Individual - Demonstração das Mutações do Patrimônio Líquido;REAL;MIL;ÚLTIMO;2024-03-01;2025-02-28;Lucros ou Prejuízos Acumulados;5.06.02;Realização da Reserva Reavaliação;0.0000000000;S
64.904.295/0001-03;2025-02-28;1;CAMIL ALIMENTOS S.A.;024228;DF Individual - Demonstração das Mutações do Patrimônio Líquido;REAL;MIL;PENÚLTIMO;2023-03-01;2024-02-28;Outros Resultados Abrangentes;5.06.02;Realização da Reserva Reavaliação;0.0000000000;S
64.904.295/0001-03;2025-02-28;1;CAMIL ALIMENTOS S.A.;024228;DF Individual - Demonstração das Mutações do Patrimônio Líquido;REAL;MIL;ÚLTIMO;2024-03-01;2025-02-28;Outros Resultados Abrangentes;5.06.02;Realização da Reserva Reavaliação;0.0000000000;S
64.904.295/0001-03;2025-02-28;1;CAMIL ALIMENTOS S.A.;024228;DF Individual - Demonstração das Mutações do Patrimônio Líquido;REAL;MIL;PENÚLTIMO;2023-03-01;2024-02-28;Patrimônio Líquido;5.06.02;Realização da Reserva Reavaliação;0.0000000000;S
64.904.295/0001-03;2025-02-28;1;CAMIL ALIMENTOS S.A.;024228;DF Individual - Demonstração das Mutações do Patrimônio Líquido;REAL;MIL;ÚLTIMO;2024-03-01;2025-02-28;Patrimônio Líquido;5.06.02;Realização da Reserva Reavaliação;0.0000000000;S
64.904.295/0001-03;2025-02-28;1;CAMIL ALIMENTOS S.A.;024228;DF Individual - Demonstração das Mutações do Patrimônio Líquido;REAL;MIL;PENÚLTIMO;2023-03-01;2024-02-28;Capital Social Integralizado;5.06.03;Tributos sobre a Realização da Reserva de Reavaliação;0.0000000000;S
64.904.295/0001-03;2025-02-28;1;CAMIL ALIMENTOS S.A.;024228;DF Individual - Demonstração das Mutações do Patrimônio Líquido;REAL;MIL;ÚLTIMO;2024-03-01;2025-02-28;Capital Social Integralizado;5.06.03;Tributos sobre a Realização da Reserva de Reavaliação;0.0000000000;S
64.904.295/0001-03;2025-02-28;1;CAMIL ALIMENTOS S.A.;024228;DF Individual - Demonstração das Mutações do Patrimônio Líquido;REAL;MIL;PENÚLTIMO;2023-03-01;2024-02-28;Reservas de Capital, Opções Outorgadas e Ações em Tesouraria;5.06.03;Tributos sobre a Realização da Reserva de Reavaliação;0.0000000000;S
64.904.295/0001-03;2025-02-28;1;CAMIL ALIMENTOS S.A.;024228;DF Individual - Demonstração das Mutações do Patrimônio Líquido;REAL;MIL;ÚLTIMO;2024-03-01;2025-02-28;Reservas de Capital, Opções Outorgadas e Ações em Tesouraria;5.06.03;Tributos sobre a Realização da Reserva de Reavaliação;0.0000000000;S
64.904.295/0001-03;2025-02-28;1;CAMIL ALIMENTOS S.A.;024228;DF Individual - Demonstração das Mutações do Patrimônio Líquido;REAL;MIL;PENÚLTIMO;2023-03-01;2024-02-28;Reservas de Lucro;5.06.03;Tributos sobre a Realização da Reserva de Reavaliação;0.0000000000;S
64.904.295/0001-03;2025-02-28;1;CAMIL ALIMENTOS S.A.;024228;DF Individual - Demonstração das Mutações do Patrimônio Líquido;REAL;MIL;ÚLTIMO;2024-03-01;2025-02-28;Reservas de Lucro;5.06.03;Tributos sobre a Realização da Reserva de Reavaliação;0.0000000000;S
64.904.295/0001-03;2025-02-28;1;CAMIL ALIMENTOS S.A.;024228;DF Individual - Demonstração das Mutações do Patrimônio Líquido;REAL;MIL;PENÚLTIMO;2023-03-01;2024-02-28;Lucros ou Prejuízos Acumulados;5.06.03;Tributos sobre a Realização da Reserva de Reavaliação;0.0000000000;S
64.904.295/0001-03;2025-02-28;1;CAMIL ALIMENTOS S.A.;024228;DF Individual - Demonstração das Mutações do Patrimônio Líquido;REAL;MIL;ÚLTIMO;2024-03-01;2025-02-28;Lucros ou Prejuízos Acumulados;5.06.03;Tributos sobre a Realização da Reserva de Reavaliação;0.0000000000;S
64.904.295/0001-03;2025-02-28;1;CAMIL ALIMENTOS S.A.;024228;DF Individual - Demonstração das Mutações do Patrimônio Líquido;REAL;MIL;PENÚLTIMO;2023-03-01;2024-02-28;Outros Resultados Abrangentes;5.06.03;Tributos sobre a Realização da Reserva de Reavaliação;0.0000000000;S
64.904.295/0001-03;2025-02-28;1;CAMIL ALIMENTOS S.A.;024228;DF Individual - Demonstração das Mutações do Patrimônio Líquido;REAL;MIL;ÚLTIMO;2024-03-01;2025-02-28;Outros Resultados Abrangentes;5.06.03;Tributos sobre a Realização da Reserva de Reavaliação;0.0000000000;S
64.904.295/0001-03;2025-02-28;1;CAMIL ALIMENTOS S.A.;024228;DF Individual - Demonstração das Mutações do Patrimônio Líquido;REAL;MIL;PENÚLTIMO;2023-03-01;2024-02-28;Patrimônio Líquido;5.06.03;Tributos sobre a Realização da Reserva de Reavaliação;0.0000000000;S
64.904.295/0001-03;2025-02-28;1;CAMIL ALIMENTOS S.A.;024228;DF Individual - Demonstração das Mutações do Patrimônio Líquido;REAL;MIL;ÚLTIMO;2024-03-01;2025-02-28;Patrimônio Líquido;5.06.03;Tributos sobre a Realização da Reserva de Reavaliação;0.0000000000;S
64.904.295/0001-03;2025-02-28;1;CAMIL ALIMENTOS S.A.;024228;DF Individual - Demonstração das Mutações do Patrimônio Líquido;REAL;MIL;PENÚLTIMO;2023-03-01;2024-02-28;Capital Social Integralizado;5.07;Saldos Finais;869478.0000000000;S
64.904.295/0001-03;2025-02-28;1;CAMIL ALIMENTOS S.A.;024228;DF Individual - Demonstração das Mutações do Patrimônio Líquido;REAL;MIL;ÚLTIMO;2024-03-01;2025-02-28;Capital Social Integralizado;5.07;Saldos Finais;869478.0000000000;S
64.904.295/0001-03;2025-02-28;1;CAMIL ALIMENTOS S.A.;024228;DF Individual - Demonstração das Mutações do Patrimônio Líquido;REAL;MIL;PENÚLTIMO;2023-03-01;2024-02-28;Reservas de Capital, Opções Outorgadas e Ações em Tesouraria;5.07;Saldos Finais;1500.0000000000;S
64.904.295/0001-03;2025-02-28;1;CAMIL ALIMENTOS S.A.;024228;DF Individual - Demonstração das Mutações do Patrimônio Líquido;REAL;MIL;ÚLTIMO;2024-03-01;2025-02-28;Reservas de Capital, Opções Outorgadas e Ações em Tesouraria;5.07;Saldos Finais;4633.0000000000;S
64.904.295/0001-03;2025-02-28;1;CAMIL ALIMENTOS S.A.;024228;DF Individual - Demonstração das Mutações do Patrimônio Líquido;REAL;MIL;PENÚLTIMO;2023-03-01;2024-02-28;Reservas de Lucro;5.07;Saldos Finais;1754883.0000000000;S
64.904.295/0001-03;2025-02-28;1;CAMIL ALIMENTOS S.A.;024228;DF Individual - Demonstração das Mutações do Patrimônio Líquido;REAL;MIL;ÚLTIMO;2024-03-01;2025-02-28;Reservas de Lucro;5.07;Saldos Finais;1871833.0000000000;S
64.904.295/0001-03;2025-02-28;1;CAMIL ALIMENTOS S.A.;024228;DF Individual - Demonstração das Mutações do Patrimônio Líquido;REAL;MIL;PENÚLTIMO;2023-03-01;2024-02-28;Lucros ou Prejuízos Acumulados;5.07;Saldos Finais;0.0000000000;S
64.904.295/0001-03;2025-02-28;1;CAMIL ALIMENTOS S.A.;024228;DF Individual - Demonstração das Mutações do Patrimônio Líquido;REAL;MIL;ÚLTIMO;2024-03-01;2025-02-28;Lucros ou Prejuízos Acumulados;5.07;Saldos Finais;0.0000000000;S
64.904.295/0001-03;2025-02-28;1;CAMIL ALIMENTOS S.A.;024228;DF Individual - Demonstração das Mutações do Patrimônio Líquido;REAL;MIL;PENÚLTIMO;2023-03-01;2024-02-28;Outros Resultados Abrangentes;5.07;Saldos Finais;461240.0000000000;S
64.904.295/0001-03;2025-02-28;1;CAMIL ALIMENTOS S.A.;024228;DF Individual - Demonstração das Mutações do Patrimônio Líquido;REAL;MIL;ÚLTIMO;2024-03-01;2025-02-28;Outros Resultados Abrangentes;5.07;Saldos Finais;711378.0000000000;S
64.904.295/0001-03;2025-02-28;1;CAMIL ALIMENTOS S.A.;024228;DF Individual - Demonstração das Mutações do Patrimônio Líquido;REAL;MIL;PENÚLTIMO;2023-03-01;2024-02-28;Patrimônio Líquido;5.07;Saldos Finais;3087101.0000000000;S
64.904.295/0001-03;2025-02-28;1;CAMIL ALIMENTOS S.A.;024228;DF Individual - Demonstração das Mutações do Patrimônio Líquido;REAL;MIL;ÚLTIMO;2024-03-01;2025-02-28;Patrimônio Líquido;5.07;Saldos Finais;3457322.0000000000;S
88.613.658/0001-10;2025-06-30;1;PETTENATI S.A. INDUSTRIA TEXTIL;009539;DF Individual - Demonstração das Mutações do Patrimônio Líquido;REAL;UNIDADE;PENÚLTIMO;2023-07-01;2024-06-30;Capital Social Integralizado;5.01;Saldos Iniciais;85000000.0000000000;S
88.613.658/0001-10;2025-06-30;1;PETTENATI S.A. INDUSTRIA TEXTIL;009539;DF Individual - Demonstração das Mutações do Patrimônio Líquido;REAL;UNIDADE;ÚLTIMO;2024-07-01;2025-06-30;Capital Social Integralizado;5.01;Saldos Iniciais;100000000.0000000000;S
88.613.658/0001-10;2025-06-30;1;PETTENATI S.A. INDUSTRIA TEXTIL;009539;DF Individual - Demonstração das Mutações do Patrimônio Líquido;REAL;UNIDADE;PENÚLTIMO;2023-07-01;2024-06-30;Reservas de Capital, Opções Outorgadas e Ações em Tesouraria;5.01;Saldos Iniciais;0.0000000000;S
88.613.658/0001-10;2025-06-30;1;PETTENATI S.A. INDUSTRIA TEXTIL;009539;DF Individual - Demonstração das Mutações do Patrimônio Líquido;REAL;UNIDADE;ÚLTIMO;2024-07-01;2025-06-30;Reservas de Capital, Opções Outorgadas e Ações em Tesouraria;5.01;Saldos Iniciais;0.0000000000;S
88.613.658/0001-10;2025-06-30;1;PETTENATI S.A. INDUSTRIA TEXTIL;009539;DF Individual - Demonstração das Mutações do Patrimônio Líquido;REAL;UNIDADE;PENÚLTIMO;2023-07-01;2024-06-30;Reservas de Lucro;5.01;Saldos Iniciais;203379744.0000000000;S
88.613.658/0001-10;2025-06-30;1;PETTENATI S.A. INDUSTRIA TEXTIL;009539;DF Individual - Demonstração das Mutações do Patrimônio Líquido;REAL;UNIDADE;ÚLTIMO;2024-07-01;2025-06-30;Reservas de Lucro;5.01;Saldos Iniciais;194941474.0000000000;S
88.613.658/0001-10;2025-06-30;1;PETTENATI S.A. INDUSTRIA TEXTIL;009539;DF Individual - Demonstração das Mutações do Patrimônio Líquido;REAL;UNIDADE;PENÚLTIMO;2023-07-01;2024-06-30;Lucros ou Prejuízos Acumulados;5.01;Saldos Iniciais;0.0000000000;S
88.613.658/0001-10;2025-06-30;1;PETTENATI S.A. INDUSTRIA TEXTIL;009539;DF Individual - Demonstração das Mutações do Patrimônio Líquido;REAL;UNIDADE;ÚLTIMO;2024-07-01;2025-06-30;Lucros ou Prejuízos Acumulados;5.01;Saldos Iniciais;0.0000000000;S
88.613.658/0001-10;2025-06-30;1;PETTENATI S.A. INDUSTRIA TEXTIL;009539;DF Individual - Demonstração das Mutações do Patrimônio Líquido;REAL;UNIDADE;PENÚLTIMO;2023-07-01;2024-06-30;Outros Resultados Abrangentes;5.01;Saldos Iniciais;72750223.0000000000;S
88.613.658/0001-10;2025-06-30;1;PETTENATI S.A. INDUSTRIA TEXTIL;009539;DF Individual - Demonstração das Mutações do Patrimônio Líquido;REAL;UNIDADE;ÚLTIMO;2024-07-01;2025-06-30;Outros Resultados Abrangentes;5.01;Saldos Iniciais;102475537.0000000000;S
88.613.658/0001-10;2025-06-30;1;PETTENATI S.A. INDUSTRIA TEXTIL;009539;DF Individual - Demonstração das Mutações do Patrimônio Líquido;REAL;UNIDADE;PENÚLTIMO;2023-07-01;2024-06-30;Patrimônio Líquido;5.01;Saldos Iniciais;361129967.0000000000;S
88.613.658/0001-10;2025-06-30;1;PETTENATI S.A. INDUSTRIA TEXTIL;009539;DF Individual - Demonstração das Mutações do Patrimônio Líquido;REAL;UNIDADE;ÚLTIMO;2024-07-01;2025-06-30;Patrimônio Líquido;5.01;Saldos Iniciais;397417011.0000000000;S
88.613.658/0001-10;2025-06-30;1;PETTENATI S.A. INDUSTRIA TEXTIL;009539;DF Individual - Demonstração das Mutações do Patrimônio Líquido;REAL;UNIDADE;PENÚLTIMO;2023-07-01;2024-06-30;Capital Social Integralizado;5.02;Ajustes de Exercícios Anteriores;0.0000000000;S
88.613.658/0001-10;2025-06-30;1;PETTENATI S.A. INDUSTRIA TEXTIL;009539;DF Individual - Demonstração das Mutações do Patrimônio Líquido;REAL;UNIDADE;ÚLTIMO;2024-07-01;2025-06-30;Capital Social Integralizado;5.02;Ajustes de Exercícios Anteriores;0.0000000000;S
88.613.658/0001-10;2025-06-30;1;PETTENATI S.A. INDUSTRIA TEXTIL;009539;DF Individual - Demonstração das Mutações do Patrimônio Líquido;REAL;UNIDADE;PENÚLTIMO;2023-07-01;2024-06-30;Reservas de Capital, Opções Outorgadas e Ações em Tesouraria;5.02;Ajustes de Exercícios Anteriores;0.0000000000;S
88.613.658/0001-10;2025-06-30;1;PETTENATI S.A. INDUSTRIA TEXTIL;009539;DF Individual - Demonstração das Mutações do Patrimônio Líquido;REAL;UNIDADE;ÚLTIMO;2024-07-01;2025-06-30;Reservas de Capital, Opções Outorgadas e Ações em Tesouraria;5.02;Ajustes de Exercícios Anteriores;0.0000000000;S
88.613.658/0001-10;2025-06-30;1;PETTENATI S.A. INDUSTRIA TEXTIL;009539;DF Individual - Demonstração das Mutações do Patrimônio Líquido;REAL;UNIDADE;PENÚLTIMO;2023-07-01;2024-06-30;Reservas de Lucro;5.02;Ajustes de Exercícios Anteriores;0.0000000000;S
88.613.658/0001-10;2025-06-30;1;PETTENATI S.A. INDUSTRIA TEXTIL;009539;DF Individual - Demonstração das Mutações do Patrimônio Líquido;REAL;UNIDADE;ÚLTIMO;2024-07-01;2025-06-30;Reservas de Lucro;5.02;Ajustes de Exercícios Anteriores;0.0000000000;S
88.613.658/0001-10;2025-06-30;1;PETTENATI S.A. INDUSTRIA TEXTIL;009539;DF Individual - Demonstração das Mutações do Patrimônio Líquido;REAL;UNIDADE;PENÚLTIMO;2023-07-01;2024-06-30;Lucros ou Prejuízos Acumulados;5.02;Ajustes de Exercícios Anteriores;0.0000000000;S
88.613.658/0001-10;2025-06-30;1;PETTENATI S.A. INDUSTRIA TEXTIL;009539;DF Individual - Demonstração das Mutações do Patrimônio Líquido;REAL;UNIDADE;ÚLTIMO;2024-07-01;2025-06-30;Lucros ou Prejuízos Acumulados;5.02;Ajustes de Exercícios Anteriores;0.0000000000;S
88.613.658/0001-10;2025-06-30;1;PETTENATI S.A. INDUSTRIA TEXTIL;009539;DF Individual - Demonstração das Mutações do Patrimônio Líquido;REAL;UNIDADE;PENÚLTIMO;2023-07-01;2024-06-30;Outros Resultados Abrangentes;5.02;Ajustes de Exercícios Anteriores;0.0000000000;S
88.613.658/0001-10;2025-06-30;1;PETTENATI S.A. INDUSTRIA TEXTIL;009539;DF Individual - Demonstração das Mutações do Patrimônio Líquido;REAL;UNIDADE;ÚLTIMO;2024-07-01;2025-06-30;Outros Resultados Abrangentes;5.02;Ajustes de Exercícios Anteriores;0.0000000000;S
88.613.658/0001-10;2025-06-30;1;PETTENATI S.A. INDUSTRIA TEXTIL;009539;DF Individual - Demonstração das Mutações do Patrimônio Líquido;REAL;UNIDADE;PENÚLTIMO;2023-07-01;2024-06-30;Patrimônio Líquido;5.02;Ajustes de Exercícios Anteriores;0.0000000000;S
88.613.658/0001-10;2025-06-30;1;PETTENATI S.A. INDUSTRIA TEXTIL;009539;DF Individual - Demonstração das Mutações do Patrimônio Líquido;REAL;UNIDADE;ÚLTIMO;2024-07-01;2025-06-30;Patrimônio Líquido;5.02;Ajustes de Exercícios Anteriores;0.0000000000;S
88.613.658/0001-10;2025-06-30;1;PETTENATI S.A. INDUSTRIA TEXTIL;009539;DF Individual - Demonstração das Mutações do Patrimônio Líquido;REAL;UNIDADE;PENÚLTIMO;2023-07-01;2024-06-30;Capital Social Integralizado;5.03;Saldos Iniciais Ajustados;85000000.0000000000;S
88.613.658/0001-10;2025-06-30;1;PETTENATI S.A. INDUSTRIA TEXTIL;009539;DF Individual - Demonstração das Mutações do Patrimônio Líquido;REAL;UNIDADE;ÚLTIMO;2024-07-01;2025-06-30;Capital Social Integralizado;5.03;Saldos Iniciais Ajustados;100000000.0000000000;S
88.613.658/0001-10;2025-06-30;1;PETTENATI S.A. INDUSTRIA TEXTIL;009539;DF Individual - Demonstração das Mutações do Patrimônio Líquido;REAL;UNIDADE;PENÚLTIMO;2023-07-01;2024-06-30;Reservas de Capital, Opções Outorgadas e Ações em Tesouraria;5.03;Saldos Iniciais Ajustados;0.0000000000;S
88.613.658/0001-10;2025-06-30;1;PETTENATI S.A. INDUSTRIA TEXTIL;009539;DF Individual - Demonstração das Mutações do Patrimônio Líquido;REAL;UNIDADE;ÚLTIMO;2024-07-01;2025-06-30;Reservas de Capital, Opções Outorgadas e Ações em Tesouraria;5.03;Saldos Iniciais Ajustados;0.0000000000;S
88.613.658/0001-10;2025-06-30;1;PETTENATI S.A. INDUSTRIA TEXTIL;009539;DF Individual - Demonstração das Mutações do Patrimônio Líquido;REAL;UNIDADE;PENÚLTIMO;2023-07-01;2024-06-30;Reservas de Lucro;5.03;Saldos Iniciais Ajustados;203379744.0000000000;S
88.613.658/0001-10;2025-06-30;1;PETTENATI S.A. INDUSTRIA TEXTIL;009539;DF Individual - Demonstração das Mutações do Patrimônio Líquido;REAL;UNIDADE;ÚLTIMO;2024-07-01;2025-06-30;Reservas de Lucro;5.03;Saldos Iniciais Ajustados;194941474.0000000000;S
88.613.658/0001-10;2025-06-30;1;PETTENATI S.A. INDUSTRIA TEXTIL;009539;DF Individual - Demonstração das Mutações do Patrimônio Líquido;REAL;UNIDADE;PENÚLTIMO;2023-07-01;2024-06-30;Lucros ou Prejuízos Acumulados;5.03;Saldos Iniciais Ajustados;0.0000000000;S
88.613.658/0001-10;2025-06-30;1;PETTENATI S.A. INDUSTRIA TEXTIL;009539;DF Individual - Demonstração das Mutações do Patrimônio Líquido;REAL;UNIDADE;ÚLTIMO;2024-07-01;2025-06-30;Lucros ou Prejuízos Acumulados;5.03;Saldos Iniciais Ajustados;0.0000000000;S
88.613.658/0001-10;2025-06-30;1;PETTENATI S.A. INDUSTRIA TEXTIL;009539;DF Individual - Demonstração das Mutações do Patrimônio Líquido;REAL;UNIDADE;PENÚLTIMO;2023-07-01;2024-06-30;Outros Resultados Abrangentes;5.03;Saldos Iniciais Ajustados;72750223.0000000000;S
88.613.658/0001-10;2025-06-30;1;PETTENATI S.A. INDUSTRIA TEXTIL;009539;DF Individual - Demonstração das Mutações do Patrimônio Líquido;REAL;UNIDADE;ÚLTIMO;2024-07-01;2025-06-30;Outros Resultados Abrangentes;5.03;Saldos Iniciais Ajustados;102475537.0000000000;S
88.613.658/0001-10;2025-06-30;1;PETTENATI S.A. INDUSTRIA TEXTIL;009539;DF Individual - Demonstração das Mutações do Patrimônio Líquido;REAL;UNIDADE;PENÚLTIMO;2023-07-01;2024-06-30;Patrimônio Líquido;5.03;Saldos Iniciais Ajustados;361129967.0000000000;S
88.613.658/0001-10;2025-06-30;1;PETTENATI S.A. INDUSTRIA TEXTIL;009539;DF Individual - Demonstração das Mutações do Patrimônio Líquido;REAL;UNIDADE;ÚLTIMO;2024-07-01;2025-06-30;Patrimônio Líquido;5.03;Saldos Iniciais Ajustados;397417011.0000000000;S
88.613.658/0001-10;2025-06-30;1;PETTENATI S.A. INDUSTRIA TEXTIL;009539;DF Individual - Demonstração das Mutações do Patrimônio Líquido;REAL;UNIDADE;PENÚLTIMO;2023-07-01;2024-06-30;Capital Social Integralizado;5.04;Transações de Capital com os Sócios;15000000.0000000000;S
88.613.658/0001-10;2025-06-30;1;PETTENATI S.A. INDUSTRIA TEXTIL;009539;DF Individual - Demonstração das Mutações do Patrimônio Líquido;REAL;UNIDADE;ÚLTIMO;2024-07-01;2025-06-30;Capital Social Integralizado;5.04;Transações de Capital com os Sócios;0.0000000000;S
88.613.658/0001-10;2025-06-30;1;PETTENATI S.A. INDUSTRIA TEXTIL;009539;DF Individual - Demonstração das Mutações do Patrimônio Líquido;REAL;UNIDADE;PENÚLTIMO;2023-07-01;2024-06-30;Reservas de Capital, Opções Outorgadas e Ações em Tesouraria;5.04;Transações de Capital com os Sócios;0.0000000000;S
88.613.658/0001-10;2025-06-30;1;PETTENATI S.A. INDUSTRIA TEXTIL;009539;DF Individual - Demonstração das Mutações do Patrimônio Líquido;REAL;UNIDADE;ÚLTIMO;2024-07-01;2025-06-30;Reservas de Capital, Opções Outorgadas e Ações em Tesouraria;5.04;Transações de Capital com os Sócios;0.0000000000;S
88.613.658/0001-10;2025-06-30;1;PETTENATI S.A. INDUSTRIA TEXTIL;009539;DF Individual - Demonstração das Mutações do Patrimônio Líquido;REAL;UNIDADE;PENÚLTIMO;2023-07-01;2024-06-30;Reservas de Lucro;5.04;Transações de Capital com os Sócios;-15000000.0000000000;S
88.613.658/0001-10;2025-06-30;1;PETTENATI S.A. INDUSTRIA TEXTIL;009539;DF Individual - Demonstração das Mutações do Patrimônio Líquido;REAL;UNIDADE;ÚLTIMO;2024-07-01;2025-06-30;Reservas de Lucro;5.04;Transações de Capital com os Sócios;0.0000000000;S
88.613.658/0001-10;2025-06-30;1;PETTENATI S.A. INDUSTRIA TEXTIL;009539;DF Individual - Demonstração das Mutações do Patrimônio Líquido;REAL;UNIDADE;PENÚLTIMO;2023-07-01;2024-06-30;Lucros ou Prejuízos Acumulados;5.04;Transações de Capital com os Sócios;-6285755.0000000000;S
88.613.658/0001-10;2025-06-30;1;PETTENATI S.A. INDUSTRIA TEXTIL;009539;DF Individual - Demonstração das Mutações do Patrimônio Líquido;REAL;UNIDADE;ÚLTIMO;2024-07-01;2025-06-30;Lucros ou Prejuízos Acumulados;5.04;Transações de Capital com os Sócios;-12736602.0000000000;S
88.613.658/0001-10;2025-06-30;1;PETTENATI S.A. INDUSTRIA TEXTIL;009539;DF Individual - Demonstração das Mutações do Patrimônio Líquido;REAL;UNIDADE;PENÚLTIMO;2023-07-01;2024-06-30;Outros Resultados Abrangentes;5.04;Transações de Capital com os Sócios;1581386.0000000000;S
88.613.658/0001-10;2025-06-30;1;PETTENATI S.A. INDUSTRIA TEXTIL;009539;DF Individual - Demonstração das Mutações do Patrimônio Líquido;REAL;UNIDADE;ÚLTIMO;2024-07-01;2025-06-30;Outros Resultados Abrangentes;5.04;Transações de Capital com os Sócios;-2099120.0000000000;S
88.613.658/0001-10;2025-06-30;1;PETTENATI S.A. INDUSTRIA TEXTIL;009539;DF Individual - Demonstração das Mutações do Patrimônio Líquido;REAL;UNIDADE;PENÚLTIMO;2023-07-01;2024-06-30;Patrimônio Líquido;5.04;Transações de Capital com os Sócios;-4704369.0000000000;S
88.613.658/0001-10;2025-06-30;1;PETTENATI S.A. INDUSTRIA TEXTIL;009539;DF Individual - Demonstração das Mutações do Patrimônio Líquido;REAL;UNIDADE;ÚLTIMO;2024-07-01;2025-06-30;Patrimônio Líquido;5.04;Transações de Capital com os Sócios;-14835722.0000000000;S
88.613.658/0001-10;2025-06-30;1;PETTENATI S.A. INDUSTRIA TEXTIL;009539;DF Individual - Demonstração das Mutações do Patrimônio Líquido;REAL;UNIDADE;PENÚLTIMO;2023-07-01;2024-06-30;Capital Social Integralizado;5.04.01;Aumentos de Capital;15000000.0000000000;S
88.613.658/0001-10;2025-06-30;1;PETTENATI S.A. INDUSTRIA TEXTIL;009539;DF Individual - Demonstração das Mutações do Patrimônio Líquido;REAL;UNIDADE;ÚLTIMO;2024-07-01;2025-06-30;Capital Social Integralizado;5.04.01;Aumentos de Capital;0.0000000000;S
88.613.658/0001-10;2025-06-30;1;PETTENATI S.A. INDUSTRIA TEXTIL;009539;DF Individual - Demonstração das Mutações do Patrimônio Líquido;REAL;UNIDADE;PENÚLTIMO;2023-07-01;2024-06-30;Reservas de Capital, Opções Outorgadas e Ações em Tesouraria;5.04.01;Aumentos de Capital;0.0000000000;S
88.613.658/0001-10;2025-06-30;1;PETTENATI S.A. INDUSTRIA TEXTIL;009539;DF Individual - Demonstração das Mutações do Patrimônio Líquido;REAL;UNIDADE;ÚLTIMO;2024-07-01;2025-06-30;Reservas de Capital, Opções Outorgadas e Ações em Tesouraria;5.04.01;Aumentos de Capital;0.0000000000;S
88.613.658/0001-10;2025-06-30;1;PETTENATI S.A. INDUSTRIA TEXTIL;009539;DF Individual - Demonstração das Mutações do Patrimônio Líquido;REAL;UNIDADE;PENÚLTIMO;2023-07-01;2024-06-30;Reservas de Lucro;5.04.01;Aumentos de Capital;-15000000.0000000000;S
88.613.658/0001-10;2025-06-30;1;PETTENATI S.A. INDUSTRIA TEXTIL;009539;DF Individual - Demonstração das Mutações do Patrimônio Líquido;REAL;UNIDADE;ÚLTIMO;2024-07-01;2025-06-30;Reservas de Lucro;5.04.01;Aumentos de Capital;0.0000000000;S
88.613.658/0001-10;2025-06-30;1;PETTENATI S.A. INDUSTRIA TEXTIL;009539;DF Individual - Demonstração das Mutações do Patrimônio Líquido;REAL;UNIDADE;PENÚLTIMO;2023-07-01;2024-06-30;Lucros ou Prejuízos Acumulados;5.04.01;Aumentos de Capital;0.0000000000;S
88.613.658/0001-10;2025-06-30;1;PETTENATI S.A. INDUSTRIA TEXTIL;009539;DF Individual - Demonstração das Mutações do Patrimônio Líquido;REAL;UNIDADE;ÚLTIMO;2024-07-01;2025-06-30;Lucros ou Prejuízos Acumulados;5.04.01;Aumentos de Capital;0.0000000000;S
88.613.658/0001-10;2025-06-30;1;PETTENATI S.A. INDUSTRIA TEXTIL;009539;DF Individual - Demonstração das Mutações do Patrimônio Líquido;REAL;UNIDADE;PENÚLTIMO;2023-07-01;2024-06-30;Outros Resultados Abrangentes;5.04.01;Aumentos de Capital;0.0000000000;S
88.613.658/0001-10;2025-06-30;1;PETTENATI S.A. INDUSTRIA TEXTIL;009539;DF Individual - Demonstração das Mutações do Patrimônio Líquido;REAL;UNIDADE;ÚLTIMO;2024-07-01;2025-06-30;Outros Resultados Abrangentes;5.04.01;Aumentos de Capital;0.0000000000;S
88.613.658/0001-10;2025-06-30;1;PETTENATI S.A. INDUSTRIA TEXTIL;009539;DF Individual - Demonstração das Mutações do Patrimônio Líquido;REAL;UNIDADE;PENÚLTIMO;2023-07-01;2024-06-30;Patrimônio Líquido;5.04.01;Aumentos de Capital;0.0000000000;S
88.613.658/0001-10;2025-06-30;1;PETTENATI S.A. INDUSTRIA TEXTIL;009539;DF Individual - Demonstração das Mutações do Patrimônio Líquido;REAL;UNIDADE;ÚLTIMO;2024-07-01;2025-06-30;Patrimônio Líquido;5.04.01;Aumentos de Capital;0.0000000000;S
88.613.658/0001-10;2025-06-30;1;PETTENATI S.A. INDUSTRIA TEXTIL;009539;DF Individual - Demonstração das Mutações do Patrimônio Líquido;REAL;UNIDADE;PENÚLTIMO;2023-07-01;2024-06-30;Capital Social Integralizado;5.04.02;Gastos com Emissão de Ações;0.0000000000;S
88.613.658/0001-10;2025-06-30;1;PETTENATI S.A. INDUSTRIA TEXTIL;009539;DF Individual - Demonstração das Mutações do Patrimônio Líquido;REAL;UNIDADE;ÚLTIMO;2024-07-01;2025-06-30;Capital Social Integralizado;5.04.02;Gastos com Emissão de Ações;0.0000000000;S
88.613.658/0001-10;2025-06-30;1;PETTENATI S.A. INDUSTRIA TEXTIL;009539;DF Individual - Demonstração das Mutações do Patrimônio Líquido;REAL;UNIDADE;PENÚLTIMO;2023-07-01;2024-06-30;Reservas de Capital, Opções Outorgadas e Ações em Tesouraria;5.04.02;Gastos com Emissão de Ações;0.0000000000;S
88.613.658/0001-10;2025-06-30;1;PETTENATI S.A. INDUSTRIA TEXTIL;009539;DF Individual - Demonstração das Mutações do Patrimônio Líquido;REAL;UNIDADE;ÚLTIMO;2024-07-01;2025-06-30;Reservas de Capital, Opções Outorgadas e Ações em Tesouraria;5.04.02;Gastos com Emissão de Ações;0.0000000000;S
88.613.658/0001-10;2025-06-30;1;PETTENATI S.A. INDUSTRIA TEXTIL;009539;DF Individual - Demonstração das Mutações do Patrimônio Líquido;REAL;UNIDADE;PENÚLTIMO;2023-07-01;2024-06-30;Reservas de Lucro;5.04.02;Gastos com Emissão de Ações;0.0000000000;S
88.613.658/0001-10;2025-06-30;1;PETTENATI S.A. INDUSTRIA TEXTIL;009539;DF Individual - Demonstração das Mutações do Patrimônio Líquido;REAL;UNIDADE;ÚLTIMO;2024-07-01;2025-06-30;Reservas de Lucro;5.04.02;Gastos com Emissão de Ações;0.0000000000;S
88.613.658/0001-10;2025-06-30;1;PETTENATI S.A. INDUSTRIA TEXTIL;009539;DF Individual - Demonstração das Mutações do Patrimônio Líquido;REAL;UNIDADE;PENÚLTIMO;2023-07-01;2024-06-30;Lucros ou Prejuízos Acumulados;5.04.02;Gastos com Emissão de Ações;0.0000000000;S
88.613.658/0001-10;2025-06-30;1;PETTENATI S.A. INDUSTRIA TEXTIL;009539;DF Individual - Demonstração das Mutações do Patrimônio Líquido;REAL;UNIDADE;ÚLTIMO;2024-07-01;2025-06-30;Lucros ou Prejuízos Acumulados;5.04.02;Gastos com Emissão de Ações;0.0000000000;S
88.613.658/0001-10;2025-06-30;1;PETTENATI S.A. INDUSTRIA TEXTIL;009539;DF Individual - Demonstração das Mutações do Patrimônio Líquido;REAL;UNIDADE;PENÚLTIMO;2023-07-01;2024-06-30;Outros Resultados Abrangentes;5.04.02;Gastos com Emissão de Ações;0.0000000000;S
88.613.658/0001-10;2025-06-30;1;PETTENATI S.A. INDUSTRIA TEXTIL;009539;DF Individual - Demonstração das Mutações do Patrimônio Líquido;REAL;UNIDADE;ÚLTIMO;2024-07-01;2025-06-30;Outros Resultados Abrangentes;5.04.02;Gastos com Emissão de Ações;0.0000000000;S
88.613.658/0001-10;2025-06-30;1;PETTENATI S.A. INDUSTRIA TEXTIL;009539;DF Individual - Demonstração das Mutações do Patrimônio Líquido;REAL;UNIDADE;PENÚLTIMO;2023-07-01;2024-06-30;Patrimônio Líquido;5.04.02;Gastos com Emissão de Ações;0.0000000000;S
88.613.658/0001-10;2025-06-30;1;PETTENATI S.A. INDUSTRIA TEXTIL;009539;DF Individual - Demonstração das Mutações do Patrimônio Líquido;REAL;UNIDADE;ÚLTIMO;2024-07-01;2025-06-30;Patrimônio Líquido;5.04.02;Gastos com Emissão de Ações;0.0000000000;S
88.613.658/0001-10;2025-06-30;1;PETTENATI S.A. INDUSTRIA TEXTIL;009539;DF Individual - Demonstração das Mutações do Patrimônio Líquido;REAL;UNIDADE;PENÚLTIMO;2023-07-01;2024-06-30;Capital Social Integralizado;5.04.03;Opções Outorgadas Reconhecidas;0.0000000000;S
88.613.658/0001-10;2025-06-30;1;PETTENATI S.A. INDUSTRIA TEXTIL;009539;DF Individual - Demonstração das Mutações do Patrimônio Líquido;REAL;UNIDADE;ÚLTIMO;2024-07-01;2025-06-30;Capital Social Integralizado;5.04.03;Opções Outorgadas Reconhecidas;0.0000000000;S
88.613.658/0001-10;2025-06-30;1;PETTENATI S.A. INDUSTRIA TEXTIL;009539;DF Individual - Demonstração das Mutações do Patrimônio Líquido;REAL;UNIDADE;PENÚLTIMO;2023-07-01;2024-06-30;Reservas de Capital, Opções Outorgadas e Ações em Tesouraria;5.04.03;Opções Outorgadas Reconhecidas;0.0000000000;S
88.613.658/0001-10;2025-06-30;1;PETTENATI S.A. INDUSTRIA TEXTIL;009539;DF Individual - Demonstração das Mutações do Patrimônio Líquido;REAL;UNIDADE;ÚLTIMO;2024-07-01;2025-06-30;Reservas de Capital, Opções Outorgadas e Ações em Tesouraria;5.04.03;Opções Outorgadas Reconhecidas;0.0000000000;S
88.613.658/0001-10;2025-06-30;1;PETTENATI S.A. INDUSTRIA TEXTIL;009539;DF Individual - Demonstração das Mutações do Patrimônio Líquido;REAL;UNIDADE;PENÚLTIMO;2023-07-01;2024-06-30;Reservas de Lucro;5.04.03;Opções Outorgadas Reconhecidas;0.0000000000;S
88.613.658/0001-10;2025-06-30;1;PETTENATI S.A. INDUSTRIA TEXTIL;009539;DF Individual - Demonstração das Mutações do Patrimônio Líquido;REAL;UNIDADE;ÚLTIMO;2024-07-01;2025-06-30;Reservas de Lucro;5.04.03;Opções Outorgadas Reconhecidas;0.0000000000;S
88.613.658/0001-10;2025-06-30;1;PETTENATI S.A. INDUSTRIA TEXTIL;009539;DF Individual - Demonstração das Mutações do Patrimônio Líquido;REAL;UNIDADE;PENÚLTIMO;2023-07-01;2024-06-30;Lucros ou Prejuízos Acumulados;5.04.03;Opções Outorgadas Reconhecidas;0.0000000000;S
88.613.658/0001-10;2025-06-30;1;PETTENATI S.A. INDUSTRIA TEXTIL;009539;DF Individual - Demonstração das Mutações do Patrimônio Líquido;REAL;UNIDADE;ÚLTIMO;2024-07-01;2025-06-30;Lucros ou Prejuízos Acumulados;5.04.03;Opções Outorgadas Reconhecidas;0.0000000000;S
88.613.658/0001-10;2025-06-30;1;PETTENATI S.A. INDUSTRIA TEXTIL;009539;DF Individual - Demonstração das Mutações do Patrimônio Líquido;REAL;UNIDADE;PENÚLTIMO;2023-07-01;2024-06-30;Outros Resultados Abrangentes;5.04.03;Opções Outorgadas Reconhecidas;0.0000000000;S
88.613.658/0001-10;2025-06-30;1;PETTENATI S.A. INDUSTRIA TEXTIL;009539;DF Individual - Demonstração das Mutações do Patrimônio Líquido;REAL;UNIDADE;ÚLTIMO;2024-07-01;2025-06-30;Outros Resultados Abrangentes;5.04.03;Opções Outorgadas Reconhecidas;0.0000000000;S
88.613.658/0001-10;2025-06-30;1;PETTENATI S.A. INDUSTRIA TEXTIL;009539;DF Individual - Demonstração das Mutações do Patrimônio Líquido;REAL;UNIDADE;PENÚLTIMO;2023-07-01;2024-06-30;Patrimônio Líquido;5.04.03;Opções Outorgadas Reconhecidas;0.0000000000;S
88.613.658/0001-10;2025-06-30;1;PETTENATI S.A. INDUSTRIA TEXTIL;009539;DF Individual - Demonstração das Mutações do Patrimônio Líquido;REAL;UNIDADE;ÚLTIMO;2024-07-01;2025-06-30;Patrimônio Líquido;5.04.03;Opções Outorgadas Reconhecidas;0.0000000000;S
88.613.658/0001-10;2025-06-30;1;PETTENATI S.A. INDUSTRIA TEXTIL;009539;DF Individual - Demonstração das Mutações do Patrimônio Líquido;REAL;UNIDADE;PENÚLTIMO;2023-07-01;2024-06-30;Capital Social Integralizado;5.04.04;Ações em Tesouraria Adquiridas;0.0000000000;S
88.613.658/0001-10;2025-06-30;1;PETTENATI S.A. INDUSTRIA TEXTIL;009539;DF Individual - Demonstração das Mutações do Patrimônio Líquido;REAL;UNIDADE;ÚLTIMO;2024-07-01;2025-06-30;Capital Social Integralizado;5.04.04;Ações em Tesouraria Adquiridas;0.0000000000;S
88.613.658/0001-10;2025-06-30;1;PETTENATI S.A. INDUSTRIA TEXTIL;009539;DF Individual - Demonstração das Mutações do Patrimônio Líquido;REAL;UNIDADE;PENÚLTIMO;2023-07-01;2024-06-30;Reservas de Capital, Opções Outorgadas e Ações em Tesouraria;5.04.04;Ações em Tesouraria Adquiridas;0.0000000000;S
88.613.658/0001-10;2025-06-30;1;PETTENATI S.A. INDUSTRIA TEXTIL;009539;DF Individual - Demonstração das Mutações do Patrimônio Líquido;REAL;UNIDADE;ÚLTIMO;2024-07-01;2025-06-30;Reservas de Capital, Opções Outorgadas e Ações em Tesouraria;5.04.04;Ações em Tesouraria Adquiridas;0.0000000000;S
88.613.658/0001-10;2025-06-30;1;PETTENATI S.A. INDUSTRIA TEXTIL;009539;DF Individual - Demonstração das Mutações do Patrimônio Líquido;REAL;UNIDADE;PENÚLTIMO;2023-07-01;2024-06-30;Reservas de Lucro;5.04.04;Ações em Tesouraria Adquiridas;0.0000000000;S
88.613.658/0001-10;2025-06-30;1;PETTENATI S.A. INDUSTRIA TEXTIL;009539;DF Individual - Demonstração das Mutações do Patrimônio Líquido;REAL;UNIDADE;ÚLTIMO;2024-07-01;2025-06-30;Reservas de Lucro;5.04.04;Ações em Tesouraria Adquiridas;0.0000000000;S
88.613.658/0001-10;2025-06-30;1;PETTENATI S.A. INDUSTRIA TEXTIL;009539;DF Individual - Demonstração das Mutações do Patrimônio Líquido;REAL;UNIDADE;PENÚLTIMO;2023-07-01;2024-06-30;Lucros ou Prejuízos Acumulados;5.04.04;Ações em Tesouraria Adquiridas;0.0000000000;S
88.613.658/0001-10;2025-06-30;1;PETTENATI S.A. INDUSTRIA TEXTIL;009539;DF Individual - Demonstração das Mutações do Patrimônio Líquido;REAL;UNIDADE;ÚLTIMO;2024-07-01;2025-06-30;Lucros ou Prejuízos Acumulados;5.04.04;Ações em Tesouraria Adquiridas;0.0000000000;S
88.613.658/0001-10;2025-06-30;1;PETTENATI S.A. INDUSTRIA TEXTIL;009539;DF Individual - Demonstração das Mutações do Patrimônio Líquido;REAL;UNIDADE;PENÚLTIMO;2023-07-01;2024-06-30;Outros Resultados Abrangentes;5.04.04;Ações em Tesouraria Adquiridas;0.0000000000;S
88.613.658/0001-10;2025-06-30;1;PETTENATI S.A. INDUSTRIA TEXTIL;009539;DF Individual - Demonstração das Mutações do Patrimônio Líquido;REAL;UNIDADE;ÚLTIMO;2024-07-01;2025-06-30;Outros Resultados Abrangentes;5.04.04;Ações em Tesouraria Adquiridas;0.0000000000;S
88.613.658/0001-10;2025-06-30;1;PETTENATI S.A. INDUSTRIA TEXTIL;009539;DF Individual - Demonstração das Mutações do Patrimônio Líquido;REAL;UNIDADE;PENÚLTIMO;2023-07-01;2024-06-30;Patrimônio Líquido;5.04.04;Ações em Tesouraria Adquiridas;0.0000000000;S
88.613.658/0001-10;2025-06-30;1;PETTENATI S.A. INDUSTRIA TEXTIL;009539;DF Individual - Demonstração das Mutações do Patrimônio Líquido;REAL;UNIDADE;ÚLTIMO;2024-07-01;2025-06-30;Patrimônio Líquido;5.04.04;Ações em Tesouraria Adquiridas;0.0000000000;S
88.613.658/0001-10;2025-06-30;1;PETTENATI S.A. INDUSTRIA TEXTIL;009539;DF Individual - Demonstração das Mutações do Patrimônio Líquido;REAL;UNIDADE;PENÚLTIMO;2023-07-01;2024-06-30;Capital Social Integralizado;5.04.05;Ações em Tesouraria Vendidas;0.0000000000;S
88.613.658/0001-10;2025-06-30;1;PETTENATI S.A. INDUSTRIA TEXTIL;009539;DF Individual - Demonstração das Mutações do Patrimônio Líquido;REAL;UNIDADE;ÚLTIMO;2024-07-01;2025-06-30;Capital Social Integralizado;5.04.05;Ações em Tesouraria Vendidas;0.0000000000;S
88.613.658/0001-10;2025-06-30;1;PETTENATI S.A. INDUSTRIA TEXTIL;009539;DF Individual - Demonstração das Mutações do Patrimônio Líquido;REAL;UNIDADE;PENÚLTIMO;2023-07-01;2024-06-30;Reservas de Capital, Opções Outorgadas e Ações em Tesouraria;5.04.05;Ações em Tesouraria Vendidas;0.0000000000;S
88.613.658/0001-10;2025-06-30;1;PETTENATI S.A. INDUSTRIA TEXTIL;009539;DF Individual - Demonstração das Mutações do Patrimônio Líquido;REAL;UNIDADE;ÚLTIMO;2024-07-01;2025-06-30;Reservas de Capital, Opções Outorgadas e Ações em Tesouraria;5.04.05;Ações em Tesouraria Vendidas;0.0000000000;S
88.613.658/0001-10;2025-06-30;1;PETTENATI S.A. INDUSTRIA TEXTIL;009539;DF Individual - Demonstração das Mutações do Patrimônio Líquido;REAL;UNIDADE;PENÚLTIMO;2023-07-01;2024-06-30;Reservas de Lucro;5.04.05;Ações em Tesouraria Vendidas;0.0000000000;S
88.613.658/0001-10;2025-06-30;1;PETTENATI S.A. INDUSTRIA TEXTIL;009539;DF Individual - Demonstração das Mutações do Patrimônio Líquido;REAL;UNIDADE;ÚLTIMO;2024-07-01;2025-06-30;Reservas de Lucro;5.04.05;Ações em Tesouraria Vendidas;0.0000000000;S
88.613.658/0001-10;2025-06-30;1;PETTENATI S.A. INDUSTRIA TEXTIL;009539;DF Individual - Demonstração das Mutações do Patrimônio Líquido;REAL;UNIDADE;PENÚLTIMO;2023-07-01;2024-06-30;Lucros ou Prejuízos Acumulados;5.04.05;Ações em Tesouraria Vendidas;0.0000000000;S
88.613.658/0001-10;2025-06-30;1;PETTENATI S.A. INDUSTRIA TEXTIL;009539;DF Individual - Demonstração das Mutações do Patrimônio Líquido;REAL;UNIDADE;ÚLTIMO;2024-07-01;2025-06-30;Lucros ou Prejuízos Acumulados;5.04.05;Ações em Tesouraria Vendidas;0.0000000000;S
88.613.658/0001-10;2025-06-30;1;PETTENATI S.A. INDUSTRIA TEXTIL;009539;DF Individual - Demonstração das Mutações do Patrimônio Líquido;REAL;UNIDADE;PENÚLTIMO;2023-07-01;2024-06-30;Outros Resultados Abrangentes;5.04.05;Ações em Tesouraria Vendidas;0.0000000000;S
88.613.658/0001-10;2025-06-30;1;PETTENATI S.A. INDUSTRIA TEXTIL;009539;DF Individual - Demonstração das Mutações do Patrimônio Líquido;REAL;UNIDADE;ÚLTIMO;2024-07-01;2025-06-30;Outros Resultados Abrangentes;5.04.05;Ações em Tesouraria Vendidas;0.0000000000;S
88.613.658/0001-10;2025-06-30;1;PETTENATI S.A. INDUSTRIA TEXTIL;009539;DF Individual - Demonstração das Mutações do Patrimônio Líquido;REAL;UNIDADE;PENÚLTIMO;2023-07-01;2024-06-30;Patrimônio Líquido;5.04.05;Ações em Tesouraria Vendidas;0.0000000000;S
88.613.658/0001-10;2025-06-30;1;PETTENATI S.A. INDUSTRIA TEXTIL;009539;DF Individual - Demonstração das Mutações do Patrimônio Líquido;REAL;UNIDADE;ÚLTIMO;2024-07-01;2025-06-30;Patrimônio Líquido;5.04.05;Ações em Tesouraria Vendidas;0.0000000000;S
88.613.658/0001-10;2025-06-30;1;PETTENATI S.A. INDUSTRIA TEXTIL;009539;DF Individual - Demonstração das Mutações do Patrimônio Líquido;REAL;UNIDADE;PENÚLTIMO;2023-07-01;2024-06-30;Capital Social Integralizado;5.04.06;Dividendos;0.0000000000;S
88.613.658/0001-10;2025-06-30;1;PETTENATI S.A. INDUSTRIA TEXTIL;009539;DF Individual - Demonstração das Mutações do Patrimônio Líquido;REAL;UNIDADE;ÚLTIMO;2024-07-01;2025-06-30;Capital Social Integralizado;5.04.06;Dividendos;0.0000000000;S
88.613.658/0001-10;2025-06-30;1;PETTENATI S.A. INDUSTRIA TEXTIL;009539;DF Individual - Demonstração das Mutações do Patrimônio Líquido;REAL;UNIDADE;PENÚLTIMO;2023-07-01;2024-06-30;Reservas de Capital, Opções Outorgadas e Ações em Tesouraria;5.04.06;Dividendos;0.0000000000;S
88.613.658/0001-10;2025-06-30;1;PETTENATI S.A. INDUSTRIA TEXTIL;009539;DF Individual - Demonstração das Mutações do Patrimônio Líquido;REAL;UNIDADE;ÚLTIMO;2024-07-01;2025-06-30;Reservas de Capital, Opções Outorgadas e Ações em Tesouraria;5.04.06;Dividendos;0.0000000000;S
88.613.658/0001-10;2025-06-30;1;PETTENATI S.A. INDUSTRIA TEXTIL;009539;DF Individual - Demonstração das Mutações do Patrimônio Líquido;REAL;UNIDADE;PENÚLTIMO;2023-07-01;2024-06-30;Reservas de Lucro;5.04.06;Dividendos;0.0000000000;S
88.613.658/0001-10;2025-06-30;1;PETTENATI S.A. INDUSTRIA TEXTIL;009539;DF Individual - Demonstração das Mutações do Patrimônio Líquido;REAL;UNIDADE;ÚLTIMO;2024-07-01;2025-06-30;Reservas de Lucro;5.04.06;Dividendos;0.0000000000;S
88.613.658/0001-10;2025-06-30;1;PETTENATI S.A. INDUSTRIA TEXTIL;009539;DF Individual - Demonstração das Mutações do Patrimônio Líquido;REAL;UNIDADE;PENÚLTIMO;2023-07-01;2024-06-30;Lucros ou Prejuízos Acumulados;5.04.06;Dividendos;-6285755.0000000000;S
88.613.658/0001-10;2025-06-30;1;PETTENATI S.A. INDUSTRIA TEXTIL;009539;DF Individual - Demonstração das Mutações do Patrimônio Líquido;REAL;UNIDADE;ÚLTIMO;2024-07-01;2025-06-30;Lucros ou Prejuízos Acumulados;5.04.06;Dividendos;-5395406.0000000000;S
88.613.658/0001-10;2025-06-30;1;PETTENATI S.A. INDUSTRIA TEXTIL;009539;DF Individual - Demonstração das Mutações do Patrimônio Líquido;REAL;UNIDADE;PENÚLTIMO;2023-07-01;2024-06-30;Outros Resultados Abrangentes;5.04.06;Dividendos;1581386.0000000000;S
88.613.658/0001-10;2025-06-30;1;PETTENATI S.A. INDUSTRIA TEXTIL;009539;DF Individual - Demonstração das Mutações do Patrimônio Líquido;REAL;UNIDADE;ÚLTIMO;2024-07-01;2025-06-30;Outros Resultados Abrangentes;5.04.06;Dividendos;-2703714.0000000000;S
88.613.658/0001-10;2025-06-30;1;PETTENATI S.A. INDUSTRIA TEXTIL;009539;DF Individual - Demonstração das Mutações do Patrimônio Líquido;REAL;UNIDADE;PENÚLTIMO;2023-07-01;2024-06-30;Patrimônio Líquido;5.04.06;Dividendos;-4704369.0000000000;S
88.613.658/0001-10;2025-06-30;1;PETTENATI S.A. INDUSTRIA TEXTIL;009539;DF Individual - Demonstração das Mutações do Patrimônio Líquido;REAL;UNIDADE;ÚLTIMO;2024-07-01;2025-06-30;Patrimônio Líquido;5.04.06;Dividendos;-8099120.0000000000;S
88.613.658/0001-10;2025-06-30;1;PETTENATI S.A. INDUSTRIA TEXTIL;009539;DF Individual - Demonstração das Mutações do Patrimônio Líquido;REAL;UNIDADE;PENÚLTIMO;2023-07-01;2024-06-30;Capital Social Integralizado;5.04.07;Juros sobre Capital Próprio;0.0000000000;S
88.613.658/0001-10;2025-06-30;1;PETTENATI S.A. INDUSTRIA TEXTIL;009539;DF Individual - Demonstração das Mutações do Patrimônio Líquido;REAL;UNIDADE;ÚLTIMO;2024-07-01;2025-06-30;Capital Social Integralizado;5.04.07;Juros sobre Capital Próprio;0.0000000000;S
88.613.658/0001-10;2025-06-30;1;PETTENATI S.A. INDUSTRIA TEXTIL;009539;DF Individual - Demonstração das Mutações do Patrimônio Líquido;REAL;UNIDADE;PENÚLTIMO;2023-07-01;2024-06-30;Reservas de Capital, Opções Outorgadas e Ações em Tesouraria;5.04.07;Juros sobre Capital Próprio;0.0000000000;S
88.613.658/0001-10;2025-06-30;1;PETTENATI S.A. INDUSTRIA TEXTIL;009539;DF Individual - Demonstração das Mutações do Patrimônio Líquido;REAL;UNIDADE;ÚLTIMO;2024-07-01;2025-06-30;Reservas de Capital, Opções Outorgadas e Ações em Tesouraria;5.04.07;Juros sobre Capital Próprio;0.0000000000;S
88.613.658/0001-10;2025-06-30;1;PETTENATI S.A. INDUSTRIA TEXTIL;009539;DF Individual - Demonstração das Mutações do Patrimônio Líquido;REAL;UNIDADE;PENÚLTIMO;2023-07-01;2024-06-30;Reservas de Lucro;5.04.07;Juros sobre Capital Próprio;0.0000000000;S
88.613.658/0001-10;2025-06-30;1;PETTENATI S.A. INDUSTRIA TEXTIL;009539;DF Individual - Demonstração das Mutações do Patrimônio Líquido;REAL;UNIDADE;ÚLTIMO;2024-07-01;2025-06-30;Reservas de Lucro;5.04.07;Juros sobre Capital Próprio;0.0000000000;S
88.613.658/0001-10;2025-06-30;1;PETTENATI S.A. INDUSTRIA TEXTIL;009539;DF Individual - Demonstração das Mutações do Patrimônio Líquido;REAL;UNIDADE;PENÚLTIMO;2023-07-01;2024-06-30;Lucros ou Prejuízos Acumulados;5.04.07;Juros sobre Capital Próprio;0.0000000000;S
88.613.658/0001-10;2025-06-30;1;PETTENATI S.A. INDUSTRIA TEXTIL;009539;DF Individual - Demonstração das Mutações do Patrimônio Líquido;REAL;UNIDADE;ÚLTIMO;2024-07-01;2025-06-30;Lucros ou Prejuízos Acumulados;5.04.07;Juros sobre Capital Próprio;-6736602.0000000000;S
88.613.658/0001-10;2025-06-30;1;PETTENATI S.A. INDUSTRIA TEXTIL;009539;DF Individual - Demonstração das Mutações do Patrimônio Líquido;REAL;UNIDADE;PENÚLTIMO;2023-07-01;2024-06-30;Outros Resultados Abrangentes;5.04.07;Juros sobre Capital Próprio;0.0000000000;S
88.613.658/0001-10;2025-06-30;1;PETTENATI S.A. INDUSTRIA TEXTIL;009539;DF Individual - Demonstração das Mutações do Patrimônio Líquido;REAL;UNIDADE;ÚLTIMO;2024-07-01;2025-06-30;Outros Resultados Abrangentes;5.04.07;Juros sobre Capital Próprio;0.0000000000;S
88.613.658/0001-10;2025-06-30;1;PETTENATI S.A. INDUSTRIA TEXTIL;009539;DF Individual - Demonstração das Mutações do Patrimônio Líquido;REAL;UNIDADE;PENÚLTIMO;2023-07-01;2024-06-30;Patrimônio Líquido;5.04.07;Juros sobre Capital Próprio;0.0000000000;S
88.613.658/0001-10;2025-06-30;1;PETTENATI S.A. INDUSTRIA TEXTIL;009539;DF Individual - Demonstração das Mutações do Patrimônio Líquido;REAL;UNIDADE;ÚLTIMO;2024-07-01;2025-06-30;Patrimônio Líquido;5.04.07;Juros sobre Capital Próprio;-6736602.0000000000;S
88.613.658/0001-10;2025-06-30;1;PETTENATI S.A. INDUSTRIA TEXTIL;009539;DF Individual - Demonstração das Mutações do Patrimônio Líquido;REAL;UNIDADE;ÚLTIMO;2024-07-01;2025-06-30;Capital Social Integralizado;5.04.08;Dividendos Adicionais Propostos;0.0000000000;N
88.613.658/0001-10;2025-06-30;1;PETTENATI S.A. INDUSTRIA TEXTIL;009539;DF Individual - Demonstração das Mutações do Patrimônio Líquido;REAL;UNIDADE;ÚLTIMO;2024-07-01;2025-06-30;Reservas de Capital, Opções Outorgadas e Ações em Tesouraria;5.04.08;Dividendos Adicionais Propostos;0.0000000000;N
88.613.658/0001-10;2025-06-30;1;PETTENATI S.A. INDUSTRIA TEXTIL;009539;DF Individual - Demonstração das Mutações do Patrimônio Líquido;REAL;UNIDADE;ÚLTIMO;2024-07-01;2025-06-30;Reservas de Lucro;5.04.08;Dividendos Adicionais Propostos;0.0000000000;N
88.613.658/0001-10;2025-06-30;1;PETTENATI S.A. INDUSTRIA TEXTIL;009539;DF Individual - Demonstração das Mutações do Patrimônio Líquido;REAL;UNIDADE;ÚLTIMO;2024-07-01;2025-06-30;Lucros ou Prejuízos Acumulados;5.04.08;Dividendos Adicionais Propostos;-604594.0000000000;N
88.613.658/0001-10;2025-06-30;1;PETTENATI S.A. INDUSTRIA TEXTIL;009539;DF Individual - Demonstração das Mutações do Patrimônio Líquido;REAL;UNIDADE;ÚLTIMO;2024-07-01;2025-06-30;Outros Resultados Abrangentes;5.04.08;Dividendos Adicionais Propostos;604594.0000000000;N
88.613.658/0001-10;2025-06-30;1;PETTENATI S.A. INDUSTRIA TEXTIL;009539;DF Individual - Demonstração das Mutações do Patrimônio Líquido;REAL;UNIDADE;ÚLTIMO;2024-07-01;2025-06-30;Patrimônio Líquido;5.04.08;Dividendos Adicionais Propostos;0.0000000000;N
88.613.658/0001-10;2025-06-30;1;PETTENATI S.A. INDUSTRIA TEXTIL;009539;DF Individual - Demonstração das Mutações do Patrimônio Líquido;REAL;UNIDADE;PENÚLTIMO;2023-07-01;2024-06-30;Capital Social Integralizado;5.05;Resultado Abrangente Total;0.0000000000;S
88.613.658/0001-10;2025-06-30;1;PETTENATI S.A. INDUSTRIA TEXTIL;009539;DF Individual - Demonstração das Mutações do Patrimônio Líquido;REAL;UNIDADE;ÚLTIMO;2024-07-01;2025-06-30;Capital Social Integralizado;5.05;Resultado Abrangente Total;0.0000000000;S
88.613.658/0001-10;2025-06-30;1;PETTENATI S.A. INDUSTRIA TEXTIL;009539;DF Individual - Demonstração das Mutações do Patrimônio Líquido;REAL;UNIDADE;PENÚLTIMO;2023-07-01;2024-06-30;Reservas de Capital, Opções Outorgadas e Ações em Tesouraria;5.05;Resultado Abrangente Total;0.0000000000;S
88.613.658/0001-10;2025-06-30;1;PETTENATI S.A. INDUSTRIA TEXTIL;009539;DF Individual - Demonstração das Mutações do Patrimônio Líquido;REAL;UNIDADE;ÚLTIMO;2024-07-01;2025-06-30;Reservas de Capital, Opções Outorgadas e Ações em Tesouraria;5.05;Resultado Abrangente Total;0.0000000000;S
88.613.658/0001-10;2025-06-30;1;PETTENATI S.A. INDUSTRIA TEXTIL;009539;DF Individual - Demonstração das Mutações do Patrimônio Líquido;REAL;UNIDADE;PENÚLTIMO;2023-07-01;2024-06-30;Reservas de Lucro;5.05;Resultado Abrangente Total;0.0000000000;S
88.613.658/0001-10;2025-06-30;1;PETTENATI S.A. INDUSTRIA TEXTIL;009539;DF Individual - Demonstração das Mutações do Patrimônio Líquido;REAL;UNIDADE;ÚLTIMO;2024-07-01;2025-06-30;Reservas de Lucro;5.05;Resultado Abrangente Total;0.0000000000;S
88.613.658/0001-10;2025-06-30;1;PETTENATI S.A. INDUSTRIA TEXTIL;009539;DF Individual - Demonstração das Mutações do Patrimônio Líquido;REAL;UNIDADE;PENÚLTIMO;2023-07-01;2024-06-30;Lucros ou Prejuízos Acumulados;5.05;Resultado Abrangente Total;19495828.0000000000;S
88.613.658/0001-10;2025-06-30;1;PETTENATI S.A. INDUSTRIA TEXTIL;009539;DF Individual - Demonstração das Mutações do Patrimônio Líquido;REAL;UNIDADE;ÚLTIMO;2024-07-01;2025-06-30;Lucros ou Prejuízos Acumulados;5.05;Resultado Abrangente Total;42870394.0000000000;S
88.613.658/0001-10;2025-06-30;1;PETTENATI S.A. INDUSTRIA TEXTIL;009539;DF Individual - Demonstração das Mutações do Patrimônio Líquido;REAL;UNIDADE;PENÚLTIMO;2023-07-01;2024-06-30;Outros Resultados Abrangentes;5.05;Resultado Abrangente Total;28218226.0000000000;S
88.613.658/0001-10;2025-06-30;1;PETTENATI S.A. INDUSTRIA TEXTIL;009539;DF Individual - Demonstração das Mutações do Patrimônio Líquido;REAL;UNIDADE;ÚLTIMO;2024-07-01;2025-06-30;Outros Resultados Abrangentes;5.05;Resultado Abrangente Total;-4440316.0000000000;S
88.613.658/0001-10;2025-06-30;1;PETTENATI S.A. INDUSTRIA TEXTIL;009539;DF Individual - Demonstração das Mutações do Patrimônio Líquido;REAL;UNIDADE;PENÚLTIMO;2023-07-01;2024-06-30;Patrimônio Líquido;5.05;Resultado Abrangente Total;47714054.0000000000;S
88.613.658/0001-10;2025-06-30;1;PETTENATI S.A. INDUSTRIA TEXTIL;009539;DF Individual - Demonstração das Mutações do Patrimônio Líquido;REAL;UNIDADE;ÚLTIMO;2024-07-01;2025-06-30;Patrimônio Líquido;5.05;Resultado Abrangente Total;38430078.0000000000;S
88.613.658/0001-10;2025-06-30;1;PETTENATI S.A. INDUSTRIA TEXTIL;009539;DF Individual - Demonstração das Mutações do Patrimônio Líquido;REAL;UNIDADE;PENÚLTIMO;2023-07-01;2024-06-30;Capital Social Integralizado;5.05.01;Lucro Líquido do Período;0.0000000000;S
88.613.658/0001-10;2025-06-30;1;PETTENATI S.A. INDUSTRIA TEXTIL;009539;DF Individual - Demonstração das Mutações do Patrimônio Líquido;REAL;UNIDADE;ÚLTIMO;2024-07-01;2025-06-30;Capital Social Integralizado;5.05.01;Lucro Líquido do Período;0.0000000000;S
88.613.658/0001-10;2025-06-30;1;PETTENATI S.A. INDUSTRIA TEXTIL;009539;DF Individual - Demonstração das Mutações do Patrimônio Líquido;REAL;UNIDADE;PENÚLTIMO;2023-07-01;2024-06-30;Reservas de Capital, Opções Outorgadas e Ações em Tesouraria;5.05.01;Lucro Líquido do Período;0.0000000000;S
88.613.658/0001-10;2025-06-30;1;PETTENATI S.A. INDUSTRIA TEXTIL;009539;DF Individual - Demonstração das Mutações do Patrimônio Líquido;REAL;UNIDADE;ÚLTIMO;2024-07-01;2025-06-30;Reservas de Capital, Opções Outorgadas e Ações em Tesouraria;5.05.01;Lucro Líquido do Período;0.0000000000;S
88.613.658/0001-10;2025-06-30;1;PETTENATI S.A. INDUSTRIA TEXTIL;009539;DF Individual - Demonstração das Mutações do Patrimônio Líquido;REAL;UNIDADE;PENÚLTIMO;2023-07-01;2024-06-30;Reservas de Lucro;5.05.01;Lucro Líquido do Período;0.0000000000;S
88.613.658/0001-10;2025-06-30;1;PETTENATI S.A. INDUSTRIA TEXTIL;009539;DF Individual - Demonstração das Mutações do Patrimônio Líquido;REAL;UNIDADE;ÚLTIMO;2024-07-01;2025-06-30;Reservas de Lucro;5.05.01;Lucro Líquido do Período;0.0000000000;S
88.613.658/0001-10;2025-06-30;1;PETTENATI S.A. INDUSTRIA TEXTIL;009539;DF Individual - Demonstração das Mutações do Patrimônio Líquido;REAL;UNIDADE;PENÚLTIMO;2023-07-01;2024-06-30;Lucros ou Prejuízos Acumulados;5.05.01;Lucro Líquido do Período;19210788.0000000000;S
88.613.658/0001-10;2025-06-30;1;PETTENATI S.A. INDUSTRIA TEXTIL;009539;DF Individual - Demonstração das Mutações do Patrimônio Líquido;REAL;UNIDADE;ÚLTIMO;2024-07-01;2025-06-30;Lucros ou Prejuízos Acumulados;5.05.01;Lucro Líquido do Período;42497560.0000000000;S
88.613.658/0001-10;2025-06-30;1;PETTENATI S.A. INDUSTRIA TEXTIL;009539;DF Individual - Demonstração das Mutações do Patrimônio Líquido;REAL;UNIDADE;PENÚLTIMO;2023-07-01;2024-06-30;Outros Resultados Abrangentes;5.05.01;Lucro Líquido do Período;0.0000000000;S
88.613.658/0001-10;2025-06-30;1;PETTENATI S.A. INDUSTRIA TEXTIL;009539;DF Individual - Demonstração das Mutações do Patrimônio Líquido;REAL;UNIDADE;ÚLTIMO;2024-07-01;2025-06-30;Outros Resultados Abrangentes;5.05.01;Lucro Líquido do Período;0.0000000000;S
88.613.658/0001-10;2025-06-30;1;PETTENATI S.A. INDUSTRIA TEXTIL;009539;DF Individual - Demonstração das Mutações do Patrimônio Líquido;REAL;UNIDADE;PENÚLTIMO;2023-07-01;2024-06-30;Patrimônio Líquido;5.05.01;Lucro Líquido do Período;19210788.0000000000;S
88.613.658/0001-10;2025-06-30;1;PETTENATI S.A. INDUSTRIA TEXTIL;009539;DF Individual - Demonstração das Mutações do Patrimônio Líquido;REAL;UNIDADE;ÚLTIMO;2024-07-01;2025-06-30;Patrimônio Líquido;5.05.01;Lucro Líquido do Período;42497560.0000000000;S
88.613.658/0001-10;2025-06-30;1;PETTENATI S.A. INDUSTRIA TEXTIL;009539;DF Individual - Demonstração das Mutações do Patrimônio Líquido;REAL;UNIDADE;PENÚLTIMO;2023-07-01;2024-06-30;Capital Social Integralizado;5.05.02;Outros Resultados Abrangentes;0.0000000000;S
88.613.658/0001-10;2025-06-30;1;PETTENATI S.A. INDUSTRIA TEXTIL;009539;DF Individual - Demonstração das Mutações do Patrimônio Líquido;REAL;UNIDADE;ÚLTIMO;2024-07-01;2025-06-30;Capital Social Integralizado;5.05.02;Outros Resultados Abrangentes;0.0000000000;S
88.613.658/0001-10;2025-06-30;1;PETTENATI S.A. INDUSTRIA TEXTIL;009539;DF Individual - Demonstração das Mutações do Patrimônio Líquido;REAL;UNIDADE;PENÚLTIMO;2023-07-01;2024-06-30;Reservas de Capital, Opções Outorgadas e Ações em Tesouraria;5.05.02;Outros Resultados Abrangentes;0.0000000000;S
88.613.658/0001-10;2025-06-30;1;PETTENATI S.A. INDUSTRIA TEXTIL;009539;DF Individual - Demonstração das Mutações do Patrimônio Líquido;REAL;UNIDADE;ÚLTIMO;2024-07-01;2025-06-30;Reservas de Capital, Opções Outorgadas e Ações em Tesouraria;5.05.02;Outros Resultados Abrangentes;0.0000000000;S
88.613.658/0001-10;2025-06-30;1;PETTENATI S.A. INDUSTRIA TEXTIL;009539;DF Individual - Demonstração das Mutações do Patrimônio Líquido;REAL;UNIDADE;PENÚLTIMO;2023-07-01;2024-06-30;Reservas de Lucro;5.05.02;Outros Resultados Abrangentes;0.0000000000;S
88.613.658/0001-10;2025-06-30;1;PETTENATI S.A. INDUSTRIA TEXTIL;009539;DF Individual - Demonstração das Mutações do Patrimônio Líquido;REAL;UNIDADE;ÚLTIMO;2024-07-01;2025-06-30;Reservas de Lucro;5.05.02;Outros Resultados Abrangentes;0.0000000000;S
88.613.658/0001-10;2025-06-30;1;PETTENATI S.A. INDUSTRIA TEXTIL;009539;DF Individual - Demonstração das Mutações do Patrimônio Líquido;REAL;UNIDADE;PENÚLTIMO;2023-07-01;2024-06-30;Lucros ou Prejuízos Acumulados;5.05.02;Outros Resultados Abrangentes;285040.0000000000;S
88.613.658/0001-10;2025-06-30;1;PETTENATI S.A. INDUSTRIA TEXTIL;009539;DF Individual - Demonstração das Mutações do Patrimônio Líquido;REAL;UNIDADE;ÚLTIMO;2024-07-01;2025-06-30;Lucros ou Prejuízos Acumulados;5.05.02;Outros Resultados Abrangentes;372834.0000000000;S
88.613.658/0001-10;2025-06-30;1;PETTENATI S.A. INDUSTRIA TEXTIL;009539;DF Individual - Demonstração das Mutações do Patrimônio Líquido;REAL;UNIDADE;PENÚLTIMO;2023-07-01;2024-06-30;Outros Resultados Abrangentes;5.05.02;Outros Resultados Abrangentes;28218226.0000000000;S
88.613.658/0001-10;2025-06-30;1;PETTENATI S.A. INDUSTRIA TEXTIL;009539;DF Individual - Demonstração das Mutações do Patrimônio Líquido;REAL;UNIDADE;ÚLTIMO;2024-07-01;2025-06-30;Outros Resultados Abrangentes;5.05.02;Outros Resultados Abrangentes;-4440316.0000000000;S
88.613.658/0001-10;2025-06-30;1;PETTENATI S.A. INDUSTRIA TEXTIL;009539;DF Individual - Demonstração das Mutações do Patrimônio Líquido;REAL;UNIDADE;PENÚLTIMO;2023-07-01;2024-06-30;Patrimônio Líquido;5.05.02;Outros Resultados Abrangentes;28503266.0000000000;S
88.613.658/0001-10;2025-06-30;1;PETTENATI S.A. INDUSTRIA TEXTIL;009539;DF Individual - Demonstração das Mutações do Patrimônio Líquido;REAL;UNIDADE;ÚLTIMO;2024-07-01;2025-06-30;Patrimônio Líquido;5.05.02;Outros Resultados Abrangentes;-4067482.0000000000;S
88.613.658/0001-10;2025-06-30;1;PETTENATI S.A. INDUSTRIA TEXTIL;009539;DF Individual - Demonstração das Mutações do Patrimônio Líquido;REAL;UNIDADE;PENÚLTIMO;2023-07-01;2024-06-30;Capital Social Integralizado;5.05.02.01;Ajustes de Instrumentos Financeiros;0.0000000000;S
88.613.658/0001-10;2025-06-30;1;PETTENATI S.A. INDUSTRIA TEXTIL;009539;DF Individual - Demonstração das Mutações do Patrimônio Líquido;REAL;UNIDADE;ÚLTIMO;2024-07-01;2025-06-30;Capital Social Integralizado;5.05.02.01;Ajustes de Instrumentos Financeiros;0.0000000000;S
88.613.658/0001-10;2025-06-30;1;PETTENATI S.A. INDUSTRIA TEXTIL;009539;DF Individual - Demonstração das Mutações do Patrimônio Líquido;REAL;UNIDADE;PENÚLTIMO;2023-07-01;2024-06-30;Reservas de Capital, Opções Outorgadas e Ações em Tesouraria;5.05.02.01;Ajustes de Instrumentos Financeiros;0.0000000000;S
88.613.658/0001-10;2025-06-30;1;PETTENATI S.A. INDUSTRIA TEXTIL;009539;DF Individual - Demonstração das Mutações do Patrimônio Líquido;REAL;UNIDADE;ÚLTIMO;2024-07-01;2025-06-30;Reservas de Capital, Opções Outorgadas e Ações em Tesouraria;5.05.02.01;Ajustes de Instrumentos Financeiros;0.0000000000;S
88.613.658/0001-10;2025-06-30;1;PETTENATI S.A. INDUSTRIA TEXTIL;009539;DF Individual - Demonstração das Mutações do Patrimônio Líquido;REAL;UNIDADE;PENÚLTIMO;2023-07-01;2024-06-30;Reservas de Lucro;5.05.02.01;Ajustes de Instrumentos Financeiros;0.0000000000;S
88.613.658/0001-10;2025-06-30;1;PETTENATI S.A. INDUSTRIA TEXTIL;009539;DF Individual - Demonstração das Mutações do Patrimônio Líquido;REAL;UNIDADE;ÚLTIMO;2024-07-01;2025-06-30;Reservas de Lucro;5.05.02.01;Ajustes de Instrumentos Financeiros;0.0000000000;S
88.613.658/0001-10;2025-06-30;1;PETTENATI S.A. INDUSTRIA TEXTIL;009539;DF Individual - Demonstração das Mutações do Patrimônio Líquido;REAL;UNIDADE;PENÚLTIMO;2023-07-01;2024-06-30;Lucros ou Prejuízos Acumulados;5.05.02.01;Ajustes de Instrumentos Financeiros;0.0000000000;S
88.613.658/0001-10;2025-06-30;1;PETTENATI S.A. INDUSTRIA TEXTIL;009539;DF Individual - Demonstração das Mutações do Patrimônio Líquido;REAL;UNIDADE;ÚLTIMO;2024-07-01;2025-06-30;Lucros ou Prejuízos Acumulados;5.05.02.01;Ajustes de Instrumentos Financeiros;0.0000000000;S
88.613.658/0001-10;2025-06-30;1;PETTENATI S.A. INDUSTRIA TEXTIL;009539;DF Individual - Demonstração das Mutações do Patrimônio Líquido;REAL;UNIDADE;PENÚLTIMO;2023-07-01;2024-06-30;Outros Resultados Abrangentes;5.05.02.01;Ajustes de Instrumentos Financeiros;0.0000000000;S
88.613.658/0001-10;2025-06-30;1;PETTENATI S.A. INDUSTRIA TEXTIL;009539;DF Individual - Demonstração das Mutações do Patrimônio Líquido;REAL;UNIDADE;ÚLTIMO;2024-07-01;2025-06-30;Outros Resultados Abrangentes;5.05.02.01;Ajustes de Instrumentos Financeiros;0.0000000000;S
88.613.658/0001-10;2025-06-30;1;PETTENATI S.A. INDUSTRIA TEXTIL;009539;DF Individual - Demonstração das Mutações do Patrimônio Líquido;REAL;UNIDADE;PENÚLTIMO;2023-07-01;2024-06-30;Patrimônio Líquido;5.05.02.01;Ajustes de Instrumentos Financeiros;0.0000000000;S
88.613.658/0001-10;2025-06-30;1;PETTENATI S.A. INDUSTRIA TEXTIL;009539;DF Individual - Demonstração das Mutações do Patrimônio Líquido;REAL;UNIDADE;ÚLTIMO;2024-07-01;2025-06-30;Patrimônio Líquido;5.05.02.01;Ajustes de Instrumentos Financeiros;0.0000000000;S
88.613.658/0001-10;2025-06-30;1;PETTENATI S.A. INDUSTRIA TEXTIL;009539;DF Individual - Demonstração das Mutações do Patrimônio Líquido;REAL;UNIDADE;PENÚLTIMO;2023-07-01;2024-06-30;Capital Social Integralizado;5.05.02.02;Tributos s/ Ajustes Instrumentos Financeiros;0.0000000000;S
88.613.658/0001-10;2025-06-30;1;PETTENATI S.A. INDUSTRIA TEXTIL;009539;DF Individual - Demonstração das Mutações do Patrimônio Líquido;REAL;UNIDADE;ÚLTIMO;2024-07-01;2025-06-30;Capital Social Integralizado;5.05.02.02;Tributos s/ Ajustes Instrumentos Financeiros;0.0000000000;S
88.613.658/0001-10;2025-06-30;1;PETTENATI S.A. INDUSTRIA TEXTIL;009539;DF Individual - Demonstração das Mutações do Patrimônio Líquido;REAL;UNIDADE;PENÚLTIMO;2023-07-01;2024-06-30;Reservas de Capital, Opções Outorgadas e Ações em Tesouraria;5.05.02.02;Tributos s/ Ajustes Instrumentos Financeiros;0.0000000000;S
88.613.658/0001-10;2025-06-30;1;PETTENATI S.A. INDUSTRIA TEXTIL;009539;DF Individual - Demonstração das Mutações do Patrimônio Líquido;REAL;UNIDADE;ÚLTIMO;2024-07-01;2025-06-30;Reservas de Capital, Opções Outorgadas e Ações em Tesouraria;5.05.02.02;Tributos s/ Ajustes Instrumentos Financeiros;0.0000000000;S
88.613.658/0001-10;2025-06-30;1;PETTENATI S.A. INDUSTRIA TEXTIL;009539;DF Individual - Demonstração das Mutações do Patrimônio Líquido;REAL;UNIDADE;PENÚLTIMO;2023-07-01;2024-06-30;Reservas de Lucro;5.05.02.02;Tributos s/ Ajustes Instrumentos Financeiros;0.0000000000;S
88.613.658/0001-10;2025-06-30;1;PETTENATI S.A. INDUSTRIA TEXTIL;009539;DF Individual - Demonstração das Mutações do Patrimônio Líquido;REAL;UNIDADE;ÚLTIMO;2024-07-01;2025-06-30;Reservas de Lucro;5.05.02.02;Tributos s/ Ajustes Instrumentos Financeiros;0.0000000000;S
88.613.658/0001-10;2025-06-30;1;PETTENATI S.A. INDUSTRIA TEXTIL;009539;DF Individual - Demonstração das Mutações do Patrimônio Líquido;REAL;UNIDADE;PENÚLTIMO;2023-07-01;2024-06-30;Lucros ou Prejuízos Acumulados;5.05.02.02;Tributos s/ Ajustes Instrumentos Financeiros;0.0000000000;S
88.613.658/0001-10;2025-06-30;1;PETTENATI S.A. INDUSTRIA TEXTIL;009539;DF Individual - Demonstração das Mutações do Patrimônio Líquido;REAL;UNIDADE;ÚLTIMO;2024-07-01;2025-06-30;Lucros ou Prejuízos Acumulados;5.05.02.02;Tributos s/ Ajustes Instrumentos Financeiros;0.0000000000;S
88.613.658/0001-10;2025-06-30;1;PETTENATI S.A. INDUSTRIA TEXTIL;009539;DF Individual - Demonstração das Mutações do Patrimônio Líquido;REAL;UNIDADE;PENÚLTIMO;2023-07-01;2024-06-30;Outros Resultados Abrangentes;5.05.02.02;Tributos s/ Ajustes Instrumentos Financeiros;0.0000000000;S
88.613.658/0001-10;2025-06-30;1;PETTENATI S.A. INDUSTRIA TEXTIL;009539;DF Individual - Demonstração das Mutações do Patrimônio Líquido;REAL;UNIDADE;ÚLTIMO;2024-07-01;2025-06-30;Outros Resultados Abrangentes;5.05.02.02;Tributos s/ Ajustes Instrumentos Financeiros;0.0000000000;S
88.613.658/0001-10;2025-06-30;1;PETTENATI S.A. INDUSTRIA TEXTIL;009539;DF Individual - Demonstração das Mutações do Patrimônio Líquido;REAL;UNIDADE;PENÚLTIMO;2023-07-01;2024-06-30;Patrimônio Líquido;5.05.02.02;Tributos s/ Ajustes Instrumentos Financeiros;0.0000000000;S
88.613.658/0001-10;2025-06-30;1;PETTENATI S.A. INDUSTRIA TEXTIL;009539;DF Individual - Demonstração das Mutações do Patrimônio Líquido;REAL;UNIDADE;ÚLTIMO;2024-07-01;2025-06-30;Patrimônio Líquido;5.05.02.02;Tributos s/ Ajustes Instrumentos Financeiros;0.0000000000;S
88.613.658/0001-10;2025-06-30;1;PETTENATI S.A. INDUSTRIA TEXTIL;009539;DF Individual - Demonstração das Mutações do Patrimônio Líquido;REAL;UNIDADE;PENÚLTIMO;2023-07-01;2024-06-30;Capital Social Integralizado;5.05.02.03;Equiv. Patrim. s/Result. Abrang. Controladas e Coligadas;0.0000000000;S
88.613.658/0001-10;2025-06-30;1;PETTENATI S.A. INDUSTRIA TEXTIL;009539;DF Individual - Demonstração das Mutações do Patrimônio Líquido;REAL;UNIDADE;ÚLTIMO;2024-07-01;2025-06-30;Capital Social Integralizado;5.05.02.03;Equiv. Patrim. s/Result. Abrang. Controladas e Coligadas;0.0000000000;S
88.613.658/0001-10;2025-06-30;1;PETTENATI S.A. INDUSTRIA TEXTIL;009539;DF Individual - Demonstração das Mutações do Patrimônio Líquido;REAL;UNIDADE;PENÚLTIMO;2023-07-01;2024-06-30;Reservas de Capital, Opções Outorgadas e Ações em Tesouraria;5.05.02.03;Equiv. Patrim. s/Result. Abrang. Controladas e Coligadas;0.0000000000;S
88.613.658/0001-10;2025-06-30;1;PETTENATI S.A. INDUSTRIA TEXTIL;009539;DF Individual - Demonstração das Mutações do Patrimônio Líquido;REAL;UNIDADE;ÚLTIMO;2024-07-01;2025-06-30;Reservas de Capital, Opções Outorgadas e Ações em Tesouraria;5.05.02.03;Equiv. Patrim. s/Result. Abrang. Controladas e Coligadas;0.0000000000;S
88.613.658/0001-10;2025-06-30;1;PETTENATI S.A. INDUSTRIA TEXTIL;009539;DF Individual - Demonstração das Mutações do Patrimônio Líquido;REAL;UNIDADE;PENÚLTIMO;2023-07-01;2024-06-30;Reservas de Lucro;5.05.02.03;Equiv. Patrim. s/Result. Abrang. Controladas e Coligadas;0.0000000000;S
88.613.658/0001-10;2025-06-30;1;PETTENATI S.A. INDUSTRIA TEXTIL;009539;DF Individual - Demonstração das Mutações do Patrimônio Líquido;REAL;UNIDADE;ÚLTIMO;2024-07-01;2025-06-30;Reservas de Lucro;5.05.02.03;Equiv. Patrim. s/Result. Abrang. Controladas e Coligadas;0.0000000000;S
88.613.658/0001-10;2025-06-30;1;PETTENATI S.A. INDUSTRIA TEXTIL;009539;DF Individual - Demonstração das Mutações do Patrimônio Líquido;REAL;UNIDADE;PENÚLTIMO;2023-07-01;2024-06-30;Lucros ou Prejuízos Acumulados;5.05.02.03;Equiv. Patrim. s/Result. Abrang. Controladas e Coligadas;0.0000000000;S
88.613.658/0001-10;2025-06-30;1;PETTENATI S.A. INDUSTRIA TEXTIL;009539;DF Individual - Demonstração das Mutações do Patrimônio Líquido;REAL;UNIDADE;ÚLTIMO;2024-07-01;2025-06-30;Lucros ou Prejuízos Acumulados;5.05.02.03;Equiv. Patrim. s/Result. Abrang. Controladas e Coligadas;0.0000000000;S
88.613.658/0001-10;2025-06-30;1;PETTENATI S.A. INDUSTRIA TEXTIL;009539;DF Individual - Demonstração das Mutações do Patrimônio Líquido;REAL;UNIDADE;PENÚLTIMO;2023-07-01;2024-06-30;Outros Resultados Abrangentes;5.05.02.03;Equiv. Patrim. s/Result. Abrang. Controladas e Coligadas;0.0000000000;S
88.613.658/0001-10;2025-06-30;1;PETTENATI S.A. INDUSTRIA TEXTIL;009539;DF Individual - Demonstração das Mutações do Patrimônio Líquido;REAL;UNIDADE;ÚLTIMO;2024-07-01;2025-06-30;Outros Resultados Abrangentes;5.05.02.03;Equiv. Patrim. s/Result. Abrang. Controladas e Coligadas;0.0000000000;S
88.613.658/0001-10;2025-06-30;1;PETTENATI S.A. INDUSTRIA TEXTIL;009539;DF Individual - Demonstração das Mutações do Patrimônio Líquido;REAL;UNIDADE;PENÚLTIMO;2023-07-01;2024-06-30;Patrimônio Líquido;5.05.02.03;Equiv. Patrim. s/Result. Abrang. Controladas e Coligadas;0.0000000000;S
88.613.658/0001-10;2025-06-30;1;PETTENATI S.A. INDUSTRIA TEXTIL;009539;DF Individual - Demonstração das Mutações do Patrimônio Líquido;REAL;UNIDADE;ÚLTIMO;2024-07-01;2025-06-30;Patrimônio Líquido;5.05.02.03;Equiv. Patrim. s/Result. Abrang. Controladas e Coligadas;0.0000000000;S
88.613.658/0001-10;2025-06-30;1;PETTENATI S.A. INDUSTRIA TEXTIL;009539;DF Individual - Demonstração das Mutações do Patrimônio Líquido;REAL;UNIDADE;PENÚLTIMO;2023-07-01;2024-06-30;Capital Social Integralizado;5.05.02.04;Ajustes de Conversão do Período;0.0000000000;S
88.613.658/0001-10;2025-06-30;1;PETTENATI S.A. INDUSTRIA TEXTIL;009539;DF Individual - Demonstração das Mutações do Patrimônio Líquido;REAL;UNIDADE;ÚLTIMO;2024-07-01;2025-06-30;Capital Social Integralizado;5.05.02.04;Ajustes de Conversão do Período;0.0000000000;S
88.613.658/0001-10;2025-06-30;1;PETTENATI S.A. INDUSTRIA TEXTIL;009539;DF Individual - Demonstração das Mutações do Patrimônio Líquido;REAL;UNIDADE;PENÚLTIMO;2023-07-01;2024-06-30;Reservas de Capital, Opções Outorgadas e Ações em Tesouraria;5.05.02.04;Ajustes de Conversão do Período;0.0000000000;S
88.613.658/0001-10;2025-06-30;1;PETTENATI S.A. INDUSTRIA TEXTIL;009539;DF Individual - Demonstração das Mutações do Patrimônio Líquido;REAL;UNIDADE;ÚLTIMO;2024-07-01;2025-06-30;Reservas de Capital, Opções Outorgadas e Ações em Tesouraria;5.05.02.04;Ajustes de Conversão do Período;0.0000000000;S
88.613.658/0001-10;2025-06-30;1;PETTENATI S.A. INDUSTRIA TEXTIL;009539;DF Individual - Demonstração das Mutações do Patrimônio Líquido;REAL;UNIDADE;PENÚLTIMO;2023-07-01;2024-06-30;Reservas de Lucro;5.05.02.04;Ajustes de Conversão do Período;0.0000000000;S
88.613.658/0001-10;2025-06-30;1;PETTENATI S.A. INDUSTRIA TEXTIL;009539;DF Individual - Demonstração das Mutações do Patrimônio Líquido;REAL;UNIDADE;ÚLTIMO;2024-07-01;2025-06-30;Reservas de Lucro;5.05.02.04;Ajustes de Conversão do Período;0.0000000000;S
88.613.658/0001-10;2025-06-30;1;PETTENATI S.A. INDUSTRIA TEXTIL;009539;DF Individual - Demonstração das Mutações do Patrimônio Líquido;REAL;UNIDADE;PENÚLTIMO;2023-07-01;2024-06-30;Lucros ou Prejuízos Acumulados;5.05.02.04;Ajustes de Conversão do Período;0.0000000000;S
88.613.658/0001-10;2025-06-30;1;PETTENATI S.A. INDUSTRIA TEXTIL;009539;DF Individual - Demonstração das Mutações do Patrimônio Líquido;REAL;UNIDADE;ÚLTIMO;2024-07-01;2025-06-30;Lucros ou Prejuízos Acumulados;5.05.02.04;Ajustes de Conversão do Período;0.0000000000;S
88.613.658/0001-10;2025-06-30;1;PETTENATI S.A. INDUSTRIA TEXTIL;009539;DF Individual - Demonstração das Mutações do Patrimônio Líquido;REAL;UNIDADE;PENÚLTIMO;2023-07-01;2024-06-30;Outros Resultados Abrangentes;5.05.02.04;Ajustes de Conversão do Período;0.0000000000;S
88.613.658/0001-10;2025-06-30;1;PETTENATI S.A. INDUSTRIA TEXTIL;009539;DF Individual - Demonstração das Mutações do Patrimônio Líquido;REAL;UNIDADE;ÚLTIMO;2024-07-01;2025-06-30;Outros Resultados Abrangentes;5.05.02.04;Ajustes de Conversão do Período;0.0000000000;S
88.613.658/0001-10;2025-06-30;1;PETTENATI S.A. INDUSTRIA TEXTIL;009539;DF Individual - Demonstração das Mutações do Patrimônio Líquido;REAL;UNIDADE;PENÚLTIMO;2023-07-01;2024-06-30;Patrimônio Líquido;5.05.02.04;Ajustes de Conversão do Período;0.0000000000;S
88.613.658/0001-10;2025-06-30;1;PETTENATI S.A. INDUSTRIA TEXTIL;009539;DF Individual - Demonstração das Mutações do Patrimônio Líquido;REAL;UNIDADE;ÚLTIMO;2024-07-01;2025-06-30;Patrimônio Líquido;5.05.02.04;Ajustes de Conversão do Período;0.0000000000;S
88.613.658/0001-10;2025-06-30;1;PETTENATI S.A. INDUSTRIA TEXTIL;009539;DF Individual - Demonstração das Mutações do Patrimônio Líquido;REAL;UNIDADE;PENÚLTIMO;2023-07-01;2024-06-30;Capital Social Integralizado;5.05.02.05;Tributos s/ Ajustes de Conversão do Período;0.0000000000;S
88.613.658/0001-10;2025-06-30;1;PETTENATI S.A. INDUSTRIA TEXTIL;009539;DF Individual - Demonstração das Mutações do Patrimônio Líquido;REAL;UNIDADE;ÚLTIMO;2024-07-01;2025-06-30;Capital Social Integralizado;5.05.02.05;Tributos s/ Ajustes de Conversão do Período;0.0000000000;S
88.613.658/0001-10;2025-06-30;1;PETTENATI S.A. INDUSTRIA TEXTIL;009539;DF Individual - Demonstração das Mutações do Patrimônio Líquido;REAL;UNIDADE;PENÚLTIMO;2023-07-01;2024-06-30;Reservas de Capital, Opções Outorgadas e Ações em Tesouraria;5.05.02.05;Tributos s/ Ajustes de Conversão do Período;0.0000000000;S
88.613.658/0001-10;2025-06-30;1;PETTENATI S.A. INDUSTRIA TEXTIL;009539;DF Individual - Demonstração das Mutações do Patrimônio Líquido;REAL;UNIDADE;ÚLTIMO;2024-07-01;2025-06-30;Reservas de Capital, Opções Outorgadas e Ações em Tesouraria;5.05.02.05;Tributos s/ Ajustes de Conversão do Período;0.0000000000;S
88.613.658/0001-10;2025-06-30;1;PETTENATI S.A. INDUSTRIA TEXTIL;009539;DF Individual - Demonstração das Mutações do Patrimônio Líquido;REAL;UNIDADE;PENÚLTIMO;2023-07-01;2024-06-30;Reservas de Lucro;5.05.02.05;Tributos s/ Ajustes de Conversão do Período;0.0000000000;S
88.613.658/0001-10;2025-06-30;1;PETTENATI S.A. INDUSTRIA TEXTIL;009539;DF Individual - Demonstração das Mutações do Patrimônio Líquido;REAL;UNIDADE;ÚLTIMO;2024-07-01;2025-06-30;Reservas de Lucro;5.05.02.05;Tributos s/ Ajustes de Conversão do Período;0.0000000000;S
88.613.658/0001-10;2025-06-30;1;PETTENATI S.A. INDUSTRIA TEXTIL;009539;DF Individual - Demonstração das Mutações do Patrimônio Líquido;REAL;UNIDADE;PENÚLTIMO;2023-07-01;2024-06-30;Lucros ou Prejuízos Acumulados;5.05.02.05;Tributos s/ Ajustes de Conversão do Período;0.0000000000;S
88.613.658/0001-10;2025-06-30;1;PETTENATI S.A. INDUSTRIA TEXTIL;009539;DF Individual - Demonstração das Mutações do Patrimônio Líquido;REAL;UNIDADE;ÚLTIMO;2024-07-01;2025-06-30;Lucros ou Prejuízos Acumulados;5.05.02.05;Tributos s/ Ajustes de Conversão do Período;0.0000000000;S
88.613.658/0001-10;2025-06-30;1;PETTENATI S.A. INDUSTRIA TEXTIL;009539;DF Individual - Demonstração das Mutações do Patrimônio Líquido;REAL;UNIDADE;PENÚLTIMO;2023-07-01;2024-06-30;Outros Resultados Abrangentes;5.05.02.05;Tributos s/ Ajustes de Conversão do Período;0.0000000000;S
88.613.658/0001-10;2025-06-30;1;PETTENATI S.A. INDUSTRIA TEXTIL;009539;DF Individual - Demonstração das Mutações do Patrimônio Líquido;REAL;UNIDADE;ÚLTIMO;2024-07-01;2025-06-30;Outros Resultados Abrangentes;5.05.02.05;Tributos s/ Ajustes de Conversão do Período;0.0000000000;S
88.613.658/0001-10;2025-06-30;1;PETTENATI S.A. INDUSTRIA TEXTIL;009539;DF Individual - Demonstração das Mutações do Patrimônio Líquido;REAL;UNIDADE;PENÚLTIMO;2023-07-01;2024-06-30;Patrimônio Líquido;5.05.02.05;Tributos s/ Ajustes de Conversão do Período;0.0000000000;S
88.613.658/0001-10;2025-06-30;1;PETTENATI S.A. INDUSTRIA TEXTIL;009539;DF Individual - Demonstração das Mutações do Patrimônio Líquido;REAL;UNIDADE;ÚLTIMO;2024-07-01;2025-06-30;Patrimônio Líquido;5.05.02.05;Tributos s/ Ajustes de Conversão do Período;0.0000000000;S
88.613.658/0001-10;2025-06-30;1;PETTENATI S.A. INDUSTRIA TEXTIL;009539;DF Individual - Demonstração das Mutações do Patrimônio Líquido;REAL;UNIDADE;PENÚLTIMO;2023-07-01;2024-06-30;Capital Social Integralizado;5.05.02.06;Realização do Custo Atribuído;0.0000000000;N
88.613.658/0001-10;2025-06-30;1;PETTENATI S.A. INDUSTRIA TEXTIL;009539;DF Individual - Demonstração das Mutações do Patrimônio Líquido;REAL;UNIDADE;ÚLTIMO;2024-07-01;2025-06-30;Capital Social Integralizado;5.05.02.06;Realização do Custo Atribuído;0.0000000000;N
88.613.658/0001-10;2025-06-30;1;PETTENATI S.A. INDUSTRIA TEXTIL;009539;DF Individual - Demonstração das Mutações do Patrimônio Líquido;REAL;UNIDADE;PENÚLTIMO;2023-07-01;2024-06-30;Reservas de Capital, Opções Outorgadas e Ações em Tesouraria;5.05.02.06;Realização do Custo Atribuído;0.0000000000;N
88.613.658/0001-10;2025-06-30;1;PETTENATI S.A. INDUSTRIA TEXTIL;009539;DF Individual - Demonstração das Mutações do Patrimônio Líquido;REAL;UNIDADE;ÚLTIMO;2024-07-01;2025-06-30;Reservas de Capital, Opções Outorgadas e Ações em Tesouraria;5.05.02.06;Realização do Custo Atribuído;0.0000000000;N
88.613.658/0001-10;2025-06-30;1;PETTENATI S.A. INDUSTRIA TEXTIL;009539;DF Individual - Demonstração das Mutações do Patrimônio Líquido;REAL;UNIDADE;PENÚLTIMO;2023-07-01;2024-06-30;Reservas de Lucro;5.05.02.06;Realização do Custo Atribuído;0.0000000000;N
88.613.658/0001-10;2025-06-30;1;PETTENATI S.A. INDUSTRIA TEXTIL;009539;DF Individual - Demonstração das Mutações do Patrimônio Líquido;REAL;UNIDADE;ÚLTIMO;2024-07-01;2025-06-30;Reservas de Lucro;5.05.02.06;Realização do Custo Atribuído;0.0000000000;N
88.613.658/0001-10;2025-06-30;1;PETTENATI S.A. INDUSTRIA TEXTIL;009539;DF Individual - Demonstração das Mutações do Patrimônio Líquido;REAL;UNIDADE;PENÚLTIMO;2023-07-01;2024-06-30;Lucros ou Prejuízos Acumulados;5.05.02.06;Realização do Custo Atribuído;285040.0000000000;N
88.613.658/0001-10;2025-06-30;1;PETTENATI S.A. INDUSTRIA TEXTIL;009539;DF Individual - Demonstração das Mutações do Patrimônio Líquido;REAL;UNIDADE;ÚLTIMO;2024-07-01;2025-06-30;Lucros ou Prejuízos Acumulados;5.05.02.06;Realização do Custo Atribuído;372834.0000000000;N
88.613.658/0001-10;2025-06-30;1;PETTENATI S.A. INDUSTRIA TEXTIL;009539;DF Individual - Demonstração das Mutações do Patrimônio Líquido;REAL;UNIDADE;PENÚLTIMO;2023-07-01;2024-06-30;Outros Resultados Abrangentes;5.05.02.06;Realização do Custo Atribuído;-285040.0000000000;N
88.613.658/0001-10;2025-06-30;1;PETTENATI S.A. INDUSTRIA TEXTIL;009539;DF Individual - Demonstração das Mutações do Patrimônio Líquido;REAL;UNIDADE;ÚLTIMO;2024-07-01;2025-06-30;Outros Resultados Abrangentes;5.05.02.06;Realização do Custo Atribuído;-372834.0000000000;N
88.613.658/0001-10;2025-06-30;1;PETTENATI S.A. INDUSTRIA TEXTIL;009539;DF Individual - Demonstração das Mutações do Patrimônio Líquido;REAL;UNIDADE;PENÚLTIMO;2023-07-01;2024-06-30;Patrimônio Líquido;5.05.02.06;Realização do Custo Atribuído;0.0000000000;N
88.613.658/0001-10;2025-06-30;1;PETTENATI S.A. INDUSTRIA TEXTIL;009539;DF Individual - Demonstração das Mutações do Patrimônio Líquido;REAL;UNIDADE;ÚLTIMO;2024-07-01;2025-06-30;Patrimônio Líquido;5.05.02.06;Realização do Custo Atribuído;0.0000000000;N
88.613.658/0001-10;2025-06-30;1;PETTENATI S.A. INDUSTRIA TEXTIL;009539;DF Individual - Demonstração das Mutações do Patrimônio Líquido;REAL;UNIDADE;PENÚLTIMO;2023-07-01;2024-06-30;Capital Social Integralizado;5.05.02.07;Variação Cambial de Investimentos no Exterior;0.0000000000;N
88.613.658/0001-10;2025-06-30;1;PETTENATI S.A. INDUSTRIA TEXTIL;009539;DF Individual - Demonstração das Mutações do Patrimônio Líquido;REAL;UNIDADE;ÚLTIMO;2024-07-01;2025-06-30;Capital Social Integralizado;5.05.02.07;Variação Cambial de Investimentos no Exterior;0.0000000000;N
88.613.658/0001-10;2025-06-30;1;PETTENATI S.A. INDUSTRIA TEXTIL;009539;DF Individual - Demonstração das Mutações do Patrimônio Líquido;REAL;UNIDADE;PENÚLTIMO;2023-07-01;2024-06-30;Reservas de Capital, Opções Outorgadas e Ações em Tesouraria;5.05.02.07;Variação Cambial de Investimentos no Exterior;0.0000000000;N
88.613.658/0001-10;2025-06-30;1;PETTENATI S.A. INDUSTRIA TEXTIL;009539;DF Individual - Demonstração das Mutações do Patrimônio Líquido;REAL;UNIDADE;ÚLTIMO;2024-07-01;2025-06-30;Reservas de Capital, Opções Outorgadas e Ações em Tesouraria;5.05.02.07;Variação Cambial de Investimentos no Exterior;0.0000000000;N
88.613.658/0001-10;2025-06-30;1;PETTENATI S.A. INDUSTRIA TEXTIL;009539;DF Individual - Demonstração das Mutações do Patrimônio Líquido;REAL;UNIDADE;PENÚLTIMO;2023-07-01;2024-06-30;Reservas de Lucro;5.05.02.07;Variação Cambial de Investimentos no Exterior;0.0000000000;N
88.613.658/0001-10;2025-06-30;1;PETTENATI S.A. INDUSTRIA TEXTIL;009539;DF Individual - Demonstração das Mutações do Patrimônio Líquido;REAL;UNIDADE;ÚLTIMO;2024-07-01;2025-06-30;Reservas de Lucro;5.05.02.07;Variação Cambial de Investimentos no Exterior;0.0000000000;N
88.613.658/0001-10;2025-06-30;1;PETTENATI S.A. INDUSTRIA TEXTIL;009539;DF Individual - Demonstração das Mutações do Patrimônio Líquido;REAL;UNIDADE;PENÚLTIMO;2023-07-01;2024-06-30;Lucros ou Prejuízos Acumulados;5.05.02.07;Variação Cambial de Investimentos no Exterior;0.0000000000;N
88.613.658/0001-10;2025-06-30;1;PETTENATI S.A. INDUSTRIA TEXTIL;009539;DF Individual - Demonstração das Mutações do Patrimônio Líquido;REAL;UNIDADE;ÚLTIMO;2024-07-01;2025-06-30;Lucros ou Prejuízos Acumulados;5.05.02.07;Variação Cambial de Investimentos no Exterior;0.0000000000;N
88.613.658/0001-10;2025-06-30;1;PETTENATI S.A. INDUSTRIA TEXTIL;009539;DF Individual - Demonstração das Mutações do Patrimônio Líquido;REAL;UNIDADE;PENÚLTIMO;2023-07-01;2024-06-30;Outros Resultados Abrangentes;5.05.02.07;Variação Cambial de Investimentos no Exterior;28503266.0000000000;N
88.613.658/0001-10;2025-06-30;1;PETTENATI S.A. INDUSTRIA TEXTIL;009539;DF Individual - Demonstração das Mutações do Patrimônio Líquido;REAL;UNIDADE;ÚLTIMO;2024-07-01;2025-06-30;Outros Resultados Abrangentes;5.05.02.07;Variação Cambial de Investimentos no Exterior;-4067482.0000000000;N
88.613.658/0001-10;2025-06-30;1;PETTENATI S.A. INDUSTRIA TEXTIL;009539;DF Individual - Demonstração das Mutações do Patrimônio Líquido;REAL;UNIDADE;PENÚLTIMO;2023-07-01;2024-06-30;Patrimônio Líquido;5.05.02.07;Variação Cambial de Investimentos no Exterior;28503266.0000000000;N
88.613.658/0001-10;2025-06-30;1;PETTENATI S.A. INDUSTRIA TEXTIL;009539;DF Individual - Demonstração das Mutações do Patrimônio Líquido;REAL;UNIDADE;ÚLTIMO;2024-07-01;2025-06-30;Patrimônio Líquido;5.05.02.07;Variação Cambial de Investimentos no Exterior;-4067482.0000000000;N
88.613.658/0001-10;2025-06-30;1;PETTENATI S.A. INDUSTRIA TEXTIL;009539;DF Individual - Demonstração das Mutações do Patrimônio Líquido;REAL;UNIDADE;PENÚLTIMO;2023-07-01;2024-06-30;Capital Social Integralizado;5.05.03;Reclassificações para o Resultado;0.0000000000;S
88.613.658/0001-10;2025-06-30;1;PETTENATI S.A. INDUSTRIA TEXTIL;009539;DF Individual - Demonstração das Mutações do Patrimônio Líquido;REAL;UNIDADE;ÚLTIMO;2024-07-01;2025-06-30;Capital Social Integralizado;5.05.03;Reclassificações para o Resultado;0.0000000000;S
88.613.658/0001-10;2025-06-30;1;PETTENATI S.A. INDUSTRIA TEXTIL;009539;DF Individual - Demonstração das Mutações do Patrimônio Líquido;REAL;UNIDADE;PENÚLTIMO;2023-07-01;2024-06-30;Reservas de Capital, Opções Outorgadas e Ações em Tesouraria;5.05.03;Reclassificações para o Resultado;0.0000000000;S
88.613.658/0001-10;2025-06-30;1;PETTENATI S.A. INDUSTRIA TEXTIL;009539;DF Individual - Demonstração das Mutações do Patrimônio Líquido;REAL;UNIDADE;ÚLTIMO;2024-07-01;2025-06-30;Reservas de Capital, Opções Outorgadas e Ações em Tesouraria;5.05.03;Reclassificações para o Resultado;0.0000000000;S
88.613.658/0001-10;2025-06-30;1;PETTENATI S.A. INDUSTRIA TEXTIL;009539;DF Individual - Demonstração das Mutações do Patrimônio Líquido;REAL;UNIDADE;PENÚLTIMO;2023-07-01;2024-06-30;Reservas de Lucro;5.05.03;Reclassificações para o Resultado;0.0000000000;S
88.613.658/0001-10;2025-06-30;1;PETTENATI S.A. INDUSTRIA TEXTIL;009539;DF Individual - Demonstração das Mutações do Patrimônio Líquido;REAL;UNIDADE;ÚLTIMO;2024-07-01;2025-06-30;Reservas de Lucro;5.05.03;Reclassificações para o Resultado;0.0000000000;S
88.613.658/0001-10;2025-06-30;1;PETTENATI S.A. INDUSTRIA TEXTIL;009539;DF Individual - Demonstração das Mutações do Patrimônio Líquido;REAL;UNIDADE;PENÚLTIMO;2023-07-01;2024-06-30;Lucros ou Prejuízos Acumulados;5.05.03;Reclassificações para o Resultado;0.0000000000;S
88.613.658/0001-10;2025-06-30;1;PETTENATI S.A. INDUSTRIA TEXTIL;009539;DF Individual - Demonstração das Mutações do Patrimônio Líquido;REAL;UNIDADE;ÚLTIMO;2024-07-01;2025-06-30;Lucros ou Prejuízos Acumulados;5.05.03;Reclassificações para o Resultado;0.0000000000;S
88.613.658/0001-10;2025-06-30;1;PETTENATI S.A. INDUSTRIA TEXTIL;009539;DF Individual - Demonstração das Mutações do Patrimônio Líquido;REAL;UNIDADE;PENÚLTIMO;2023-07-01;2024-06-30;Outros Resultados Abrangentes;5.05.03;Reclassificações para o Resultado;0.0000000000;S
88.613.658/0001-10;2025-06-30;1;PETTENATI S.A. INDUSTRIA TEXTIL;009539;DF Individual - Demonstração das Mutações do Patrimônio Líquido;REAL;UNIDADE;ÚLTIMO;2024-07-01;2025-06-30;Outros Resultados Abrangentes;5.05.03;Reclassificações para o Resultado;0.0000000000;S
88.613.658/0001-10;2025-06-30;1;PETTENATI S.A. INDUSTRIA TEXTIL;009539;DF Individual - Demonstração das Mutações do Patrimônio Líquido;REAL;UNIDADE;PENÚLTIMO;2023-07-01;2024-06-30;Patrimônio Líquido;5.05.03;Reclassificações para o Resultado;0.0000000000;S
88.613.658/0001-10;2025-06-30;1;PETTENATI S.A. INDUSTRIA TEXTIL;009539;DF Individual - Demonstração das Mutações do Patrimônio Líquido;REAL;UNIDADE;ÚLTIMO;2024-07-01;2025-06-30;Patrimônio Líquido;5.05.03;Reclassificações para o Resultado;0.0000000000;S
88.613.658/0001-10;2025-06-30;1;PETTENATI S.A. INDUSTRIA TEXTIL;009539;DF Individual - Demonstração das Mutações do Patrimônio Líquido;REAL;UNIDADE;PENÚLTIMO;2023-07-01;2024-06-30;Capital Social Integralizado;5.05.03.01;Ajustes de Instrumentos Financeiros;0.0000000000;S
88.613.658/0001-10;2025-06-30;1;PETTENATI S.A. INDUSTRIA TEXTIL;009539;DF Individual - Demonstração das Mutações do Patrimônio Líquido;REAL;UNIDADE;ÚLTIMO;2024-07-01;2025-06-30;Capital Social Integralizado;5.05.03.01;Ajustes de Instrumentos Financeiros;0.0000000000;S
88.613.658/0001-10;2025-06-30;1;PETTENATI S.A. INDUSTRIA TEXTIL;009539;DF Individual - Demonstração das Mutações do Patrimônio Líquido;REAL;UNIDADE;PENÚLTIMO;2023-07-01;2024-06-30;Reservas de Capital, Opções Outorgadas e Ações em Tesouraria;5.05.03.01;Ajustes de Instrumentos Financeiros;0.0000000000;S
88.613.658/0001-10;2025-06-30;1;PETTENATI S.A. INDUSTRIA TEXTIL;009539;DF Individual - Demonstração das Mutações do Patrimônio Líquido;REAL;UNIDADE;ÚLTIMO;2024-07-01;2025-06-30;Reservas de Capital, Opções Outorgadas e Ações em Tesouraria;5.05.03.01;Ajustes de Instrumentos Financeiros;0.0000000000;S
88.613.658/0001-10;2025-06-30;1;PETTENATI S.A. INDUSTRIA TEXTIL;009539;DF Individual - Demonstração das Mutações do Patrimônio Líquido;REAL;UNIDADE;PENÚLTIMO;2023-07-01;2024-06-30;Reservas de Lucro;5.05.03.01;Ajustes de Instrumentos Financeiros;0.0000000000;S
88.613.658/0001-10;2025-06-30;1;PETTENATI S.A. INDUSTRIA TEXTIL;009539;DF Individual - Demonstração das Mutações do Patrimônio Líquido;REAL;UNIDADE;ÚLTIMO;2024-07-01;2025-06-30;Reservas de Lucro;5.05.03.01;Ajustes de Instrumentos Financeiros;0.0000000000;S
88.613.658/0001-10;2025-06-30;1;PETTENATI S.A. INDUSTRIA TEXTIL;009539;DF Individual - Demonstração das Mutações do Patrimônio Líquido;REAL;UNIDADE;PENÚLTIMO;2023-07-01;2024-06-30;Lucros ou Prejuízos Acumulados;5.05.03.01;Ajustes de Instrumentos Financeiros;0.0000000000;S
88.613.658/0001-10;2025-06-30;1;PETTENATI S.A. INDUSTRIA TEXTIL;009539;DF Individual - Demonstração das Mutações do Patrimônio Líquido;REAL;UNIDADE;ÚLTIMO;2024-07-01;2025-06-30;Lucros ou Prejuízos Acumulados;5.05.03.01;Ajustes de Instrumentos Financeiros;0.0000000000;S
88.613.658/0001-10;2025-06-30;1;PETTENATI S.A. INDUSTRIA TEXTIL;009539;DF Individual - Demonstração das Mutações do Patrimônio Líquido;REAL;UNIDADE;PENÚLTIMO;2023-07-01;2024-06-30;Outros Resultados Abrangentes;5.05.03.01;Ajustes de Instrumentos Financeiros;0.0000000000;S
88.613.658/0001-10;2025-06-30;1;PETTENATI S.A. INDUSTRIA TEXTIL;009539;DF Individual - Demonstração das Mutações do Patrimônio Líquido;REAL;UNIDADE;ÚLTIMO;2024-07-01;2025-06-30;Outros Resultados Abrangentes;5.05.03.01;Ajustes de Instrumentos Financeiros;0.0000000000;S
88.613.658/0001-10;2025-06-30;1;PETTENATI S.A. INDUSTRIA TEXTIL;009539;DF Individual - Demonstração das Mutações do Patrimônio Líquido;REAL;UNIDADE;PENÚLTIMO;2023-07-01;2024-06-30;Patrimônio Líquido;5.05.03.01;Ajustes de Instrumentos Financeiros;0.0000000000;S
88.613.658/0001-10;2025-06-30;1;PETTENATI S.A. INDUSTRIA TEXTIL;009539;DF Individual - Demonstração das Mutações do Patrimônio Líquido;REAL;UNIDADE;ÚLTIMO;2024-07-01;2025-06-30;Patrimônio Líquido;5.05.03.01;Ajustes de Instrumentos Financeiros;0.0000000000;S
88.613.658/0001-10;2025-06-30;1;PETTENATI S.A. INDUSTRIA TEXTIL;009539;DF Individual - Demonstração das Mutações do Patrimônio Líquido;REAL;UNIDADE;PENÚLTIMO;2023-07-01;2024-06-30;Capital Social Integralizado;5.06;Mutações Internas do Patrimônio Líquido;0.0000000000;S
88.613.658/0001-10;2025-06-30;1;PETTENATI S.A. INDUSTRIA TEXTIL;009539;DF Individual - Demonstração das Mutações do Patrimônio Líquido;REAL;UNIDADE;ÚLTIMO;2024-07-01;2025-06-30;Capital Social Integralizado;5.06;Mutações Internas do Patrimônio Líquido;0.0000000000;S
88.613.658/0001-10;2025-06-30;1;PETTENATI S.A. INDUSTRIA TEXTIL;009539;DF Individual - Demonstração das Mutações do Patrimônio Líquido;REAL;UNIDADE;PENÚLTIMO;2023-07-01;2024-06-30;Reservas de Capital, Opções Outorgadas e Ações em Tesouraria;5.06;Mutações Internas do Patrimônio Líquido;0.0000000000;S
88.613.658/0001-10;2025-06-30;1;PETTENATI S.A. INDUSTRIA TEXTIL;009539;DF Individual - Demonstração das Mutações do Patrimônio Líquido;REAL;UNIDADE;ÚLTIMO;2024-07-01;2025-06-30;Reservas de Capital, Opções Outorgadas e Ações em Tesouraria;5.06;Mutações Internas do Patrimônio Líquido;0.0000000000;S
88.613.658/0001-10;2025-06-30;1;PETTENATI S.A. INDUSTRIA TEXTIL;009539;DF Individual - Demonstração das Mutações do Patrimônio Líquido;REAL;UNIDADE;PENÚLTIMO;2023-07-01;2024-06-30;Reservas de Lucro;5.06;Mutações Internas do Patrimônio Líquido;6561730.0000000000;S
88.613.658/0001-10;2025-06-30;1;PETTENATI S.A. INDUSTRIA TEXTIL;009539;DF Individual - Demonstração das Mutações do Patrimônio Líquido;REAL;UNIDADE;ÚLTIMO;2024-07-01;2025-06-30;Reservas de Lucro;5.06;Mutações Internas do Patrimônio Líquido;30133792.0000000000;S
88.613.658/0001-10;2025-06-30;1;PETTENATI S.A. INDUSTRIA TEXTIL;009539;DF Individual - Demonstração das Mutações do Patrimônio Líquido;REAL;UNIDADE;PENÚLTIMO;2023-07-01;2024-06-30;Lucros ou Prejuízos Acumulados;5.06;Mutações Internas do Patrimônio Líquido;-13210073.0000000000;S
88.613.658/0001-10;2025-06-30;1;PETTENATI S.A. INDUSTRIA TEXTIL;009539;DF Individual - Demonstração das Mutações do Patrimônio Líquido;REAL;UNIDADE;ÚLTIMO;2024-07-01;2025-06-30;Lucros ou Prejuízos Acumulados;5.06;Mutações Internas do Patrimônio Líquido;-30133792.0000000000;S
88.613.658/0001-10;2025-06-30;1;PETTENATI S.A. INDUSTRIA TEXTIL;009539;DF Individual - Demonstração das Mutações do Patrimônio Líquido;REAL;UNIDADE;PENÚLTIMO;2023-07-01;2024-06-30;Outros Resultados Abrangentes;5.06;Mutações Internas do Patrimônio Líquido;-74298.0000000000;S
88.613.658/0001-10;2025-06-30;1;PETTENATI S.A. INDUSTRIA TEXTIL;009539;DF Individual - Demonstração das Mutações do Patrimônio Líquido;REAL;UNIDADE;ÚLTIMO;2024-07-01;2025-06-30;Outros Resultados Abrangentes;5.06;Mutações Internas do Patrimônio Líquido;0.0000000000;S
88.613.658/0001-10;2025-06-30;1;PETTENATI S.A. INDUSTRIA TEXTIL;009539;DF Individual - Demonstração das Mutações do Patrimônio Líquido;REAL;UNIDADE;PENÚLTIMO;2023-07-01;2024-06-30;Patrimônio Líquido;5.06;Mutações Internas do Patrimônio Líquido;-6722641.0000000000;S
88.613.658/0001-10;2025-06-30;1;PETTENATI S.A. INDUSTRIA TEXTIL;009539;DF Individual - Demonstração das Mutações do Patrimônio Líquido;REAL;UNIDADE;ÚLTIMO;2024-07-01;2025-06-30;Patrimônio Líquido;5.06;Mutações Internas do Patrimônio Líquido;0.0000000000;S
88.613.658/0001-10;2025-06-30;1;PETTENATI S.A. INDUSTRIA TEXTIL;009539;DF Individual - Demonstração das Mutações do Patrimônio Líquido;REAL;UNIDADE;PENÚLTIMO;2023-07-01;2024-06-30;Capital Social Integralizado;5.06.01;Constituição de Reservas;0.0000000000;S
88.613.658/0001-10;2025-06-30;1;PETTENATI S.A. INDUSTRIA TEXTIL;009539;DF Individual - Demonstração das Mutações do Patrimônio Líquido;REAL;UNIDADE;ÚLTIMO;2024-07-01;2025-06-30;Capital Social Integralizado;5.06.01;Constituição de Reservas;0.0000000000;S
88.613.658/0001-10;2025-06-30;1;PETTENATI S.A. INDUSTRIA TEXTIL;009539;DF Individual - Demonstração das Mutações do Patrimônio Líquido;REAL;UNIDADE;PENÚLTIMO;2023-07-01;2024-06-30;Reservas de Capital, Opções Outorgadas e Ações em Tesouraria;5.06.01;Constituição de Reservas;0.0000000000;S
88.613.658/0001-10;2025-06-30;1;PETTENATI S.A. INDUSTRIA TEXTIL;009539;DF Individual - Demonstração das Mutações do Patrimônio Líquido;REAL;UNIDADE;ÚLTIMO;2024-07-01;2025-06-30;Reservas de Capital, Opções Outorgadas e Ações em Tesouraria;5.06.01;Constituição de Reservas;0.0000000000;S
88.613.658/0001-10;2025-06-30;1;PETTENATI S.A. INDUSTRIA TEXTIL;009539;DF Individual - Demonstração das Mutações do Patrimônio Líquido;REAL;UNIDADE;PENÚLTIMO;2023-07-01;2024-06-30;Reservas de Lucro;5.06.01;Constituição de Reservas;0.0000000000;S
88.613.658/0001-10;2025-06-30;1;PETTENATI S.A. INDUSTRIA TEXTIL;009539;DF Individual - Demonstração das Mutações do Patrimônio Líquido;REAL;UNIDADE;ÚLTIMO;2024-07-01;2025-06-30;Reservas de Lucro;5.06.01;Constituição de Reservas;0.0000000000;S
88.613.658/0001-10;2025-06-30;1;PETTENATI S.A. INDUSTRIA TEXTIL;009539;DF Individual - Demonstração das Mutações do Patrimônio Líquido;REAL;UNIDADE;PENÚLTIMO;2023-07-01;2024-06-30;Lucros ou Prejuízos Acumulados;5.06.01;Constituição de Reservas;0.0000000000;S
88.613.658/0001-10;2025-06-30;1;PETTENATI S.A. INDUSTRIA TEXTIL;009539;DF Individual - Demonstração das Mutações do Patrimônio Líquido;REAL;UNIDADE;ÚLTIMO;2024-07-01;2025-06-30;Lucros ou Prejuízos Acumulados;5.06.01;Constituição de Reservas;0.0000000000;S
88.613.658/0001-10;2025-06-30;1;PETTENATI S.A. INDUSTRIA TEXTIL;009539;DF Individual - Demonstração das Mutações do Patrimônio Líquido;REAL;UNIDADE;PENÚLTIMO;2023-07-01;2024-06-30;Outros Resultados Abrangentes;5.06.01;Constituição de Reservas;0.0000000000;S
88.613.658/0001-10;2025-06-30;1;PETTENATI S.A. INDUSTRIA TEXTIL;009539;DF Individual - Demonstração das Mutações do Patrimônio Líquido;REAL;UNIDADE;ÚLTIMO;2024-07-01;2025-06-30;Outros Resultados Abrangentes;5.06.01;Constituição de Reservas;0.0000000000;S
88.613.658/0001-10;2025-06-30;1;PETTENATI S.A. INDUSTRIA TEXTIL;009539;DF Individual - Demonstração das Mutações do Patrimônio Líquido;REAL;UNIDADE;PENÚLTIMO;2023-07-01;2024-06-30;Patrimônio Líquido;5.06.01;Constituição de Reservas;0.0000000000;S
88.613.658/0001-10;2025-06-30;1;PETTENATI S.A. INDUSTRIA TEXTIL;009539;DF Individual - Demonstração das Mutações do Patrimônio Líquido;REAL;UNIDADE;ÚLTIMO;2024-07-01;2025-06-30;Patrimônio Líquido;5.06.01;Constituição de Reservas;0.0000000000;S
88.613.658/0001-10;2025-06-30;1;PETTENATI S.A. INDUSTRIA TEXTIL;009539;DF Individual - Demonstração das Mutações do Patrimônio Líquido;REAL;UNIDADE;PENÚLTIMO;2023-07-01;2024-06-30;Capital Social Integralizado;5.06.02;Realização da Reserva Reavaliação;0.0000000000;S
88.613.658/0001-10;2025-06-30;1;PETTENATI S.A. INDUSTRIA TEXTIL;009539;DF Individual - Demonstração das Mutações do Patrimônio Líquido;REAL;UNIDADE;ÚLTIMO;2024-07-01;2025-06-30;Capital Social Integralizado;5.06.02;Realização da Reserva Reavaliação;0.0000000000;S
88.613.658/0001-10;2025-06-30;1;PETTENATI S.A. INDUSTRIA TEXTIL;009539;DF Individual - Demonstração das Mutações do Patrimônio Líquido;REAL;UNIDADE;PENÚLTIMO;2023-07-01;2024-06-30;Reservas de Capital, Opções Outorgadas e Ações em Tesouraria;5.06.02;Realização da Reserva Reavaliação;0.0000000000;S
88.613.658/0001-10;2025-06-30;1;PETTENATI S.A. INDUSTRIA TEXTIL;009539;DF Individual - Demonstração das Mutações do Patrimônio Líquido;REAL;UNIDADE;ÚLTIMO;2024-07-01;2025-06-30;Reservas de Capital, Opções Outorgadas e Ações em Tesouraria;5.06.02;Realização da Reserva Reavaliação;0.0000000000;S
88.613.658/0001-10;2025-06-30;1;PETTENATI S.A. INDUSTRIA TEXTIL;009539;DF Individual - Demonstração das Mutações do Patrimônio Líquido;REAL;UNIDADE;PENÚLTIMO;2023-07-01;2024-06-30;Reservas de Lucro;5.06.02;Realização da Reserva Reavaliação;0.0000000000;S
88.613.658/0001-10;2025-06-30;1;PETTENATI S.A. INDUSTRIA TEXTIL;009539;DF Individual - Demonstração das Mutações do Patrimônio Líquido;REAL;UNIDADE;ÚLTIMO;2024-07-01;2025-06-30;Reservas de Lucro;5.06.02;Realização da Reserva Reavaliação;0.0000000000;S
88.613.658/0001-10;2025-06-30;1;PETTENATI S.A. INDUSTRIA TEXTIL;009539;DF Individual - Demonstração das Mutações do Patrimônio Líquido;REAL;UNIDADE;PENÚLTIMO;2023-07-01;2024-06-30;Lucros ou Prejuízos Acumulados;5.06.02;Realização da Reserva Reavaliação;74298.0000000000;S
88.613.658/0001-10;2025-06-30;1;PETTENATI S.A. INDUSTRIA TEXTIL;009539;DF Individual - Demonstração das Mutações do Patrimônio Líquido;REAL;UNIDADE;ÚLTIMO;2024-07-01;2025-06-30;Lucros ou Prejuízos Acumulados;5.06.02;Realização da Reserva Reavaliação;0.0000000000;S
88.613.658/0001-10;2025-06-30;1;PETTENATI S.A. INDUSTRIA TEXTIL;009539;DF Individual - Demonstração das Mutações do Patrimônio Líquido;REAL;UNIDADE;PENÚLTIMO;2023-07-01;2024-06-30;Outros Resultados Abrangentes;5.06.02;Realização da Reserva Reavaliação;-74298.0000000000;S
88.613.658/0001-10;2025-06-30;1;PETTENATI S.A. INDUSTRIA TEXTIL;009539;DF Individual - Demonstração das Mutações do Patrimônio Líquido;REAL;UNIDADE;ÚLTIMO;2024-07-01;2025-06-30;Outros Resultados Abrangentes;5.06.02;Realização da Reserva Reavaliação;0.0000000000;S
88.613.658/0001-10;2025-06-30;1;PETTENATI S.A. INDUSTRIA TEXTIL;009539;DF Individual - Demonstração das Mutações do Patrimônio Líquido;REAL;UNIDADE;PENÚLTIMO;2023-07-01;2024-06-30;Patrimônio Líquido;5.06.02;Realização da Reserva Reavaliação;0.0000000000;S
88.613.658/0001-10;2025-06-30;1;PETTENATI S.A. INDUSTRIA TEXTIL;009539;DF Individual - Demonstração das Mutações do Patrimônio Líquido;REAL;UNIDADE;ÚLTIMO;2024-07-01;2025-06-30;Patrimônio Líquido;5.06.02;Realização da Reserva Reavaliação;0.0000000000;S
88.613.658/0001-10;2025-06-30;1;PETTENATI S.A. INDUSTRIA TEXTIL;009539;DF Individual - Demonstração das Mutações do Patrimônio Líquido;REAL;UNIDADE;PENÚLTIMO;2023-07-01;2024-06-30;Capital Social Integralizado;5.06.03;Tributos sobre a Realização da Reserva de Reavaliação;0.0000000000;S
88.613.658/0001-10;2025-06-30;1;PETTENATI S.A. INDUSTRIA TEXTIL;009539;DF Individual - Demonstração das Mutações do Patrimônio Líquido;REAL;UNIDADE;ÚLTIMO;2024-07-01;2025-06-30;Capital Social Integralizado;5.06.03;Tributos sobre a Realização da Reserva de Reavaliação;0.0000000000;S
88.613.658/0001-10;2025-06-30;1;PETTENATI S.A. INDUSTRIA TEXTIL;009539;DF Individual - Demonstração das Mutações do Patrimônio Líquido;REAL;UNIDADE;PENÚLTIMO;2023-07-01;2024-06-30;Reservas de Capital, Opções Outorgadas e Ações em Tesouraria;5.06.03;Tributos sobre a Realização da Reserva de Reavaliação;0.0000000000;S
88.613.658/0001-10;2025-06-30;1;PETTENATI S.A. INDUSTRIA TEXTIL;009539;DF Individual - Demonstração das Mutações do Patrimônio Líquido;REAL;UNIDADE;ÚLTIMO;2024-07-01;2025-06-30;Reservas de Capital, Opções Outorgadas e Ações em Tesouraria;5.06.03;Tributos sobre a Realização da Reserva de Reavaliação;0.0000000000;S
88.613.658/0001-10;2025-06-30;1;PETTENATI S.A. INDUSTRIA TEXTIL;009539;DF Individual - Demonstração das Mutações do Patrimônio Líquido;REAL;UNIDADE;PENÚLTIMO;2023-07-01;2024-06-30;Reservas de Lucro;5.06.03;Tributos sobre a Realização da Reserva de Reavaliação;0.0000000000;S
88.613.658/0001-10;2025-06-30;1;PETTENATI S.A. INDUSTRIA TEXTIL;009539;DF Individual - Demonstração das Mutações do Patrimônio Líquido;REAL;UNIDADE;ÚLTIMO;2024-07-01;2025-06-30;Reservas de Lucro;5.06.03;Tributos sobre a Realização da Reserva de Reavaliação;0.0000000000;S
88.613.658/0001-10;2025-06-30;1;PETTENATI S.A. INDUSTRIA TEXTIL;009539;DF Individual - Demonstração das Mutações do Patrimônio Líquido;REAL;UNIDADE;PENÚLTIMO;2023-07-01;2024-06-30;Lucros ou Prejuízos Acumulados;5.06.03;Tributos sobre a Realização da Reserva de Reavaliação;0.0000000000;S
88.613.658/0001-10;2025-06-30;1;PETTENATI S.A. INDUSTRIA TEXTIL;009539;DF Individual - Demonstração das Mutações do Patrimônio Líquido;REAL;UNIDADE;ÚLTIMO;2024-07-01;2025-06-30;Lucros ou Prejuízos Acumulados;5.06.03;Tributos sobre a Realização da Reserva de Reavaliação;0.0000000000;S
88.613.658/0001-10;2025-06-30;1;PETTENATI S.A. INDUSTRIA TEXTIL;009539;DF Individual - Demonstração das Mutações do Patrimônio Líquido;REAL;UNIDADE;PENÚLTIMO;2023-07-01;2024-06-30;Outros Resultados Abrangentes;5.06.03;Tributos sobre a Realização da Reserva de Reavaliação;0.0000000000;S
88.613.658/0001-10;2025-06-30;1;PETTENATI S.A. INDUSTRIA TEXTIL;009539;DF Individual - Demonstração das Mutações do Patrimônio Líquido;REAL;UNIDADE;ÚLTIMO;2024-07-01;2025-06-30;Outros Resultados Abrangentes;5.06.03;Tributos sobre a Realização da Reserva de Reavaliação;0.0000000000;S
88.613.658/0001-10;2025-06-30;1;PETTENATI S.A. INDUSTRIA TEXTIL;009539;DF Individual - Demonstração das Mutações do Patrimônio Líquido;REAL;UNIDADE;PENÚLTIMO;2023-07-01;2024-06-30;Patrimônio Líquido;5.06.03;Tributos sobre a Realização da Reserva de Reavaliação;0.0000000000;S
88.613.658/0001-10;2025-06-30;1;PETTENATI S.A. INDUSTRIA TEXTIL;009539;DF Individual - Demonstração das Mutações do Patrimônio Líquido;REAL;UNIDADE;ÚLTIMO;2024-07-01;2025-06-30;Patrimônio Líquido;5.06.03;Tributos sobre a Realização da Reserva de Reavaliação;0.0000000000;S
88.613.658/0001-10;2025-06-30;1;PETTENATI S.A. INDUSTRIA TEXTIL;009539;DF Individual - Demonstração das Mutações do Patrimônio Líquido;REAL;UNIDADE;PENÚLTIMO;2023-07-01;2024-06-30;Capital Social Integralizado;5.06.04;Proposta de destinação - Reserva Legal;0.0000000000;N
88.613.658/0001-10;2025-06-30;1;PETTENATI S.A. INDUSTRIA TEXTIL;009539;DF Individual - Demonstração das Mutações do Patrimônio Líquido;REAL;UNIDADE;ÚLTIMO;2024-07-01;2025-06-30;Capital Social Integralizado;5.06.04;Proposta de destinação - Reserva Legal;0.0000000000;N
88.613.658/0001-10;2025-06-30;1;PETTENATI S.A. INDUSTRIA TEXTIL;009539;DF Individual - Demonstração das Mutações do Patrimônio Líquido;REAL;UNIDADE;PENÚLTIMO;2023-07-01;2024-06-30;Reservas de Capital, Opções Outorgadas e Ações em Tesouraria;5.06.04;Proposta de destinação - Reserva Legal;0.0000000000;N
88.613.658/0001-10;2025-06-30;1;PETTENATI S.A. INDUSTRIA TEXTIL;009539;DF Individual - Demonstração das Mutações do Patrimônio Líquido;REAL;UNIDADE;ÚLTIMO;2024-07-01;2025-06-30;Reservas de Capital, Opções Outorgadas e Ações em Tesouraria;5.06.04;Proposta de destinação - Reserva Legal;0.0000000000;N
88.613.658/0001-10;2025-06-30;1;PETTENATI S.A. INDUSTRIA TEXTIL;009539;DF Individual - Demonstração das Mutações do Patrimônio Líquido;REAL;UNIDADE;PENÚLTIMO;2023-07-01;2024-06-30;Reservas de Lucro;5.06.04;Proposta de destinação - Reserva Legal;960539.0000000000;N
88.613.658/0001-10;2025-06-30;1;PETTENATI S.A. INDUSTRIA TEXTIL;009539;DF Individual - Demonstração das Mutações do Patrimônio Líquido;REAL;UNIDADE;ÚLTIMO;2024-07-01;2025-06-30;Reservas de Lucro;5.06.04;Proposta de destinação - Reserva Legal;2124878.0000000000;N
88.613.658/0001-10;2025-06-30;1;PETTENATI S.A. INDUSTRIA TEXTIL;009539;DF Individual - Demonstração das Mutações do Patrimônio Líquido;REAL;UNIDADE;PENÚLTIMO;2023-07-01;2024-06-30;Lucros ou Prejuízos Acumulados;5.06.04;Proposta de destinação - Reserva Legal;-960539.0000000000;N
88.613.658/0001-10;2025-06-30;1;PETTENATI S.A. INDUSTRIA TEXTIL;009539;DF Individual - Demonstração das Mutações do Patrimônio Líquido;REAL;UNIDADE;ÚLTIMO;2024-07-01;2025-06-30;Lucros ou Prejuízos Acumulados;5.06.04;Proposta de destinação - Reserva Legal;-2124878.0000000000;N
88.613.658/0001-10;2025-06-30;1;PETTENATI S.A. INDUSTRIA TEXTIL;009539;DF Individual - Demonstração das Mutações do Patrimônio Líquido;REAL;UNIDADE;PENÚLTIMO;2023-07-01;2024-06-30;Outros Resultados Abrangentes;5.06.04;Proposta de destinação - Reserva Legal;0.0000000000;N
88.613.658/0001-10;2025-06-30;1;PETTENATI S.A. INDUSTRIA TEXTIL;009539;DF Individual - Demonstração das Mutações do Patrimônio Líquido;REAL;UNIDADE;ÚLTIMO;2024-07-01;2025-06-30;Outros Resultados Abrangentes;5.06.04;Proposta de destinação - Reserva Legal;0.0000000000;N
88.613.658/0001-10;2025-06-30;1;PETTENATI S.A. INDUSTRIA TEXTIL;009539;DF Individual - Demonstração das Mutações do Patrimônio Líquido;REAL;UNIDADE;PENÚLTIMO;2023-07-01;2024-06-30;Patrimônio Líquido;5.06.04;Proposta de destinação - Reserva Legal;0.0000000000;N
88.613.658/0001-10;2025-06-30;1;PETTENATI S.A. INDUSTRIA TEXTIL;009539;DF Individual - Demonstração das Mutações do Patrimônio Líquido;REAL;UNIDADE;ÚLTIMO;2024-07-01;2025-06-30;Patrimônio Líquido;5.06.04;Proposta de destinação - Reserva Legal;0.0000000000;N
88.613.658/0001-10;2025-06-30;1;PETTENATI S.A. INDUSTRIA TEXTIL;009539;DF Individual - Demonstração das Mutações do Patrimônio Líquido;REAL;UNIDADE;PENÚLTIMO;2023-07-01;2024-06-30;Capital Social Integralizado;5.06.05;Integralização da subvenção para investimento;0.0000000000;N
88.613.658/0001-10;2025-06-30;1;PETTENATI S.A. INDUSTRIA TEXTIL;009539;DF Individual - Demonstração das Mutações do Patrimônio Líquido;REAL;UNIDADE;ÚLTIMO;2024-07-01;2025-06-30;Capital Social Integralizado;5.06.05;Integralização da subvenção para investimento;0.0000000000;N
88.613.658/0001-10;2025-06-30;1;PETTENATI S.A. INDUSTRIA TEXTIL;009539;DF Individual - Demonstração das Mutações do Patrimônio Líquido;REAL;UNIDADE;PENÚLTIMO;2023-07-01;2024-06-30;Reservas de Capital, Opções Outorgadas e Ações em Tesouraria;5.06.05;Integralização da subvenção para investimento;0.0000000000;N
88.613.658/0001-10;2025-06-30;1;PETTENATI S.A. INDUSTRIA TEXTIL;009539;DF Individual - Demonstração das Mutações do Patrimônio Líquido;REAL;UNIDADE;ÚLTIMO;2024-07-01;2025-06-30;Reservas de Capital, Opções Outorgadas e Ações em Tesouraria;5.06.05;Integralização da subvenção para investimento;0.0000000000;N
88.613.658/0001-10;2025-06-30;1;PETTENATI S.A. INDUSTRIA TEXTIL;009539;DF Individual - Demonstração das Mutações do Patrimônio Líquido;REAL;UNIDADE;PENÚLTIMO;2023-07-01;2024-06-30;Reservas de Lucro;5.06.05;Integralização da subvenção para investimento;3051267.0000000000;N
88.613.658/0001-10;2025-06-30;1;PETTENATI S.A. INDUSTRIA TEXTIL;009539;DF Individual - Demonstração das Mutações do Patrimônio Líquido;REAL;UNIDADE;ÚLTIMO;2024-07-01;2025-06-30;Reservas de Lucro;5.06.05;Integralização da subvenção para investimento;0.0000000000;N
88.613.658/0001-10;2025-06-30;1;PETTENATI S.A. INDUSTRIA TEXTIL;009539;DF Individual - Demonstração das Mutações do Patrimônio Líquido;REAL;UNIDADE;PENÚLTIMO;2023-07-01;2024-06-30;Lucros ou Prejuízos Acumulados;5.06.05;Integralização da subvenção para investimento;-3051267.0000000000;N
88.613.658/0001-10;2025-06-30;1;PETTENATI S.A. INDUSTRIA TEXTIL;009539;DF Individual - Demonstração das Mutações do Patrimônio Líquido;REAL;UNIDADE;ÚLTIMO;2024-07-01;2025-06-30;Lucros ou Prejuízos Acumulados;5.06.05;Integralização da subvenção para investimento;0.0000000000;N
88.613.658/0001-10;2025-06-30;1;PETTENATI S.A. INDUSTRIA TEXTIL;009539;DF Individual - Demonstração das Mutações do Patrimônio Líquido;REAL;UNIDADE;PENÚLTIMO;2023-07-01;2024-06-30;Outros Resultados Abrangentes;5.06.05;Integralização da subvenção para investimento;0.0000000000;N
88.613.658/0001-10;2025-06-30;1;PETTENATI S.A. INDUSTRIA TEXTIL;009539;DF Individual - Demonstração das Mutações do Patrimônio Líquido;REAL;UNIDADE;ÚLTIMO;2024-07-01;2025-06-30;Outros Resultados Abrangentes;5.06.05;Integralização da subvenção para investimento;0.0000000000;N
88.613.658/0001-10;2025-06-30;1;PETTENATI S.A. INDUSTRIA TEXTIL;009539;DF Individual - Demonstração das Mutações do Patrimônio Líquido;REAL;UNIDADE;PENÚLTIMO;2023-07-01;2024-06-30;Patrimônio Líquido;5.06.05;Integralização da subvenção para investimento;0.0000000000;N
88.613.658/0001-10;2025-06-30;1;PETTENATI S.A. INDUSTRIA TEXTIL;009539;DF Individual - Demonstração das Mutações do Patrimônio Líquido;REAL;UNIDADE;ÚLTIMO;2024-07-01;2025-06-30;Patrimônio Líquido;5.06.05;Integralização da subvenção para investimento;0.0000000000;N
88.613.658/0001-10;2025-06-30;1;PETTENATI S.A. INDUSTRIA TEXTIL;009539;DF Individual - Demonstração das Mutações do Patrimônio Líquido;REAL;UNIDADE;PENÚLTIMO;2023-07-01;2024-06-30;Capital Social Integralizado;5.06.06;Integralização - Reserva aumento de capital, investimento e capital de giro;0.0000000000;N
88.613.658/0001-10;2025-06-30;1;PETTENATI S.A. INDUSTRIA TEXTIL;009539;DF Individual - Demonstração das Mutações do Patrimônio Líquido;REAL;UNIDADE;ÚLTIMO;2024-07-01;2025-06-30;Capital Social Integralizado;5.06.06;Integralização - Reserva aumento de capital, investimento e capital de giro;0.0000000000;N
88.613.658/0001-10;2025-06-30;1;PETTENATI S.A. INDUSTRIA TEXTIL;009539;DF Individual - Demonstração das Mutações do Patrimônio Líquido;REAL;UNIDADE;PENÚLTIMO;2023-07-01;2024-06-30;Reservas de Capital, Opções Outorgadas e Ações em Tesouraria;5.06.06;Integralização - Reserva aumento de capital, investimento e capital de giro;0.0000000000;N
88.613.658/0001-10;2025-06-30;1;PETTENATI S.A. INDUSTRIA TEXTIL;009539;DF Individual - Demonstração das Mutações do Patrimônio Líquido;REAL;UNIDADE;ÚLTIMO;2024-07-01;2025-06-30;Reservas de Capital, Opções Outorgadas e Ações em Tesouraria;5.06.06;Integralização - Reserva aumento de capital, investimento e capital de giro;0.0000000000;N
88.613.658/0001-10;2025-06-30;1;PETTENATI S.A. INDUSTRIA TEXTIL;009539;DF Individual - Demonstração das Mutações do Patrimônio Líquido;REAL;UNIDADE;PENÚLTIMO;2023-07-01;2024-06-30;Reservas de Lucro;5.06.06;Integralização - Reserva aumento de capital, investimento e capital de giro;2549924.0000000000;N
88.613.658/0001-10;2025-06-30;1;PETTENATI S.A. INDUSTRIA TEXTIL;009539;DF Individual - Demonstração das Mutações do Patrimônio Líquido;REAL;UNIDADE;ÚLTIMO;2024-07-01;2025-06-30;Reservas de Lucro;5.06.06;Integralização - Reserva aumento de capital, investimento e capital de giro;28008914.0000000000;N
88.613.658/0001-10;2025-06-30;1;PETTENATI S.A. INDUSTRIA TEXTIL;009539;DF Individual - Demonstração das Mutações do Patrimônio Líquido;REAL;UNIDADE;PENÚLTIMO;2023-07-01;2024-06-30;Lucros ou Prejuízos Acumulados;5.06.06;Integralização - Reserva aumento de capital, investimento e capital de giro;-2549924.0000000000;N
88.613.658/0001-10;2025-06-30;1;PETTENATI S.A. INDUSTRIA TEXTIL;009539;DF Individual - Demonstração das Mutações do Patrimônio Líquido;REAL;UNIDADE;ÚLTIMO;2024-07-01;2025-06-30;Lucros ou Prejuízos Acumulados;5.06.06;Integralização - Reserva aumento de capital, investimento e capital de giro;-28008914.0000000000;N
88.613.658/0001-10;2025-06-30;1;PETTENATI S.A. INDUSTRIA TEXTIL;009539;DF Individual - Demonstração das Mutações do Patrimônio Líquido;REAL;UNIDADE;PENÚLTIMO;2023-07-01;2024-06-30;Outros Resultados Abrangentes;5.06.06;Integralização - Reserva aumento de capital, investimento e capital de giro;0.0000000000;N
88.613.658/0001-10;2025-06-30;1;PETTENATI S.A. INDUSTRIA TEXTIL;009539;DF Individual - Demonstração das Mutações do Patrimônio Líquido;REAL;UNIDADE;ÚLTIMO;2024-07-01;2025-06-30;Outros Resultados Abrangentes;5.06.06;Integralização - Reserva aumento de capital, investimento e capital de giro;0.0000000000;N
88.613.658/0001-10;2025-06-30;1;PETTENATI S.A. INDUSTRIA TEXTIL;009539;DF Individual - Demonstração das Mutações do Patrimônio Líquido;REAL;UNIDADE;PENÚLTIMO;2023-07-01;2024-06-30;Patrimônio Líquido;5.06.06;Integralização - Reserva aumento de capital, investimento e capital de giro;0.0000000000;N
88.613.658/0001-10;2025-06-30;1;PETTENATI S.A. INDUSTRIA TEXTIL;009539;DF Individual - Demonstração das Mutações do Patrimônio Líquido;REAL;UNIDADE;ÚLTIMO;2024-07-01;2025-06-30;Patrimônio Líquido;5.06.06;Integralização - Reserva aumento de capital, investimento e capital de giro;0.0000000000;N
88.613.658/0001-10;2025-06-30;1;PETTENATI S.A. INDUSTRIA TEXTIL;009539;DF Individual - Demonstração das Mutações do Patrimônio Líquido;REAL;UNIDADE;PENÚLTIMO;2023-07-01;2024-06-30;Capital Social Integralizado;5.06.07;Juros sobre Capital Próprio;0.0000000000;N
88.613.658/0001-10;2025-06-30;1;PETTENATI S.A. INDUSTRIA TEXTIL;009539;DF Individual - Demonstração das Mutações do Patrimônio Líquido;REAL;UNIDADE;ÚLTIMO;2024-07-01;2025-06-30;Capital Social Integralizado;5.06.07;Juros sobre Capital Próprio;0.0000000000;N
88.613.658/0001-10;2025-06-30;1;PETTENATI S.A. INDUSTRIA TEXTIL;009539;DF Individual - Demonstração das Mutações do Patrimônio Líquido;REAL;UNIDADE;PENÚLTIMO;2023-07-01;2024-06-30;Reservas de Capital, Opções Outorgadas e Ações em Tesouraria;5.06.07;Juros sobre Capital Próprio;0.0000000000;N
88.613.658/0001-10;2025-06-30;1;PETTENATI S.A. INDUSTRIA TEXTIL;009539;DF Individual - Demonstração das Mutações do Patrimônio Líquido;REAL;UNIDADE;ÚLTIMO;2024-07-01;2025-06-30;Reservas de Capital, Opções Outorgadas e Ações em Tesouraria;5.06.07;Juros sobre Capital Próprio;0.0000000000;N
88.613.658/0001-10;2025-06-30;1;PETTENATI S.A. INDUSTRIA TEXTIL;009539;DF Individual - Demonstração das Mutações do Patrimônio Líquido;REAL;UNIDADE;PENÚLTIMO;2023-07-01;2024-06-30;Reservas de Lucro;5.06.07;Juros sobre Capital Próprio;0.0000000000;N
88.613.658/0001-10;2025-06-30;1;PETTENATI S.A. INDUSTRIA TEXTIL;009539;DF Individual - Demonstração das Mutações do Patrimônio Líquido;REAL;UNIDADE;ÚLTIMO;2024-07-01;2025-06-30;Reservas de Lucro;5.06.07;Juros sobre Capital Próprio;0.0000000000;N
88.613.658/0001-10;2025-06-30;1;PETTENATI S.A. INDUSTRIA TEXTIL;009539;DF Individual - Demonstração das Mutações do Patrimônio Líquido;REAL;UNIDADE;PENÚLTIMO;2023-07-01;2024-06-30;Lucros ou Prejuízos Acumulados;5.06.07;Juros sobre Capital Próprio;-6722641.0000000000;N
88.613.658/0001-10;2025-06-30;1;PETTENATI S.A. INDUSTRIA TEXTIL;009539;DF Individual - Demonstração das Mutações do Patrimônio Líquido;REAL;UNIDADE;ÚLTIMO;2024-07-01;2025-06-30;Lucros ou Prejuízos Acumulados;5.06.07;Juros sobre Capital Próprio;0.0000000000;N
88.613.658/0001-10;2025-06-30;1;PETTENATI S.A. INDUSTRIA TEXTIL;009539;DF Individual - Demonstração das Mutações do Patrimônio Líquido;REAL;UNIDADE;PENÚLTIMO;2023-07-01;2024-06-30;Outros Resultados Abrangentes;5.06.07;Juros sobre Capital Próprio;0.0000000000;N
88.613.658/0001-10;2025-06-30;1;PETTENATI S.A. INDUSTRIA TEXTIL;009539;DF Individual - Demonstração das Mutações do Patrimônio Líquido;REAL;UNIDADE;ÚLTIMO;2024-07-01;2025-06-30;Outros Resultados Abrangentes;5.06.07;Juros sobre Capital Próprio;0.0000000000;N
88.613.658/0001-10;2025-06-30;1;PETTENATI S.A. INDUSTRIA TEXTIL;009539;DF Individual - Demonstração das Mutações do Patrimônio Líquido;REAL;UNIDADE;PENÚLTIMO;2023-07-01;2024-06-30;Patrimônio Líquido;5.06.07;Juros sobre Capital Próprio;-6722641.0000000000;N
88.613.658/0001-10;2025-06-30;1;PETTENATI S.A. INDUSTRIA TEXTIL;009539;DF Individual - Demonstração das Mutações do Patrimônio Líquido;REAL;UNIDADE;ÚLTIMO;2024-07-01;2025-06-30;Patrimônio Líquido;5.06.07;Juros sobre Capital Próprio;0.0000000000;N
88.613.658/0001-10;2025-06-30;1;PETTENATI S.A. INDUSTRIA TEXTIL;009539;DF Individual - Demonstração das Mutações do Patrimônio Líquido;REAL;UNIDADE;PENÚLTIMO;2023-07-01;2024-06-30;Capital Social Integralizado;5.07;Saldos Finais;100000000.0000000000;S
88.613.658/0001-10;2025-06-30;1;PETTENATI S.A. INDUSTRIA TEXTIL;009539;DF Individual - Demonstração das Mutações do Patrimônio Líquido;REAL;UNIDADE;ÚLTIMO;2024-07-01;2025-06-30;Capital Social Integralizado;5.07;Saldos Finais;100000000.0000000000;S
88.613.658/0001-10;2025-06-30;1;PETTENATI S.A. INDUSTRIA TEXTIL;009539;DF Individual - Demonstração das Mutações do Patrimônio Líquido;REAL;UNIDADE;PENÚLTIMO;2023-07-01;2024-06-30;Reservas de Capital, Opções Outorgadas e Ações em Tesouraria;5.07;Saldos Finais;0.0000000000;S
88.613.658/0001-10;2025-06-30;1;PETTENATI S.A. INDUSTRIA TEXTIL;009539;DF Individual - Demonstração das Mutações do Patrimônio Líquido;REAL;UNIDADE;ÚLTIMO;2024-07-01;2025-06-30;Reservas de Capital, Opções Outorgadas e Ações em Tesouraria;5.07;Saldos Finais;0.0000000000;S
88.613.658/0001-10;2025-06-30;1;PETTENATI S.A. INDUSTRIA TEXTIL;009539;DF Individual - Demonstração das Mutações do Patrimônio Líquido;REAL;UNIDADE;PENÚLTIMO;2023-07-01;2024-06-30;Reservas de Lucro;5.07;Saldos Finais;194941474.0000000000;S
88.613.658/0001-10;2025-06-30;1;PETTENATI S.A. INDUSTRIA TEXTIL;009539;DF Individual - Demonstração das Mutações do Patrimônio Líquido;REAL;UNIDADE;ÚLTIMO;2024-07-01;2025-06-30;Reservas de Lucro;5.07;Saldos Finais;225075266.0000000000;S
88.613.658/0001-10;2025-06-30;1;PETTENATI S.A. INDUSTRIA TEXTIL;009539;DF Individual - Demonstração das Mutações do Patrimônio Líquido;REAL;UNIDADE;PENÚLTIMO;2023-07-01;2024-06-30;Lucros ou Prejuízos Acumulados;5.07;Saldos Finais;0.0000000000;S
88.613.658/0001-10;2025-06-30;1;PETTENATI S.A. INDUSTRIA TEXTIL;009539;DF Individual - Demonstração das Mutações do Patrimônio Líquido;REAL;UNIDADE;ÚLTIMO;2024-07-01;2025-06-30;Lucros ou Prejuízos Acumulados;5.07;Saldos Finais;0.0000000000;S
88.613.658/0001-10;2025-06-30;1;PETTENATI S.A. INDUSTRIA TEXTIL;009539;DF Individual - Demonstração das Mutações do Patrimônio Líquido;REAL;UNIDADE;PENÚLTIMO;2023-07-01;2024-06-30;Outros Resultados Abrangentes;5.07;Saldos Finais;102475537.0000000000;S
88.613.658/0001-10;2025-06-30;1;PETTENATI S.A. INDUSTRIA TEXTIL;009539;DF Individual - Demonstração das Mutações do Patrimônio Líquido;REAL;UNIDADE;ÚLTIMO;2024-07-01;2025-06-30;Outros Resultados Abrangentes;5.07;Saldos Finais;95936101.0000000000;S
88.613.658/0001-10;2025-06-30;1;PETTENATI S.A. INDUSTRIA TEXTIL;009539;DF Individual - Demonstração das Mutações do Patrimônio Líquido;REAL;UNIDADE;PENÚLTIMO;2023-07-01;2024-06-30;Patrimônio Líquido;5.07;Saldos Finais;397417011.0000000000;S
88.613.658/0001-10;2025-06-30;1;PETTENATI S.A. INDUSTRIA TEXTIL;009539;DF Individual - Demonstração das Mutações do Patrimônio Líquido;REAL;UNIDADE;ÚLTIMO;2024-07-01;2025-06-30;Patrimônio Líquido;5.07;Saldos Finais;421011367.0000000000;S
