CNPJ_CIA;DT_REFER;VERSAO;DENOM_CIA;CD_CVM;GRUPO_DFP;MOEDA;ESCALA_MOEDA;ORDEM_EXERC;DT_INI_EXERC;DT_FIM_EXERC;CD_CONTA;DS_CONTA;VL_CONTA;ST_CONTA_FIXA
02.635.522/0001-95;2025-03-31;1;JALLES MACHADO S.A.;025496;DF Consolidado - Demonstração do Resultado;REAL;MIL;PENÚLTIMO;2023-04-01;2024-03-31;3.01;Receita de Venda de Bens e/ou Serviços;1909528.0000000000;S
02.635.522/0001-95;2025-03-31;1;JALLES MACHADO S.A.;025496;DF Consolidado - Demonstração do Resultado;REAL;MIL;ÚLTIMO;2024-04-01;2025-03-31;3.01;Receita de Venda de Bens e/ou Serviços;2337911.0000000000;S
02.635.522/0001-95;2025-03-31;1;JALLES MACHADO S.A.;025496;DF Consolidado - Demonstração do Resultado;REAL;MIL;PENÚLTIMO;2023-04-01;2024-03-31;3.02;Custo dos Bens e/ou Serviços Vendidos;-1376156.0000000000;S
02.635.522/0001-95;2025-03-31;1;JALLES MACHADO S.A.;025496;DF Consolidado - Demonstração do Resultado;REAL;MIL;ÚLTIMO;2024-04-01;2025-03-31;3.02;Custo dos Bens e/ou Serviços Vendidos;-1699041.0000000000;S
02.635.522/0001-95;2025-03-31;1;JALLES MACHADO S.A.;025496;DF Consolidado - Demonstração do Resultado;REAL;MIL;PENÚLTIMO;2023-04-01;2024-03-31;3.02.01;Custo das vendas e serviços;-1357928.0000000000;N
02.635.522/0001-95;2025-03-31;1;JALLES MACHADO S.A.;025496;DF Consolidado - Demonstração do Resultado;REAL;MIL;ÚLTIMO;2024-04-01;2025-03-31;3.02.01;Custo das vendas e serviços;-1743644.0000000000;N
02.635.522/0001-95;2025-03-31;1;JALLES MACHADO S.A.;025496;DF Consolidado - Demonstração do Resultado;REAL;MIL;PENÚLTIMO;2023-04-01;2024-03-31;3.02.02;Variação do valor justo de ativos biológicos;-18228.0000000000;N
02.635.522/0001-95;2025-03-31;1;JALLES MACHADO S.A.;025496;DF Consolidado - Demonstração do Resultado;REAL;MIL;ÚLTIMO;2024-04-01;2025-03-31;3.02.02;Variação do valor justo de ativos biológicos;44603.0000000000;N
02.635.522/0001-95;2025-03-31;1;JALLES MACHADO S.A.;025496;DF Consolidado - Demonstração do Resultado;REAL;MIL;PENÚLTIMO;2023-04-01;2024-03-31;3.03;Resultado Bruto;533372.0000000000;S
02.635.522/0001-95;2025-03-31;1;JALLES MACHADO S.A.;025496;DF Consolidado - Demonstração do Resultado;REAL;MIL;ÚLTIMO;2024-04-01;2025-03-31;3.03;Resultado Bruto;638870.0000000000;S
02.635.522/0001-95;2025-03-31;1;JALLES MACHADO S.A.;025496;DF Consolidado - Demonstração do Resultado;REAL;MIL;PENÚLTIMO;2023-04-01;2024-03-31;3.04;Despesas/Receitas Operacionais;-158488.0000000000;S
02.635.522/0001-95;2025-03-31;1;JALLES MACHADO S.A.;025496;DF Consolidado - Demonstração do Resultado;REAL;MIL;ÚLTIMO;2024-04-01;2025-03-31;3.04;Despesas/Receitas Operacionais;-166980.0000000000;S
02.635.522/0001-95;2025-03-31;1;JALLES MACHADO S.A.;025496;DF Consolidado - Demonstração do Resultado;REAL;MIL;PENÚLTIMO;2023-04-01;2024-03-31;3.04.01;Despesas com Vendas;-138188.0000000000;S
02.635.522/0001-95;2025-03-31;1;JALLES MACHADO S.A.;025496;DF Consolidado - Demonstração do Resultado;REAL;MIL;ÚLTIMO;2024-04-01;2025-03-31;3.04.01;Despesas com Vendas;-208542.0000000000;S
02.635.522/0001-95;2025-03-31;1;JALLES MACHADO S.A.;025496;DF Consolidado - Demonstração do Resultado;REAL;MIL;PENÚLTIMO;2023-04-01;2024-03-31;3.04.02;Despesas Gerais e Administrativas;-143196.0000000000;S
02.635.522/0001-95;2025-03-31;1;JALLES MACHADO S.A.;025496;DF Consolidado - Demonstração do Resultado;REAL;MIL;ÚLTIMO;2024-04-01;2025-03-31;3.04.02;Despesas Gerais e Administrativas;-132331.0000000000;S
02.635.522/0001-95;2025-03-31;1;JALLES MACHADO S.A.;025496;DF Consolidado - Demonstração do Resultado;REAL;MIL;PENÚLTIMO;2023-04-01;2024-03-31;3.04.03;Perdas pela Não Recuperabilidade de Ativos;-2002.0000000000;S
02.635.522/0001-95;2025-03-31;1;JALLES MACHADO S.A.;025496;DF Consolidado - Demonstração do Resultado;REAL;MIL;ÚLTIMO;2024-04-01;2025-03-31;3.04.03;Perdas pela Não Recuperabilidade de Ativos;-28.0000000000;S
02.635.522/0001-95;2025-03-31;1;JALLES MACHADO S.A.;025496;DF Consolidado - Demonstração do Resultado;REAL;MIL;PENÚLTIMO;2023-04-01;2024-03-31;3.04.04;Outras Receitas Operacionais;143263.0000000000;S
02.635.522/0001-95;2025-03-31;1;JALLES MACHADO S.A.;025496;DF Consolidado - Demonstração do Resultado;REAL;MIL;ÚLTIMO;2024-04-01;2025-03-31;3.04.04;Outras Receitas Operacionais;205429.0000000000;S
02.635.522/0001-95;2025-03-31;1;JALLES MACHADO S.A.;025496;DF Consolidado - Demonstração do Resultado;REAL;MIL;PENÚLTIMO;2023-04-01;2024-03-31;3.04.05;Outras Despesas Operacionais;-31511.0000000000;S
02.635.522/0001-95;2025-03-31;1;JALLES MACHADO S.A.;025496;DF Consolidado - Demonstração do Resultado;REAL;MIL;ÚLTIMO;2024-04-01;2025-03-31;3.04.05;Outras Despesas Operacionais;-39833.0000000000;S
02.635.522/0001-95;2025-03-31;1;JALLES MACHADO S.A.;025496;DF Consolidado - Demonstração do Resultado;REAL;MIL;PENÚLTIMO;2023-04-01;2024-03-31;3.04.06;Resultado de Equivalência Patrimonial;13146.0000000000;S
02.635.522/0001-95;2025-03-31;1;JALLES MACHADO S.A.;025496;DF Consolidado - Demonstração do Resultado;REAL;MIL;ÚLTIMO;2024-04-01;2025-03-31;3.04.06;Resultado de Equivalência Patrimonial;8325.0000000000;S
02.635.522/0001-95;2025-03-31;1;JALLES MACHADO S.A.;025496;DF Consolidado - Demonstração do Resultado;REAL;MIL;PENÚLTIMO;2023-04-01;2024-03-31;3.05;Resultado Antes do Resultado Financeiro e dos Tributos;374884.0000000000;S
02.635.522/0001-95;2025-03-31;1;JALLES MACHADO S.A.;025496;DF Consolidado - Demonstração do Resultado;REAL;MIL;ÚLTIMO;2024-04-01;2025-03-31;3.05;Resultado Antes do Resultado Financeiro e dos Tributos;471890.0000000000;S
02.635.522/0001-95;2025-03-31;1;JALLES MACHADO S.A.;025496;DF Consolidado - Demonstração do Resultado;REAL;MIL;PENÚLTIMO;2023-04-01;2024-03-31;3.06;Resultado Financeiro;-333739.0000000000;S
02.635.522/0001-95;2025-03-31;1;JALLES MACHADO S.A.;025496;DF Consolidado - Demonstração do Resultado;REAL;MIL;ÚLTIMO;2024-04-01;2025-03-31;3.06;Resultado Financeiro;-618158.0000000000;S
02.635.522/0001-95;2025-03-31;1;JALLES MACHADO S.A.;025496;DF Consolidado - Demonstração do Resultado;REAL;MIL;PENÚLTIMO;2023-04-01;2024-03-31;3.06.01;Receitas Financeiras;140805.0000000000;S
02.635.522/0001-95;2025-03-31;1;JALLES MACHADO S.A.;025496;DF Consolidado - Demonstração do Resultado;REAL;MIL;ÚLTIMO;2024-04-01;2025-03-31;3.06.01;Receitas Financeiras;151557.0000000000;S
02.635.522/0001-95;2025-03-31;1;JALLES MACHADO S.A.;025496;DF Consolidado - Demonstração do Resultado;REAL;MIL;PENÚLTIMO;2023-04-01;2024-03-31;3.06.01.01;Receitas Financeiras;137574.0000000000;N
02.635.522/0001-95;2025-03-31;1;JALLES MACHADO S.A.;025496;DF Consolidado - Demonstração do Resultado;REAL;MIL;ÚLTIMO;2024-04-01;2025-03-31;3.06.01.01;Receitas Financeiras;151557.0000000000;N
02.635.522/0001-95;2025-03-31;1;JALLES MACHADO S.A.;025496;DF Consolidado - Demonstração do Resultado;REAL;MIL;PENÚLTIMO;2023-04-01;2024-03-31;3.06.01.02;Variações monetárias e cambiais líquidas;3231.0000000000;N
02.635.522/0001-95;2025-03-31;1;JALLES MACHADO S.A.;025496;DF Consolidado - Demonstração do Resultado;REAL;MIL;ÚLTIMO;2024-04-01;2025-03-31;3.06.01.02;Variações monetárias e cambiais líquidas;0.0000000000;N
02.635.522/0001-95;2025-03-31;1;JALLES MACHADO S.A.;025496;DF Consolidado - Demonstração do Resultado;REAL;MIL;PENÚLTIMO;2023-04-01;2024-03-31;3.06.02;Despesas Financeiras;-474544.0000000000;S
02.635.522/0001-95;2025-03-31;1;JALLES MACHADO S.A.;025496;DF Consolidado - Demonstração do Resultado;REAL;MIL;ÚLTIMO;2024-04-01;2025-03-31;3.06.02;Despesas Financeiras;-769715.0000000000;S
02.635.522/0001-95;2025-03-31;1;JALLES MACHADO S.A.;025496;DF Consolidado - Demonstração do Resultado;REAL;MIL;PENÚLTIMO;2023-04-01;2024-03-31;3.06.02.01;Despesas Financeiras;-370634.0000000000;N
02.635.522/0001-95;2025-03-31;1;JALLES MACHADO S.A.;025496;DF Consolidado - Demonstração do Resultado;REAL;MIL;ÚLTIMO;2024-04-01;2025-03-31;3.06.02.01;Despesas Financeiras;-501002.0000000000;N
02.635.522/0001-95;2025-03-31;1;JALLES MACHADO S.A.;025496;DF Consolidado - Demonstração do Resultado;REAL;MIL;PENÚLTIMO;2023-04-01;2024-03-31;3.06.02.02;Variações monetárias e cambiais líquidas;0.0000000000;N
02.635.522/0001-95;2025-03-31;1;JALLES MACHADO S.A.;025496;DF Consolidado - Demonstração do Resultado;REAL;MIL;ÚLTIMO;2024-04-01;2025-03-31;3.06.02.02;Variações monetárias e cambiais líquidas;-16881.0000000000;N
02.635.522/0001-95;2025-03-31;1;JALLES MACHADO S.A.;025496;DF Consolidado - Demonstração do Resultado;REAL;MIL;PENÚLTIMO;2023-04-01;2024-03-31;3.06.02.03;Instrumentos derivativos líquidos;-103910.0000000000;N
02.635.522/0001-95;2025-03-31;1;JALLES MACHADO S.A.;025496;DF Consolidado - Demonstração do Resultado;REAL;MIL;ÚLTIMO;2024-04-01;2025-03-31;3.06.02.03;Instrumentos derivativos líquidos;-251832.0000000000;N
02.635.522/0001-95;2025-03-31;1;JALLES MACHADO S.A.;025496;DF Consolidado - Demonstração do Resultado;REAL;MIL;PENÚLTIMO;2023-04-01;2024-03-31;3.07;Resultado Antes dos Tributos sobre o Lucro;41145.0000000000;S
02.635.522/0001-95;2025-03-31;1;JALLES MACHADO S.A.;025496;DF Consolidado - Demonstração do Resultado;REAL;MIL;ÚLTIMO;2024-04-01;2025-03-31;3.07;Resultado Antes dos Tributos sobre o Lucro;-146268.0000000000;S
02.635.522/0001-95;2025-03-31;1;JALLES MACHADO S.A.;025496;DF Consolidado - Demonstração do Resultado;REAL;MIL;PENÚLTIMO;2023-04-01;2024-03-31;3.08;Imposto de Renda e Contribuição Social sobre o Lucro;43973.0000000000;S
02.635.522/0001-95;2025-03-31;1;JALLES MACHADO S.A.;025496;DF Consolidado - Demonstração do Resultado;REAL;MIL;ÚLTIMO;2024-04-01;2025-03-31;3.08;Imposto de Renda e Contribuição Social sobre o Lucro;90318.0000000000;S
02.635.522/0001-95;2025-03-31;1;JALLES MACHADO S.A.;025496;DF Consolidado - Demonstração do Resultado;REAL;MIL;PENÚLTIMO;2023-04-01;2024-03-31;3.08.01;Corrente;-6942.0000000000;S
02.635.522/0001-95;2025-03-31;1;JALLES MACHADO S.A.;025496;DF Consolidado - Demonstração do Resultado;REAL;MIL;ÚLTIMO;2024-04-01;2025-03-31;3.08.01;Corrente;-46398.0000000000;S
02.635.522/0001-95;2025-03-31;1;JALLES MACHADO S.A.;025496;DF Consolidado - Demonstração do Resultado;REAL;MIL;PENÚLTIMO;2023-04-01;2024-03-31;3.08.02;Diferido;50915.0000000000;S
02.635.522/0001-95;2025-03-31;1;JALLES MACHADO S.A.;025496;DF Consolidado - Demonstração do Resultado;REAL;MIL;ÚLTIMO;2024-04-01;2025-03-31;3.08.02;Diferido;136716.0000000000;S
02.635.522/0001-95;2025-03-31;1;JALLES MACHADO S.A.;025496;DF Consolidado - Demonstração do Resultado;REAL;MIL;PENÚLTIMO;2023-04-01;2024-03-31;3.09;Resultado Líquido das Operações Continuadas;85118.0000000000;S
02.635.522/0001-95;2025-03-31;1;JALLES MACHADO S.A.;025496;DF Consolidado - Demonstração do Resultado;REAL;MIL;ÚLTIMO;2024-04-01;2025-03-31;3.09;Resultado Líquido das Operações Continuadas;-55950.0000000000;S
02.635.522/0001-95;2025-03-31;1;JALLES MACHADO S.A.;025496;DF Consolidado - Demonstração do Resultado;REAL;MIL;PENÚLTIMO;2023-04-01;2024-03-31;3.10;Resultado Líquido de Operações Descontinuadas;0.0000000000;S
02.635.522/0001-95;2025-03-31;1;JALLES MACHADO S.A.;025496;DF Consolidado - Demonstração do Resultado;REAL;MIL;ÚLTIMO;2024-04-01;2025-03-31;3.10;Resultado Líquido de Operações Descontinuadas;0.0000000000;S
02.635.522/0001-95;2025-03-31;1;JALLES MACHADO S.A.;025496;DF Consolidado - Demonstração do Resultado;REAL;MIL;PENÚLTIMO;2023-04-01;2024-03-31;3.10.01;Lucro/Prejuízo Líquido das Operações Descontinuadas;0.0000000000;S
02.635.522/0001-95;2025-03-31;1;JALLES MACHADO S.A.;025496;DF Consolidado - Demonstração do Resultado;REAL;MIL;ÚLTIMO;2024-04-01;2025-03-31;3.10.01;Lucro/Prejuízo Líquido das Operações Descontinuadas;0.0000000000;S
02.635.522/0001-95;2025-03-31;1;JALLES MACHADO S.A.;025496;DF Consolidado - Demonstração do Resultado;REAL;MIL;PENÚLTIMO;2023-04-01;2024-03-31;3.10.02;Ganhos/Perdas Líquidas sobre Ativos de Operações Descontinuadas;0.0000000000;S
02.635.522/0001-95;2025-03-31;1;JALLES MACHADO S.A.;025496;DF Consolidado - Demonstração do Resultado;REAL;MIL;ÚLTIMO;2024-04-01;2025-03-31;3.10.02;Ganhos/Perdas Líquidas sobre Ativos de Operações Descontinuadas;0.0000000000;S
02.635.522/0001-95;2025-03-31;1;JALLES MACHADO S.A.;025496;DF Consolidado - Demonstração do Resultado;REAL;MIL;PENÚLTIMO;2023-04-01;2024-03-31;3.11;Lucro/Prejuízo Consolidado do Período;85118.0000000000;S
02.635.522/0001-95;2025-03-31;1;JALLES MACHADO S.A.;025496;DF Consolidado - Demonstração do Resultado;REAL;MIL;ÚLTIMO;2024-04-01;2025-03-31;3.11;Lucro/Prejuízo Consolidado do Período;-55950.0000000000;S
02.635.522/0001-95;2025-03-31;1;JALLES MACHADO S.A.;025496;DF Consolidado - Demonstração do Resultado;REAL;MIL;PENÚLTIMO;2023-04-01;2024-03-31;3.11.01;Atribuído a Sócios da Empresa Controladora;85118.0000000000;S
02.635.522/0001-95;2025-03-31;1;JALLES MACHADO S.A.;025496;DF Consolidado - Demonstração do Resultado;REAL;MIL;ÚLTIMO;2024-04-01;2025-03-31;3.11.01;Atribuído a Sócios da Empresa Controladora;0.0000000000;S
02.635.522/0001-95;2025-03-31;1;JALLES MACHADO S.A.;025496;DF Consolidado - Demonstração do Resultado;REAL;MIL;PENÚLTIMO;2023-04-01;2024-03-31;3.11.02;Atribuído a Sócios Não Controladores;0.0000000000;S
02.635.522/0001-95;2025-03-31;1;JALLES MACHADO S.A.;025496;DF Consolidado - Demonstração do Resultado;REAL;MIL;ÚLTIMO;2024-04-01;2025-03-31;3.11.02;Atribuído a Sócios Não Controladores;0.0000000000;S
02.635.522/0001-95;2025-03-31;1;JALLES MACHADO S.A.;025496;DF Consolidado - Demonstração do Resultado;REAL;MIL;PENÚLTIMO;2023-04-01;2024-03-31;3.99;Lucro por Ação - (Reais / Ação);0.0000000000;N
02.635.522/0001-95;2025-03-31;1;JALLES MACHADO S.A.;025496;DF Consolidado - Demonstração do Resultado;REAL;MIL;ÚLTIMO;2024-04-01;2025-03-31;3.99;Lucro por Ação - (Reais / Ação);0.0000000000;N
02.635.522/0001-95;2025-03-31;1;JALLES MACHADO S.A.;025496;DF Consolidado - Demonstração do Resultado;REAL;MIL;PENÚLTIMO;2023-04-01;2024-03-31;3.99.01;Lucro Básico por Ação;0.0000000000;N
02.635.522/0001-95;2025-03-31;1;JALLES MACHADO S.A.;025496;DF Consolidado - Demonstração do Resultado;REAL;MIL;ÚLTIMO;2024-04-01;2025-03-31;3.99.01;Lucro Básico por Ação;0.0000000000;N
02.635.522/0001-95;2025-03-31;1;JALLES MACHADO S.A.;025496;DF Consolidado - Demonstração do Resultado;REAL;MIL;PENÚLTIMO;2023-04-01;2024-03-31;3.99.01.01;ON;0.2862200000;N
02.635.522/0001-95;2025-03-31;1;JALLES MACHADO S.A.;025496;DF Consolidado - Demonstração do Resultado;REAL;MIL;ÚLTIMO;2024-04-01;2025-03-31;3.99.01.01;ON;-0.1855400000;N
02.635.522/0001-95;2025-03-31;1;JALLES MACHADO S.A.;025496;DF Consolidado - Demonstração do Resultado;REAL;MIL;PENÚLTIMO;2023-04-01;2024-03-31;3.99.02;Lucro Diluído por Ação;0.0000000000;N
02.635.522/0001-95;2025-03-31;1;JALLES MACHADO S.A.;025496;DF Consolidado - Demonstração do Resultado;REAL;MIL;ÚLTIMO;2024-04-01;2025-03-31;3.99.02;Lucro Diluído por Ação;0.0000000000;N
02.635.522/0001-95;2025-03-31;1;JALLES MACHADO S.A.;025496;DF Consolidado - Demonstração do Resultado;REAL;MIL;PENÚLTIMO;2023-04-01;2024-03-31;3.99.02.01;ON;0.2862200000;N
02.635.522/0001-95;2025-03-31;1;JALLES MACHADO S.A.;025496;DF Consolidado - Demonstração do Resultado;REAL;MIL;ÚLTIMO;2024-04-01;2025-03-31;3.99.02.01;ON;-0.1855400000;N
06.981.381/0001-13;2025-03-31;1;CTC - CENTRO DE TECNOLOGIA CANAVIEIRA S.A.;023981;DF Consolidado - Demonstração do Resultado;REAL;MIL;PENÚLTIMO;2023-04-01;2024-03-31;3.01;Receita de Venda de Bens e/ou Serviços;382068.0000000000;S
06.981.381/0001-13;2025-03-31;1;CTC - CENTRO DE TECNOLOGIA CANAVIEIRA S.A.;023981;DF Consolidado - Demonstração do Resultado;REAL;MIL;ÚLTIMO;2024-04-01;2025-03-31;3.01;Receita de Venda de Bens e/ou Serviços;422648.0000000000;S
06.981.381/0001-13;2025-03-31;1;CTC - CENTRO DE TECNOLOGIA CANAVIEIRA S.A.;023981;DF Consolidado - Demonstração do Resultado;REAL;MIL;PENÚLTIMO;2023-04-01;2024-03-31;3.02;Custo dos Bens e/ou Serviços Vendidos;-127130.0000000000;S
06.981.381/0001-13;2025-03-31;1;CTC - CENTRO DE TECNOLOGIA CANAVIEIRA S.A.;023981;DF Consolidado - Demonstração do Resultado;REAL;MIL;ÚLTIMO;2024-04-01;2025-03-31;3.02;Custo dos Bens e/ou Serviços Vendidos;-139293.0000000000;S
06.981.381/0001-13;2025-03-31;1;CTC - CENTRO DE TECNOLOGIA CANAVIEIRA S.A.;023981;DF Consolidado - Demonstração do Resultado;REAL;MIL;PENÚLTIMO;2023-04-01;2024-03-31;3.03;Resultado Bruto;254938.0000000000;S
06.981.381/0001-13;2025-03-31;1;CTC - CENTRO DE TECNOLOGIA CANAVIEIRA S.A.;023981;DF Consolidado - Demonstração do Resultado;REAL;MIL;ÚLTIMO;2024-04-01;2025-03-31;3.03;Resultado Bruto;283355.0000000000;S
06.981.381/0001-13;2025-03-31;1;CTC - CENTRO DE TECNOLOGIA CANAVIEIRA S.A.;023981;DF Consolidado - Demonstração do Resultado;REAL;MIL;PENÚLTIMO;2023-04-01;2024-03-31;3.04;Despesas/Receitas Operacionais;-104159.0000000000;S
06.981.381/0001-13;2025-03-31;1;CTC - CENTRO DE TECNOLOGIA CANAVIEIRA S.A.;023981;DF Consolidado - Demonstração do Resultado;REAL;MIL;ÚLTIMO;2024-04-01;2025-03-31;3.04;Despesas/Receitas Operacionais;-150519.0000000000;S
06.981.381/0001-13;2025-03-31;1;CTC - CENTRO DE TECNOLOGIA CANAVIEIRA S.A.;023981;DF Consolidado - Demonstração do Resultado;REAL;MIL;PENÚLTIMO;2023-04-01;2024-03-31;3.04.01;Despesas com Vendas;0.0000000000;S
06.981.381/0001-13;2025-03-31;1;CTC - CENTRO DE TECNOLOGIA CANAVIEIRA S.A.;023981;DF Consolidado - Demonstração do Resultado;REAL;MIL;ÚLTIMO;2024-04-01;2025-03-31;3.04.01;Despesas com Vendas;0.0000000000;S
06.981.381/0001-13;2025-03-31;1;CTC - CENTRO DE TECNOLOGIA CANAVIEIRA S.A.;023981;DF Consolidado - Demonstração do Resultado;REAL;MIL;PENÚLTIMO;2023-04-01;2024-03-31;3.04.02;Despesas Gerais e Administrativas;-109935.0000000000;S
06.981.381/0001-13;2025-03-31;1;CTC - CENTRO DE TECNOLOGIA CANAVIEIRA S.A.;023981;DF Consolidado - Demonstração do Resultado;REAL;MIL;ÚLTIMO;2024-04-01;2025-03-31;3.04.02;Despesas Gerais e Administrativas;-126874.0000000000;S
06.981.381/0001-13;2025-03-31;1;CTC - CENTRO DE TECNOLOGIA CANAVIEIRA S.A.;023981;DF Consolidado - Demonstração do Resultado;REAL;MIL;PENÚLTIMO;2023-04-01;2024-03-31;3.04.03;Perdas pela Não Recuperabilidade de Ativos;0.0000000000;S
06.981.381/0001-13;2025-03-31;1;CTC - CENTRO DE TECNOLOGIA CANAVIEIRA S.A.;023981;DF Consolidado - Demonstração do Resultado;REAL;MIL;ÚLTIMO;2024-04-01;2025-03-31;3.04.03;Perdas pela Não Recuperabilidade de Ativos;0.0000000000;S
06.981.381/0001-13;2025-03-31;1;CTC - CENTRO DE TECNOLOGIA CANAVIEIRA S.A.;023981;DF Consolidado - Demonstração do Resultado;REAL;MIL;PENÚLTIMO;2023-04-01;2024-03-31;3.04.04;Outras Receitas Operacionais;0.0000000000;S
06.981.381/0001-13;2025-03-31;1;CTC - CENTRO DE TECNOLOGIA CANAVIEIRA S.A.;023981;DF Consolidado - Demonstração do Resultado;REAL;MIL;ÚLTIMO;2024-04-01;2025-03-31;3.04.04;Outras Receitas Operacionais;0.0000000000;S
06.981.381/0001-13;2025-03-31;1;CTC - CENTRO DE TECNOLOGIA CANAVIEIRA S.A.;023981;DF Consolidado - Demonstração do Resultado;REAL;MIL;PENÚLTIMO;2023-04-01;2024-03-31;3.04.05;Outras Despesas Operacionais;5776.0000000000;S
06.981.381/0001-13;2025-03-31;1;CTC - CENTRO DE TECNOLOGIA CANAVIEIRA S.A.;023981;DF Consolidado - Demonstração do Resultado;REAL;MIL;ÚLTIMO;2024-04-01;2025-03-31;3.04.05;Outras Despesas Operacionais;-23645.0000000000;S
06.981.381/0001-13;2025-03-31;1;CTC - CENTRO DE TECNOLOGIA CANAVIEIRA S.A.;023981;DF Consolidado - Demonstração do Resultado;REAL;MIL;PENÚLTIMO;2023-04-01;2024-03-31;3.04.06;Resultado de Equivalência Patrimonial;0.0000000000;S
06.981.381/0001-13;2025-03-31;1;CTC - CENTRO DE TECNOLOGIA CANAVIEIRA S.A.;023981;DF Consolidado - Demonstração do Resultado;REAL;MIL;ÚLTIMO;2024-04-01;2025-03-31;3.04.06;Resultado de Equivalência Patrimonial;0.0000000000;S
06.981.381/0001-13;2025-03-31;1;CTC - CENTRO DE TECNOLOGIA CANAVIEIRA S.A.;023981;DF Consolidado - Demonstração do Resultado;REAL;MIL;PENÚLTIMO;2023-04-01;2024-03-31;3.05;Resultado Antes do Resultado Financeiro e dos Tributos;150779.0000000000;S
06.981.381/0001-13;2025-03-31;1;CTC - CENTRO DE TECNOLOGIA CANAVIEIRA S.A.;023981;DF Consolidado - Demonstração do Resultado;REAL;MIL;ÚLTIMO;2024-04-01;2025-03-31;3.05;Resultado Antes do Resultado Financeiro e dos Tributos;132836.0000000000;S
06.981.381/0001-13;2025-03-31;1;CTC - CENTRO DE TECNOLOGIA CANAVIEIRA S.A.;023981;DF Consolidado - Demonstração do Resultado;REAL;MIL;PENÚLTIMO;2023-04-01;2024-03-31;3.06;Resultado Financeiro;49123.0000000000;S
06.981.381/0001-13;2025-03-31;1;CTC - CENTRO DE TECNOLOGIA CANAVIEIRA S.A.;023981;DF Consolidado - Demonstração do Resultado;REAL;MIL;ÚLTIMO;2024-04-01;2025-03-31;3.06;Resultado Financeiro;53548.0000000000;S
06.981.381/0001-13;2025-03-31;1;CTC - CENTRO DE TECNOLOGIA CANAVIEIRA S.A.;023981;DF Consolidado - Demonstração do Resultado;REAL;MIL;PENÚLTIMO;2023-04-01;2024-03-31;3.06.01;Receitas Financeiras;53422.0000000000;S
06.981.381/0001-13;2025-03-31;1;CTC - CENTRO DE TECNOLOGIA CANAVIEIRA S.A.;023981;DF Consolidado - Demonstração do Resultado;REAL;MIL;ÚLTIMO;2024-04-01;2025-03-31;3.06.01;Receitas Financeiras;65785.0000000000;S
06.981.381/0001-13;2025-03-31;1;CTC - CENTRO DE TECNOLOGIA CANAVIEIRA S.A.;023981;DF Consolidado - Demonstração do Resultado;REAL;MIL;PENÚLTIMO;2023-04-01;2024-03-31;3.06.02;Despesas Financeiras;-4299.0000000000;S
06.981.381/0001-13;2025-03-31;1;CTC - CENTRO DE TECNOLOGIA CANAVIEIRA S.A.;023981;DF Consolidado - Demonstração do Resultado;REAL;MIL;ÚLTIMO;2024-04-01;2025-03-31;3.06.02;Despesas Financeiras;-12237.0000000000;S
06.981.381/0001-13;2025-03-31;1;CTC - CENTRO DE TECNOLOGIA CANAVIEIRA S.A.;023981;DF Consolidado - Demonstração do Resultado;REAL;MIL;PENÚLTIMO;2023-04-01;2024-03-31;3.06.02.01;Variação cambial liquida;-47.0000000000;N
06.981.381/0001-13;2025-03-31;1;CTC - CENTRO DE TECNOLOGIA CANAVIEIRA S.A.;023981;DF Consolidado - Demonstração do Resultado;REAL;MIL;ÚLTIMO;2024-04-01;2025-03-31;3.06.02.01;Variação cambial liquida;-124.0000000000;N
06.981.381/0001-13;2025-03-31;1;CTC - CENTRO DE TECNOLOGIA CANAVIEIRA S.A.;023981;DF Consolidado - Demonstração do Resultado;REAL;MIL;PENÚLTIMO;2023-04-01;2024-03-31;3.06.02.02;Despesas financeiras;-4252.0000000000;N
06.981.381/0001-13;2025-03-31;1;CTC - CENTRO DE TECNOLOGIA CANAVIEIRA S.A.;023981;DF Consolidado - Demonstração do Resultado;REAL;MIL;ÚLTIMO;2024-04-01;2025-03-31;3.06.02.02;Despesas financeiras;-12113.0000000000;N
06.981.381/0001-13;2025-03-31;1;CTC - CENTRO DE TECNOLOGIA CANAVIEIRA S.A.;023981;DF Consolidado - Demonstração do Resultado;REAL;MIL;PENÚLTIMO;2023-04-01;2024-03-31;3.07;Resultado Antes dos Tributos sobre o Lucro;199902.0000000000;S
06.981.381/0001-13;2025-03-31;1;CTC - CENTRO DE TECNOLOGIA CANAVIEIRA S.A.;023981;DF Consolidado - Demonstração do Resultado;REAL;MIL;ÚLTIMO;2024-04-01;2025-03-31;3.07;Resultado Antes dos Tributos sobre o Lucro;186384.0000000000;S
06.981.381/0001-13;2025-03-31;1;CTC - CENTRO DE TECNOLOGIA CANAVIEIRA S.A.;023981;DF Consolidado - Demonstração do Resultado;REAL;MIL;PENÚLTIMO;2023-04-01;2024-03-31;3.08;Imposto de Renda e Contribuição Social sobre o Lucro;-47595.0000000000;S
06.981.381/0001-13;2025-03-31;1;CTC - CENTRO DE TECNOLOGIA CANAVIEIRA S.A.;023981;DF Consolidado - Demonstração do Resultado;REAL;MIL;ÚLTIMO;2024-04-01;2025-03-31;3.08;Imposto de Renda e Contribuição Social sobre o Lucro;-10707.0000000000;S
06.981.381/0001-13;2025-03-31;1;CTC - CENTRO DE TECNOLOGIA CANAVIEIRA S.A.;023981;DF Consolidado - Demonstração do Resultado;REAL;MIL;PENÚLTIMO;2023-04-01;2024-03-31;3.08.01;Corrente;-44786.0000000000;S
06.981.381/0001-13;2025-03-31;1;CTC - CENTRO DE TECNOLOGIA CANAVIEIRA S.A.;023981;DF Consolidado - Demonstração do Resultado;REAL;MIL;ÚLTIMO;2024-04-01;2025-03-31;3.08.01;Corrente;-10274.0000000000;S
06.981.381/0001-13;2025-03-31;1;CTC - CENTRO DE TECNOLOGIA CANAVIEIRA S.A.;023981;DF Consolidado - Demonstração do Resultado;REAL;MIL;PENÚLTIMO;2023-04-01;2024-03-31;3.08.02;Diferido;-2809.0000000000;S
06.981.381/0001-13;2025-03-31;1;CTC - CENTRO DE TECNOLOGIA CANAVIEIRA S.A.;023981;DF Consolidado - Demonstração do Resultado;REAL;MIL;ÚLTIMO;2024-04-01;2025-03-31;3.08.02;Diferido;-433.0000000000;S
06.981.381/0001-13;2025-03-31;1;CTC - CENTRO DE TECNOLOGIA CANAVIEIRA S.A.;023981;DF Consolidado - Demonstração do Resultado;REAL;MIL;PENÚLTIMO;2023-04-01;2024-03-31;3.09;Resultado Líquido das Operações Continuadas;152307.0000000000;S
06.981.381/0001-13;2025-03-31;1;CTC - CENTRO DE TECNOLOGIA CANAVIEIRA S.A.;023981;DF Consolidado - Demonstração do Resultado;REAL;MIL;ÚLTIMO;2024-04-01;2025-03-31;3.09;Resultado Líquido das Operações Continuadas;175677.0000000000;S
06.981.381/0001-13;2025-03-31;1;CTC - CENTRO DE TECNOLOGIA CANAVIEIRA S.A.;023981;DF Consolidado - Demonstração do Resultado;REAL;MIL;PENÚLTIMO;2023-04-01;2024-03-31;3.10;Resultado Líquido de Operações Descontinuadas;0.0000000000;S
06.981.381/0001-13;2025-03-31;1;CTC - CENTRO DE TECNOLOGIA CANAVIEIRA S.A.;023981;DF Consolidado - Demonstração do Resultado;REAL;MIL;ÚLTIMO;2024-04-01;2025-03-31;3.10;Resultado Líquido de Operações Descontinuadas;0.0000000000;S
06.981.381/0001-13;2025-03-31;1;CTC - CENTRO DE TECNOLOGIA CANAVIEIRA S.A.;023981;DF Consolidado - Demonstração do Resultado;REAL;MIL;PENÚLTIMO;2023-04-01;2024-03-31;3.10.01;Lucro/Prejuízo Líquido das Operações Descontinuadas;0.0000000000;S
06.981.381/0001-13;2025-03-31;1;CTC - CENTRO DE TECNOLOGIA CANAVIEIRA S.A.;023981;DF Consolidado - Demonstração do Resultado;REAL;MIL;ÚLTIMO;2024-04-01;2025-03-31;3.10.01;Lucro/Prejuízo Líquido das Operações Descontinuadas;0.0000000000;S
06.981.381/0001-13;2025-03-31;1;CTC - CENTRO DE TECNOLOGIA CANAVIEIRA S.A.;023981;DF Consolidado - Demonstração do Resultado;REAL;MIL;PENÚLTIMO;2023-04-01;2024-03-31;3.10.02;Ganhos/Perdas Líquidas sobre Ativos de Operações Descontinuadas;0.0000000000;S
06.981.381/0001-13;2025-03-31;1;CTC - CENTRO DE TECNOLOGIA CANAVIEIRA S.A.;023981;DF Consolidado - Demonstração do Resultado;REAL;MIL;ÚLTIMO;2024-04-01;2025-03-31;3.10.02;Ganhos/Perdas Líquidas sobre Ativos de Operações Descontinuadas;0.0000000000;S
06.981.381/0001-13;2025-03-31;1;CTC - CENTRO DE TECNOLOGIA CANAVIEIRA S.A.;023981;DF Consolidado - Demonstração do Resultado;REAL;MIL;PENÚLTIMO;2023-04-01;2024-03-31;3.11;Lucro/Prejuízo Consolidado do Período;152307.0000000000;S
06.981.381/0001-13;2025-03-31;1;CTC - CENTRO DE TECNOLOGIA CANAVIEIRA S.A.;023981;DF Consolidado - Demonstração do Resultado;REAL;MIL;ÚLTIMO;2024-04-01;2025-03-31;3.11;Lucro/Prejuízo Consolidado do Período;175677.0000000000;S
06.981.381/0001-13;2025-03-31;1;CTC - CENTRO DE TECNOLOGIA CANAVIEIRA S.A.;023981;DF Consolidado - Demonstração do Resultado;REAL;MIL;PENÚLTIMO;2023-04-01;2024-03-31;3.11.01;Atribuído a Sócios da Empresa Controladora;152307.0000000000;S
06.981.381/0001-13;2025-03-31;1;CTC - CENTRO DE TECNOLOGIA CANAVIEIRA S.A.;023981;DF Consolidado - Demonstração do Resultado;REAL;MIL;ÚLTIMO;2024-04-01;2025-03-31;3.11.01;Atribuído a Sócios da Empresa Controladora;175677.0000000000;S
06.981.381/0001-13;2025-03-31;1;CTC - CENTRO DE TECNOLOGIA CANAVIEIRA S.A.;023981;DF Consolidado - Demonstração do Resultado;REAL;MIL;PENÚLTIMO;2023-04-01;2024-03-31;3.11.02;Atribuído a Sócios Não Controladores;0.0000000000;S
06.981.381/0001-13;2025-03-31;1;CTC - CENTRO DE TECNOLOGIA CANAVIEIRA S.A.;023981;DF Consolidado - Demonstração do Resultado;REAL;MIL;ÚLTIMO;2024-04-01;2025-03-31;3.11.02;Atribuído a Sócios Não Controladores;0.0000000000;S
06.981.381/0001-13;2025-03-31;1;CTC - CENTRO DE TECNOLOGIA CANAVIEIRA S.A.;023981;DF Consolidado - Demonstração do Resultado;REAL;MIL;PENÚLTIMO;2023-04-01;2024-03-31;3.99;Lucro por Ação - (Reais / Ação);0.0000000000;N
06.981.381/0001-13;2025-03-31;1;CTC - CENTRO DE TECNOLOGIA CANAVIEIRA S.A.;023981;DF Consolidado - Demonstração do Resultado;REAL;MIL;ÚLTIMO;2024-04-01;2025-03-31;3.99;Lucro por Ação - (Reais / Ação);0.0000000000;N
06.981.381/0001-13;2025-03-31;1;CTC - CENTRO DE TECNOLOGIA CANAVIEIRA S.A.;023981;DF Consolidado - Demonstração do Resultado;REAL;MIL;PENÚLTIMO;2023-04-01;2024-03-31;3.99.01;Lucro Básico por Ação;0.0000000000;N
06.981.381/0001-13;2025-03-31;1;CTC - CENTRO DE TECNOLOGIA CANAVIEIRA S.A.;023981;DF Consolidado - Demonstração do Resultado;REAL;MIL;ÚLTIMO;2024-04-01;2025-03-31;3.99.01;Lucro Básico por Ação;0.0000000000;N
06.981.381/0001-13;2025-03-31;1;CTC - CENTRO DE TECNOLOGIA CANAVIEIRA S.A.;023981;DF Consolidado - Demonstração do Resultado;REAL;MIL;PENÚLTIMO;2023-04-01;2024-03-31;3.99.01.01;ON;0.4748000000;N
06.981.381/0001-13;2025-03-31;1;CTC - CENTRO DE TECNOLOGIA CANAVIEIRA S.A.;023981;DF Consolidado - Demonstração do Resultado;REAL;MIL;ÚLTIMO;2024-04-01;2025-03-31;3.99.01.01;ON;0.5453000000;N
06.981.381/0001-13;2025-03-31;1;CTC - CENTRO DE TECNOLOGIA CANAVIEIRA S.A.;023981;DF Consolidado - Demonstração do Resultado;REAL;MIL;PENÚLTIMO;2023-04-01;2024-03-31;3.99.02;Lucro Diluído por Ação;0.0000000000;N
06.981.381/0001-13;2025-03-31;1;CTC - CENTRO DE TECNOLOGIA CANAVIEIRA S.A.;023981;DF Consolidado - Demonstração do Resultado;REAL;MIL;ÚLTIMO;2024-04-01;2025-03-31;3.99.02;Lucro Diluído por Ação;0.0000000000;N
07.628.528/0001-59;2025-06-30;1;BRASILAGRO - CIA BRAS DE PROP AGRICOLAS;020036;DF Consolidado - Demonstração do Resultado;REAL;MIL;PENÚLTIMO;2023-07-01;2024-06-30;3.01;Receita de Venda de Bens e/ou Serviços;1058909.0000000000;S
07.628.528/0001-59;2025-06-30;1;BRASILAGRO - CIA BRAS DE PROP AGRICOLAS;020036;DF Consolidado - Demonstração do Resultado;REAL;MIL;ÚLTIMO;2024-07-01;2025-06-30;3.01;Receita de Venda de Bens e/ou Serviços;1172131.0000000000;S
07.628.528/0001-59;2025-06-30;1;BRASILAGRO - CIA BRAS DE PROP AGRICOLAS;020036;DF Consolidado - Demonstração do Resultado;REAL;MIL;PENÚLTIMO;2023-07-01;2024-06-30;3.01.01;Receita Líquida;771126.0000000000;N
07.628.528/0001-59;2025-06-30;1;BRASILAGRO - CIA BRAS DE PROP AGRICOLAS;020036;DF Consolidado - Demonstração do Resultado;REAL;MIL;ÚLTIMO;2024-07-01;2025-06-30;3.01.01;Receita Líquida;877443.0000000000;N
07.628.528/0001-59;2025-06-30;1;BRASILAGRO - CIA BRAS DE PROP AGRICOLAS;020036;DF Consolidado - Demonstração do Resultado;REAL;MIL;PENÚLTIMO;2023-07-01;2024-06-30;3.01.02;Movimentação de valor justo de ativos biológicos e produtos agrícolas;40499.0000000000;N
07.628.528/0001-59;2025-06-30;1;BRASILAGRO - CIA BRAS DE PROP AGRICOLAS;020036;DF Consolidado - Demonstração do Resultado;REAL;MIL;ÚLTIMO;2024-07-01;2025-06-30;3.01.02;Movimentação de valor justo de ativos biológicos e produtos agrícolas;122671.0000000000;N
07.628.528/0001-59;2025-06-30;1;BRASILAGRO - CIA BRAS DE PROP AGRICOLAS;020036;DF Consolidado - Demonstração do Resultado;REAL;MIL;PENÚLTIMO;2023-07-01;2024-06-30;3.01.03;Reversão de provisão (provisão) do valor recuperável de produtos agrícolas, líquida;-1091.0000000000;N
07.628.528/0001-59;2025-06-30;1;BRASILAGRO - CIA BRAS DE PROP AGRICOLAS;020036;DF Consolidado - Demonstração do Resultado;REAL;MIL;ÚLTIMO;2024-07-01;2025-06-30;3.01.03;Reversão de provisão (provisão) do valor recuperável de produtos agrícolas, líquida;-8069.0000000000;N
07.628.528/0001-59;2025-06-30;1;BRASILAGRO - CIA BRAS DE PROP AGRICOLAS;020036;DF Consolidado - Demonstração do Resultado;REAL;MIL;PENÚLTIMO;2023-07-01;2024-06-30;3.01.04;Ganho com venda de fazenda;248375.0000000000;N
07.628.528/0001-59;2025-06-30;1;BRASILAGRO - CIA BRAS DE PROP AGRICOLAS;020036;DF Consolidado - Demonstração do Resultado;REAL;MIL;ÚLTIMO;2024-07-01;2025-06-30;3.01.04;Ganho com venda de fazenda;180086.0000000000;N
07.628.528/0001-59;2025-06-30;1;BRASILAGRO - CIA BRAS DE PROP AGRICOLAS;020036;DF Consolidado - Demonstração do Resultado;REAL;MIL;PENÚLTIMO;2023-07-01;2024-06-30;3.02;Custo dos Bens e/ou Serviços Vendidos;-747019.0000000000;S
07.628.528/0001-59;2025-06-30;1;BRASILAGRO - CIA BRAS DE PROP AGRICOLAS;020036;DF Consolidado - Demonstração do Resultado;REAL;MIL;ÚLTIMO;2024-07-01;2025-06-30;3.02;Custo dos Bens e/ou Serviços Vendidos;-833910.0000000000;S
07.628.528/0001-59;2025-06-30;1;BRASILAGRO - CIA BRAS DE PROP AGRICOLAS;020036;DF Consolidado - Demonstração do Resultado;REAL;MIL;PENÚLTIMO;2023-07-01;2024-06-30;3.03;Resultado Bruto;311890.0000000000;S
07.628.528/0001-59;2025-06-30;1;BRASILAGRO - CIA BRAS DE PROP AGRICOLAS;020036;DF Consolidado - Demonstração do Resultado;REAL;MIL;ÚLTIMO;2024-07-01;2025-06-30;3.03;Resultado Bruto;338221.0000000000;S
07.628.528/0001-59;2025-06-30;1;BRASILAGRO - CIA BRAS DE PROP AGRICOLAS;020036;DF Consolidado - Demonstração do Resultado;REAL;MIL;PENÚLTIMO;2023-07-01;2024-06-30;3.04;Despesas/Receitas Operacionais;-126083.0000000000;S
07.628.528/0001-59;2025-06-30;1;BRASILAGRO - CIA BRAS DE PROP AGRICOLAS;020036;DF Consolidado - Demonstração do Resultado;REAL;MIL;ÚLTIMO;2024-07-01;2025-06-30;3.04;Despesas/Receitas Operacionais;-133177.0000000000;S
07.628.528/0001-59;2025-06-30;1;BRASILAGRO - CIA BRAS DE PROP AGRICOLAS;020036;DF Consolidado - Demonstração do Resultado;REAL;MIL;PENÚLTIMO;2023-07-01;2024-06-30;3.04.01;Despesas com Vendas;-55064.0000000000;S
07.628.528/0001-59;2025-06-30;1;BRASILAGRO - CIA BRAS DE PROP AGRICOLAS;020036;DF Consolidado - Demonstração do Resultado;REAL;MIL;ÚLTIMO;2024-07-01;2025-06-30;3.04.01;Despesas com Vendas;-59512.0000000000;S
07.628.528/0001-59;2025-06-30;1;BRASILAGRO - CIA BRAS DE PROP AGRICOLAS;020036;DF Consolidado - Demonstração do Resultado;REAL;MIL;PENÚLTIMO;2023-07-01;2024-06-30;3.04.02;Despesas Gerais e Administrativas;-65534.0000000000;S
07.628.528/0001-59;2025-06-30;1;BRASILAGRO - CIA BRAS DE PROP AGRICOLAS;020036;DF Consolidado - Demonstração do Resultado;REAL;MIL;ÚLTIMO;2024-07-01;2025-06-30;3.04.02;Despesas Gerais e Administrativas;-67488.0000000000;S
07.628.528/0001-59;2025-06-30;1;BRASILAGRO - CIA BRAS DE PROP AGRICOLAS;020036;DF Consolidado - Demonstração do Resultado;REAL;MIL;PENÚLTIMO;2023-07-01;2024-06-30;3.04.03;Perdas pela Não Recuperabilidade de Ativos;0.0000000000;S
07.628.528/0001-59;2025-06-30;1;BRASILAGRO - CIA BRAS DE PROP AGRICOLAS;020036;DF Consolidado - Demonstração do Resultado;REAL;MIL;ÚLTIMO;2024-07-01;2025-06-30;3.04.03;Perdas pela Não Recuperabilidade de Ativos;0.0000000000;S
07.628.528/0001-59;2025-06-30;1;BRASILAGRO - CIA BRAS DE PROP AGRICOLAS;020036;DF Consolidado - Demonstração do Resultado;REAL;MIL;PENÚLTIMO;2023-07-01;2024-06-30;3.04.04;Outras Receitas Operacionais;0.0000000000;S
07.628.528/0001-59;2025-06-30;1;BRASILAGRO - CIA BRAS DE PROP AGRICOLAS;020036;DF Consolidado - Demonstração do Resultado;REAL;MIL;ÚLTIMO;2024-07-01;2025-06-30;3.04.04;Outras Receitas Operacionais;0.0000000000;S
07.628.528/0001-59;2025-06-30;1;BRASILAGRO - CIA BRAS DE PROP AGRICOLAS;020036;DF Consolidado - Demonstração do Resultado;REAL;MIL;PENÚLTIMO;2023-07-01;2024-06-30;3.04.05;Outras Despesas Operacionais;-5427.0000000000;S
07.628.528/0001-59;2025-06-30;1;BRASILAGRO - CIA BRAS DE PROP AGRICOLAS;020036;DF Consolidado - Demonstração do Resultado;REAL;MIL;ÚLTIMO;2024-07-01;2025-06-30;3.04.05;Outras Despesas Operacionais;-4753.0000000000;S
07.628.528/0001-59;2025-06-30;1;BRASILAGRO - CIA BRAS DE PROP AGRICOLAS;020036;DF Consolidado - Demonstração do Resultado;REAL;MIL;PENÚLTIMO;2023-07-01;2024-06-30;3.04.06;Resultado de Equivalência Patrimonial;-58.0000000000;S
07.628.528/0001-59;2025-06-30;1;BRASILAGRO - CIA BRAS DE PROP AGRICOLAS;020036;DF Consolidado - Demonstração do Resultado;REAL;MIL;ÚLTIMO;2024-07-01;2025-06-30;3.04.06;Resultado de Equivalência Patrimonial;-1424.0000000000;S
07.628.528/0001-59;2025-06-30;1;BRASILAGRO - CIA BRAS DE PROP AGRICOLAS;020036;DF Consolidado - Demonstração do Resultado;REAL;MIL;PENÚLTIMO;2023-07-01;2024-06-30;3.05;Resultado Antes do Resultado Financeiro e dos Tributos;185807.0000000000;S
07.628.528/0001-59;2025-06-30;1;BRASILAGRO - CIA BRAS DE PROP AGRICOLAS;020036;DF Consolidado - Demonstração do Resultado;REAL;MIL;ÚLTIMO;2024-07-01;2025-06-30;3.05;Resultado Antes do Resultado Financeiro e dos Tributos;205044.0000000000;S
07.628.528/0001-59;2025-06-30;1;BRASILAGRO - CIA BRAS DE PROP AGRICOLAS;020036;DF Consolidado - Demonstração do Resultado;REAL;MIL;PENÚLTIMO;2023-07-01;2024-06-30;3.06;Resultado Financeiro;5708.0000000000;S
07.628.528/0001-59;2025-06-30;1;BRASILAGRO - CIA BRAS DE PROP AGRICOLAS;020036;DF Consolidado - Demonstração do Resultado;REAL;MIL;ÚLTIMO;2024-07-01;2025-06-30;3.06;Resultado Financeiro;-80396.0000000000;S
07.628.528/0001-59;2025-06-30;1;BRASILAGRO - CIA BRAS DE PROP AGRICOLAS;020036;DF Consolidado - Demonstração do Resultado;REAL;MIL;PENÚLTIMO;2023-07-01;2024-06-30;3.06.01;Receitas Financeiras;312916.0000000000;S
07.628.528/0001-59;2025-06-30;1;BRASILAGRO - CIA BRAS DE PROP AGRICOLAS;020036;DF Consolidado - Demonstração do Resultado;REAL;MIL;ÚLTIMO;2024-07-01;2025-06-30;3.06.01;Receitas Financeiras;337510.0000000000;S
07.628.528/0001-59;2025-06-30;1;BRASILAGRO - CIA BRAS DE PROP AGRICOLAS;020036;DF Consolidado - Demonstração do Resultado;REAL;MIL;PENÚLTIMO;2023-07-01;2024-06-30;3.06.02;Despesas Financeiras;-307208.0000000000;S
07.628.528/0001-59;2025-06-30;1;BRASILAGRO - CIA BRAS DE PROP AGRICOLAS;020036;DF Consolidado - Demonstração do Resultado;REAL;MIL;ÚLTIMO;2024-07-01;2025-06-30;3.06.02;Despesas Financeiras;-417906.0000000000;S
07.628.528/0001-59;2025-06-30;1;BRASILAGRO - CIA BRAS DE PROP AGRICOLAS;020036;DF Consolidado - Demonstração do Resultado;REAL;MIL;PENÚLTIMO;2023-07-01;2024-06-30;3.07;Resultado Antes dos Tributos sobre o Lucro;191515.0000000000;S
07.628.528/0001-59;2025-06-30;1;BRASILAGRO - CIA BRAS DE PROP AGRICOLAS;020036;DF Consolidado - Demonstração do Resultado;REAL;MIL;ÚLTIMO;2024-07-01;2025-06-30;3.07;Resultado Antes dos Tributos sobre o Lucro;124648.0000000000;S
07.628.528/0001-59;2025-06-30;1;BRASILAGRO - CIA BRAS DE PROP AGRICOLAS;020036;DF Consolidado - Demonstração do Resultado;REAL;MIL;PENÚLTIMO;2023-07-01;2024-06-30;3.08;Imposto de Renda e Contribuição Social sobre o Lucro;35352.0000000000;S
07.628.528/0001-59;2025-06-30;1;BRASILAGRO - CIA BRAS DE PROP AGRICOLAS;020036;DF Consolidado - Demonstração do Resultado;REAL;MIL;ÚLTIMO;2024-07-01;2025-06-30;3.08;Imposto de Renda e Contribuição Social sobre o Lucro;13371.0000000000;S
07.628.528/0001-59;2025-06-30;1;BRASILAGRO - CIA BRAS DE PROP AGRICOLAS;020036;DF Consolidado - Demonstração do Resultado;REAL;MIL;PENÚLTIMO;2023-07-01;2024-06-30;3.08.01;Corrente;35352.0000000000;S
07.628.528/0001-59;2025-06-30;1;BRASILAGRO - CIA BRAS DE PROP AGRICOLAS;020036;DF Consolidado - Demonstração do Resultado;REAL;MIL;ÚLTIMO;2024-07-01;2025-06-30;3.08.01;Corrente;13371.0000000000;S
07.628.528/0001-59;2025-06-30;1;BRASILAGRO - CIA BRAS DE PROP AGRICOLAS;020036;DF Consolidado - Demonstração do Resultado;REAL;MIL;PENÚLTIMO;2023-07-01;2024-06-30;3.08.02;Diferido;0.0000000000;S
07.628.528/0001-59;2025-06-30;1;BRASILAGRO - CIA BRAS DE PROP AGRICOLAS;020036;DF Consolidado - Demonstração do Resultado;REAL;MIL;ÚLTIMO;2024-07-01;2025-06-30;3.08.02;Diferido;0.0000000000;S
07.628.528/0001-59;2025-06-30;1;BRASILAGRO - CIA BRAS DE PROP AGRICOLAS;020036;DF Consolidado - Demonstração do Resultado;REAL;MIL;PENÚLTIMO;2023-07-01;2024-06-30;3.09;Resultado Líquido das Operações Continuadas;226867.0000000000;S
07.628.528/0001-59;2025-06-30;1;BRASILAGRO - CIA BRAS DE PROP AGRICOLAS;020036;DF Consolidado - Demonstração do Resultado;REAL;MIL;ÚLTIMO;2024-07-01;2025-06-30;3.09;Resultado Líquido das Operações Continuadas;138019.0000000000;S
07.628.528/0001-59;2025-06-30;1;BRASILAGRO - CIA BRAS DE PROP AGRICOLAS;020036;DF Consolidado - Demonstração do Resultado;REAL;MIL;PENÚLTIMO;2023-07-01;2024-06-30;3.10;Resultado Líquido de Operações Descontinuadas;0.0000000000;S
07.628.528/0001-59;2025-06-30;1;BRASILAGRO - CIA BRAS DE PROP AGRICOLAS;020036;DF Consolidado - Demonstração do Resultado;REAL;MIL;ÚLTIMO;2024-07-01;2025-06-30;3.10;Resultado Líquido de Operações Descontinuadas;0.0000000000;S
07.628.528/0001-59;2025-06-30;1;BRASILAGRO - CIA BRAS DE PROP AGRICOLAS;020036;DF Consolidado - Demonstração do Resultado;REAL;MIL;PENÚLTIMO;2023-07-01;2024-06-30;3.10.01;Lucro/Prejuízo Líquido das Operações Descontinuadas;0.0000000000;S
07.628.528/0001-59;2025-06-30;1;BRASILAGRO - CIA BRAS DE PROP AGRICOLAS;020036;DF Consolidado - Demonstração do Resultado;REAL;MIL;ÚLTIMO;2024-07-01;2025-06-30;3.10.01;Lucro/Prejuízo Líquido das Operações Descontinuadas;0.0000000000;S
07.628.528/0001-59;2025-06-30;1;BRASILAGRO - CIA BRAS DE PROP AGRICOLAS;020036;DF Consolidado - Demonstração do Resultado;REAL;MIL;PENÚLTIMO;2023-07-01;2024-06-30;3.10.02;Ganhos/Perdas Líquidas sobre Ativos de Operações Descontinuadas;0.0000000000;S
07.628.528/0001-59;2025-06-30;1;BRASILAGRO - CIA BRAS DE PROP AGRICOLAS;020036;DF Consolidado - Demonstração do Resultado;REAL;MIL;ÚLTIMO;2024-07-01;2025-06-30;3.10.02;Ganhos/Perdas Líquidas sobre Ativos de Operações Descontinuadas;0.0000000000;S
07.628.528/0001-59;2025-06-30;1;BRASILAGRO - CIA BRAS DE PROP AGRICOLAS;020036;DF Consolidado - Demonstração do Resultado;REAL;MIL;PENÚLTIMO;2023-07-01;2024-06-30;3.11;Lucro/Prejuízo Consolidado do Período;226867.0000000000;S
07.628.528/0001-59;2025-06-30;1;BRASILAGRO - CIA BRAS DE PROP AGRICOLAS;020036;DF Consolidado - Demonstração do Resultado;REAL;MIL;ÚLTIMO;2024-07-01;2025-06-30;3.11;Lucro/Prejuízo Consolidado do Período;138019.0000000000;S
07.628.528/0001-59;2025-06-30;1;BRASILAGRO - CIA BRAS DE PROP AGRICOLAS;020036;DF Consolidado - Demonstração do Resultado;REAL;MIL;PENÚLTIMO;2023-07-01;2024-06-30;3.11.01;Atribuído a Sócios da Empresa Controladora;0.0000000000;S
07.628.528/0001-59;2025-06-30;1;BRASILAGRO - CIA BRAS DE PROP AGRICOLAS;020036;DF Consolidado - Demonstração do Resultado;REAL;MIL;ÚLTIMO;2024-07-01;2025-06-30;3.11.01;Atribuído a Sócios da Empresa Controladora;0.0000000000;S
07.628.528/0001-59;2025-06-30;1;BRASILAGRO - CIA BRAS DE PROP AGRICOLAS;020036;DF Consolidado - Demonstração do Resultado;REAL;MIL;PENÚLTIMO;2023-07-01;2024-06-30;3.11.02;Atribuído a Sócios Não Controladores;0.0000000000;S
07.628.528/0001-59;2025-06-30;1;BRASILAGRO - CIA BRAS DE PROP AGRICOLAS;020036;DF Consolidado - Demonstração do Resultado;REAL;MIL;ÚLTIMO;2024-07-01;2025-06-30;3.11.02;Atribuído a Sócios Não Controladores;0.0000000000;S
07.628.528/0001-59;2025-06-30;1;BRASILAGRO - CIA BRAS DE PROP AGRICOLAS;020036;DF Consolidado - Demonstração do Resultado;REAL;MIL;PENÚLTIMO;2023-07-01;2024-06-30;3.99;Lucro por Ação - (Reais / Ação);0.0000000000;N
07.628.528/0001-59;2025-06-30;1;BRASILAGRO - CIA BRAS DE PROP AGRICOLAS;020036;DF Consolidado - Demonstração do Resultado;REAL;MIL;ÚLTIMO;2024-07-01;2025-06-30;3.99;Lucro por Ação - (Reais / Ação);0.0000000000;N
07.628.528/0001-59;2025-06-30;1;BRASILAGRO - CIA BRAS DE PROP AGRICOLAS;020036;DF Consolidado - Demonstração do Resultado;REAL;MIL;PENÚLTIMO;2023-07-01;2024-06-30;3.99.01;Lucro Básico por Ação;0.0000000000;N
07.628.528/0001-59;2025-06-30;1;BRASILAGRO - CIA BRAS DE PROP AGRICOLAS;020036;DF Consolidado - Demonstração do Resultado;REAL;MIL;ÚLTIMO;2024-07-01;2025-06-30;3.99.01;Lucro Básico por Ação;0.0000000000;N
07.628.528/0001-59;2025-06-30;1;BRASILAGRO - CIA BRAS DE PROP AGRICOLAS;020036;DF Consolidado - Demonstração do Resultado;REAL;MIL;PENÚLTIMO;2023-07-01;2024-06-30;3.99.01.01;ON;2.2774000000;N
07.628.528/0001-59;2025-06-30;1;BRASILAGRO - CIA BRAS DE PROP AGRICOLAS;020036;DF Consolidado - Demonstração do Resultado;REAL;MIL;ÚLTIMO;2024-07-01;2025-06-30;3.99.01.01;ON;1.3855000000;N
07.628.528/0001-59;2025-06-30;1;BRASILAGRO - CIA BRAS DE PROP AGRICOLAS;020036;DF Consolidado - Demonstração do Resultado;REAL;MIL;PENÚLTIMO;2023-07-01;2024-06-30;3.99.02;Lucro Diluído por Ação;0.0000000000;N
07.628.528/0001-59;2025-06-30;1;BRASILAGRO - CIA BRAS DE PROP AGRICOLAS;020036;DF Consolidado - Demonstração do Resultado;REAL;MIL;ÚLTIMO;2024-07-01;2025-06-30;3.99.02;Lucro Diluído por Ação;0.0000000000;N
07.628.528/0001-59;2025-06-30;1;BRASILAGRO - CIA BRAS DE PROP AGRICOLAS;020036;DF Consolidado - Demonstração do Resultado;REAL;MIL;PENÚLTIMO;2023-07-01;2024-06-30;3.99.02.01;ON;2.2670000000;N
07.628.528/0001-59;2025-06-30;1;BRASILAGRO - CIA BRAS DE PROP AGRICOLAS;020036;DF Consolidado - Demonstração do Resultado;REAL;MIL;ÚLTIMO;2024-07-01;2025-06-30;3.99.02.01;ON;1.3780000000;N
08.070.508/0001-78;2025-03-31;1;RAIZEN ENERGIA S.A.;023230;DF Consolidado - Demonstração do Resultado;REAL;MIL;PENÚLTIMO;2023-04-01;2024-03-31;3.01;Receita de Venda de Bens e/ou Serviços;66908527.0000000000;S
08.070.508/0001-78;2025-03-31;1;RAIZEN ENERGIA S.A.;023230;DF Consolidado - Demonstração do Resultado;REAL;MIL;ÚLTIMO;2024-04-01;2025-03-31;3.01;Receita de Venda de Bens e/ou Serviços;87700109.0000000000;S
08.070.508/0001-78;2025-03-31;1;RAIZEN ENERGIA S.A.;023230;DF Consolidado - Demonstração do Resultado;REAL;MIL;PENÚLTIMO;2023-04-01;2024-03-31;3.02;Custo dos Bens e/ou Serviços Vendidos;-60894188.0000000000;S
08.070.508/0001-78;2025-03-31;1;RAIZEN ENERGIA S.A.;023230;DF Consolidado - Demonstração do Resultado;REAL;MIL;ÚLTIMO;2024-04-01;2025-03-31;3.02;Custo dos Bens e/ou Serviços Vendidos;-85387334.0000000000;S
08.070.508/0001-78;2025-03-31;1;RAIZEN ENERGIA S.A.;023230;DF Consolidado - Demonstração do Resultado;REAL;MIL;PENÚLTIMO;2023-04-01;2024-03-31;3.03;Resultado Bruto;6014339.0000000000;S
08.070.508/0001-78;2025-03-31;1;RAIZEN ENERGIA S.A.;023230;DF Consolidado - Demonstração do Resultado;REAL;MIL;ÚLTIMO;2024-04-01;2025-03-31;3.03;Resultado Bruto;2312775.0000000000;S
08.070.508/0001-78;2025-03-31;1;RAIZEN ENERGIA S.A.;023230;DF Consolidado - Demonstração do Resultado;REAL;MIL;PENÚLTIMO;2023-04-01;2024-03-31;3.04;Despesas/Receitas Operacionais;-4080937.0000000000;S
08.070.508/0001-78;2025-03-31;1;RAIZEN ENERGIA S.A.;023230;DF Consolidado - Demonstração do Resultado;REAL;MIL;ÚLTIMO;2024-04-01;2025-03-31;3.04;Despesas/Receitas Operacionais;-3405841.0000000000;S
08.070.508/0001-78;2025-03-31;1;RAIZEN ENERGIA S.A.;023230;DF Consolidado - Demonstração do Resultado;REAL;MIL;PENÚLTIMO;2023-04-01;2024-03-31;3.04.01;Despesas com Vendas;-2376100.0000000000;S
08.070.508/0001-78;2025-03-31;1;RAIZEN ENERGIA S.A.;023230;DF Consolidado - Demonstração do Resultado;REAL;MIL;ÚLTIMO;2024-04-01;2025-03-31;3.04.01;Despesas com Vendas;-2553727.0000000000;S
08.070.508/0001-78;2025-03-31;1;RAIZEN ENERGIA S.A.;023230;DF Consolidado - Demonstração do Resultado;REAL;MIL;PENÚLTIMO;2023-04-01;2024-03-31;3.04.02;Despesas Gerais e Administrativas;-1714984.0000000000;S
08.070.508/0001-78;2025-03-31;1;RAIZEN ENERGIA S.A.;023230;DF Consolidado - Demonstração do Resultado;REAL;MIL;ÚLTIMO;2024-04-01;2025-03-31;3.04.02;Despesas Gerais e Administrativas;-1343435.0000000000;S
08.070.508/0001-78;2025-03-31;1;RAIZEN ENERGIA S.A.;023230;DF Consolidado - Demonstração do Resultado;REAL;MIL;PENÚLTIMO;2023-04-01;2024-03-31;3.04.03;Perdas pela Não Recuperabilidade de Ativos;0.0000000000;S
08.070.508/0001-78;2025-03-31;1;RAIZEN ENERGIA S.A.;023230;DF Consolidado - Demonstração do Resultado;REAL;MIL;ÚLTIMO;2024-04-01;2025-03-31;3.04.03;Perdas pela Não Recuperabilidade de Ativos;0.0000000000;S
08.070.508/0001-78;2025-03-31;1;RAIZEN ENERGIA S.A.;023230;DF Consolidado - Demonstração do Resultado;REAL;MIL;PENÚLTIMO;2023-04-01;2024-03-31;3.04.04;Outras Receitas Operacionais;33201.0000000000;S
08.070.508/0001-78;2025-03-31;1;RAIZEN ENERGIA S.A.;023230;DF Consolidado - Demonstração do Resultado;REAL;MIL;ÚLTIMO;2024-04-01;2025-03-31;3.04.04;Outras Receitas Operacionais;505960.0000000000;S
08.070.508/0001-78;2025-03-31;1;RAIZEN ENERGIA S.A.;023230;DF Consolidado - Demonstração do Resultado;REAL;MIL;PENÚLTIMO;2023-04-01;2024-03-31;3.04.05;Outras Despesas Operacionais;0.0000000000;S
08.070.508/0001-78;2025-03-31;1;RAIZEN ENERGIA S.A.;023230;DF Consolidado - Demonstração do Resultado;REAL;MIL;ÚLTIMO;2024-04-01;2025-03-31;3.04.05;Outras Despesas Operacionais;0.0000000000;S
08.070.508/0001-78;2025-03-31;1;RAIZEN ENERGIA S.A.;023230;DF Consolidado - Demonstração do Resultado;REAL;MIL;PENÚLTIMO;2023-04-01;2024-03-31;3.04.06;Resultado de Equivalência Patrimonial;-23054.0000000000;S
08.070.508/0001-78;2025-03-31;1;RAIZEN ENERGIA S.A.;023230;DF Consolidado - Demonstração do Resultado;REAL;MIL;ÚLTIMO;2024-04-01;2025-03-31;3.04.06;Resultado de Equivalência Patrimonial;-14639.0000000000;S
08.070.508/0001-78;2025-03-31;1;RAIZEN ENERGIA S.A.;023230;DF Consolidado - Demonstração do Resultado;REAL;MIL;PENÚLTIMO;2023-04-01;2024-03-31;3.05;Resultado Antes do Resultado Financeiro e dos Tributos;1933402.0000000000;S
08.070.508/0001-78;2025-03-31;1;RAIZEN ENERGIA S.A.;023230;DF Consolidado - Demonstração do Resultado;REAL;MIL;ÚLTIMO;2024-04-01;2025-03-31;3.05;Resultado Antes do Resultado Financeiro e dos Tributos;-1093066.0000000000;S
08.070.508/0001-78;2025-03-31;1;RAIZEN ENERGIA S.A.;023230;DF Consolidado - Demonstração do Resultado;REAL;MIL;PENÚLTIMO;2023-04-01;2024-03-31;3.06;Resultado Financeiro;-2923971.0000000000;S
08.070.508/0001-78;2025-03-31;1;RAIZEN ENERGIA S.A.;023230;DF Consolidado - Demonstração do Resultado;REAL;MIL;ÚLTIMO;2024-04-01;2025-03-31;3.06;Resultado Financeiro;-4309297.0000000000;S
08.070.508/0001-78;2025-03-31;1;RAIZEN ENERGIA S.A.;023230;DF Consolidado - Demonstração do Resultado;REAL;MIL;PENÚLTIMO;2023-04-01;2024-03-31;3.06.01;Receitas Financeiras;2076181.0000000000;S
08.070.508/0001-78;2025-03-31;1;RAIZEN ENERGIA S.A.;023230;DF Consolidado - Demonstração do Resultado;REAL;MIL;ÚLTIMO;2024-04-01;2025-03-31;3.06.01;Receitas Financeiras;2395089.0000000000;S
08.070.508/0001-78;2025-03-31;1;RAIZEN ENERGIA S.A.;023230;DF Consolidado - Demonstração do Resultado;REAL;MIL;PENÚLTIMO;2023-04-01;2024-03-31;3.06.01.01;Receitas financeiras;1960489.0000000000;N
08.070.508/0001-78;2025-03-31;1;RAIZEN ENERGIA S.A.;023230;DF Consolidado - Demonstração do Resultado;REAL;MIL;ÚLTIMO;2024-04-01;2025-03-31;3.06.01.01;Receitas financeiras;2395089.0000000000;N
08.070.508/0001-78;2025-03-31;1;RAIZEN ENERGIA S.A.;023230;DF Consolidado - Demonstração do Resultado;REAL;MIL;PENÚLTIMO;2023-04-01;2024-03-31;3.06.01.02;Efeito líquido dos derivativos;0.0000000000;N
08.070.508/0001-78;2025-03-31;1;RAIZEN ENERGIA S.A.;023230;DF Consolidado - Demonstração do Resultado;REAL;MIL;ÚLTIMO;2024-04-01;2025-03-31;3.06.01.02;Efeito líquido dos derivativos;0.0000000000;N
08.070.508/0001-78;2025-03-31;1;RAIZEN ENERGIA S.A.;023230;DF Consolidado - Demonstração do Resultado;REAL;MIL;PENÚLTIMO;2023-04-01;2024-03-31;3.06.01.03;Variações cambiais, líquidas;115692.0000000000;N
08.070.508/0001-78;2025-03-31;1;RAIZEN ENERGIA S.A.;023230;DF Consolidado - Demonstração do Resultado;REAL;MIL;ÚLTIMO;2024-04-01;2025-03-31;3.06.01.03;Variações cambiais, líquidas;0.0000000000;N
08.070.508/0001-78;2025-03-31;1;RAIZEN ENERGIA S.A.;023230;DF Consolidado - Demonstração do Resultado;REAL;MIL;PENÚLTIMO;2023-04-01;2024-03-31;3.06.02;Despesas Financeiras;-5000152.0000000000;S
08.070.508/0001-78;2025-03-31;1;RAIZEN ENERGIA S.A.;023230;DF Consolidado - Demonstração do Resultado;REAL;MIL;ÚLTIMO;2024-04-01;2025-03-31;3.06.02;Despesas Financeiras;-6704386.0000000000;S
08.070.508/0001-78;2025-03-31;1;RAIZEN ENERGIA S.A.;023230;DF Consolidado - Demonstração do Resultado;REAL;MIL;PENÚLTIMO;2023-04-01;2024-03-31;3.06.02.01;Despesas financeiras;-4134650.0000000000;N
08.070.508/0001-78;2025-03-31;1;RAIZEN ENERGIA S.A.;023230;DF Consolidado - Demonstração do Resultado;REAL;MIL;ÚLTIMO;2024-04-01;2025-03-31;3.06.02.01;Despesas financeiras;-4267370.0000000000;N
08.070.508/0001-78;2025-03-31;1;RAIZEN ENERGIA S.A.;023230;DF Consolidado - Demonstração do Resultado;REAL;MIL;PENÚLTIMO;2023-04-01;2024-03-31;3.06.02.02;Variações cambiais, líquidas;0.0000000000;N
08.070.508/0001-78;2025-03-31;1;RAIZEN ENERGIA S.A.;023230;DF Consolidado - Demonstração do Resultado;REAL;MIL;ÚLTIMO;2024-04-01;2025-03-31;3.06.02.02;Variações cambiais, líquidas;-938097.0000000000;N
08.070.508/0001-78;2025-03-31;1;RAIZEN ENERGIA S.A.;023230;DF Consolidado - Demonstração do Resultado;REAL;MIL;PENÚLTIMO;2023-04-01;2024-03-31;3.06.02.03;Efeito líquido dos derivativos;-865502.0000000000;N
08.070.508/0001-78;2025-03-31;1;RAIZEN ENERGIA S.A.;023230;DF Consolidado - Demonstração do Resultado;REAL;MIL;ÚLTIMO;2024-04-01;2025-03-31;3.06.02.03;Efeito líquido dos derivativos;-1498919.0000000000;N
08.070.508/0001-78;2025-03-31;1;RAIZEN ENERGIA S.A.;023230;DF Consolidado - Demonstração do Resultado;REAL;MIL;PENÚLTIMO;2023-04-01;2024-03-31;3.07;Resultado Antes dos Tributos sobre o Lucro;-990569.0000000000;S
08.070.508/0001-78;2025-03-31;1;RAIZEN ENERGIA S.A.;023230;DF Consolidado - Demonstração do Resultado;REAL;MIL;ÚLTIMO;2024-04-01;2025-03-31;3.07;Resultado Antes dos Tributos sobre o Lucro;-5402363.0000000000;S
08.070.508/0001-78;2025-03-31;1;RAIZEN ENERGIA S.A.;023230;DF Consolidado - Demonstração do Resultado;REAL;MIL;PENÚLTIMO;2023-04-01;2024-03-31;3.08;Imposto de Renda e Contribuição Social sobre o Lucro;-322745.0000000000;S
08.070.508/0001-78;2025-03-31;1;RAIZEN ENERGIA S.A.;023230;DF Consolidado - Demonstração do Resultado;REAL;MIL;ÚLTIMO;2024-04-01;2025-03-31;3.08;Imposto de Renda e Contribuição Social sobre o Lucro;-695966.0000000000;S
08.070.508/0001-78;2025-03-31;1;RAIZEN ENERGIA S.A.;023230;DF Consolidado - Demonstração do Resultado;REAL;MIL;PENÚLTIMO;2023-04-01;2024-03-31;3.08.01;Corrente;-402514.0000000000;S
08.070.508/0001-78;2025-03-31;1;RAIZEN ENERGIA S.A.;023230;DF Consolidado - Demonstração do Resultado;REAL;MIL;ÚLTIMO;2024-04-01;2025-03-31;3.08.01;Corrente;-343438.0000000000;S
08.070.508/0001-78;2025-03-31;1;RAIZEN ENERGIA S.A.;023230;DF Consolidado - Demonstração do Resultado;REAL;MIL;PENÚLTIMO;2023-04-01;2024-03-31;3.08.02;Diferido;79769.0000000000;S
08.070.508/0001-78;2025-03-31;1;RAIZEN ENERGIA S.A.;023230;DF Consolidado - Demonstração do Resultado;REAL;MIL;ÚLTIMO;2024-04-01;2025-03-31;3.08.02;Diferido;-352528.0000000000;S
08.070.508/0001-78;2025-03-31;1;RAIZEN ENERGIA S.A.;023230;DF Consolidado - Demonstração do Resultado;REAL;MIL;PENÚLTIMO;2023-04-01;2024-03-31;3.09;Resultado Líquido das Operações Continuadas;-1313314.0000000000;S
08.070.508/0001-78;2025-03-31;1;RAIZEN ENERGIA S.A.;023230;DF Consolidado - Demonstração do Resultado;REAL;MIL;ÚLTIMO;2024-04-01;2025-03-31;3.09;Resultado Líquido das Operações Continuadas;-6098329.0000000000;S
08.070.508/0001-78;2025-03-31;1;RAIZEN ENERGIA S.A.;023230;DF Consolidado - Demonstração do Resultado;REAL;MIL;PENÚLTIMO;2023-04-01;2024-03-31;3.10;Resultado Líquido de Operações Descontinuadas;0.0000000000;S
08.070.508/0001-78;2025-03-31;1;RAIZEN ENERGIA S.A.;023230;DF Consolidado - Demonstração do Resultado;REAL;MIL;ÚLTIMO;2024-04-01;2025-03-31;3.10;Resultado Líquido de Operações Descontinuadas;0.0000000000;S
08.070.508/0001-78;2025-03-31;1;RAIZEN ENERGIA S.A.;023230;DF Consolidado - Demonstração do Resultado;REAL;MIL;PENÚLTIMO;2023-04-01;2024-03-31;3.10.01;Lucro/Prejuízo Líquido das Operações Descontinuadas;0.0000000000;S
08.070.508/0001-78;2025-03-31;1;RAIZEN ENERGIA S.A.;023230;DF Consolidado - Demonstração do Resultado;REAL;MIL;ÚLTIMO;2024-04-01;2025-03-31;3.10.01;Lucro/Prejuízo Líquido das Operações Descontinuadas;0.0000000000;S
08.070.508/0001-78;2025-03-31;1;RAIZEN ENERGIA S.A.;023230;DF Consolidado - Demonstração do Resultado;REAL;MIL;PENÚLTIMO;2023-04-01;2024-03-31;3.10.02;Ganhos/Perdas Líquidas sobre Ativos de Operações Descontinuadas;0.0000000000;S
08.070.508/0001-78;2025-03-31;1;RAIZEN ENERGIA S.A.;023230;DF Consolidado - Demonstração do Resultado;REAL;MIL;ÚLTIMO;2024-04-01;2025-03-31;3.10.02;Ganhos/Perdas Líquidas sobre Ativos de Operações Descontinuadas;0.0000000000;S
08.070.508/0001-78;2025-03-31;1;RAIZEN ENERGIA S.A.;023230;DF Consolidado - Demonstração do Resultado;REAL;MIL;PENÚLTIMO;2023-04-01;2024-03-31;3.11;Lucro/Prejuízo Consolidado do Período;-1313314.0000000000;S
08.070.508/0001-78;2025-03-31;1;RAIZEN ENERGIA S.A.;023230;DF Consolidado - Demonstração do Resultado;REAL;MIL;ÚLTIMO;2024-04-01;2025-03-31;3.11;Lucro/Prejuízo Consolidado do Período;-6098329.0000000000;S
08.070.508/0001-78;2025-03-31;1;RAIZEN ENERGIA S.A.;023230;DF Consolidado - Demonstração do Resultado;REAL;MIL;PENÚLTIMO;2023-04-01;2024-03-31;3.11.01;Atribuído a Sócios da Empresa Controladora;-1272688.0000000000;S
08.070.508/0001-78;2025-03-31;1;RAIZEN ENERGIA S.A.;023230;DF Consolidado - Demonstração do Resultado;REAL;MIL;ÚLTIMO;2024-04-01;2025-03-31;3.11.01;Atribuído a Sócios da Empresa Controladora;-6085054.0000000000;S
08.070.508/0001-78;2025-03-31;1;RAIZEN ENERGIA S.A.;023230;DF Consolidado - Demonstração do Resultado;REAL;MIL;PENÚLTIMO;2023-04-01;2024-03-31;3.11.02;Atribuído a Sócios Não Controladores;-40626.0000000000;S
08.070.508/0001-78;2025-03-31;1;RAIZEN ENERGIA S.A.;023230;DF Consolidado - Demonstração do Resultado;REAL;MIL;ÚLTIMO;2024-04-01;2025-03-31;3.11.02;Atribuído a Sócios Não Controladores;-13275.0000000000;S
08.070.508/0001-78;2025-03-31;1;RAIZEN ENERGIA S.A.;023230;DF Consolidado - Demonstração do Resultado;REAL;MIL;PENÚLTIMO;2023-04-01;2024-03-31;3.99;Lucro por Ação - (Reais / Ação);0.0000000000;N
08.070.508/0001-78;2025-03-31;1;RAIZEN ENERGIA S.A.;023230;DF Consolidado - Demonstração do Resultado;REAL;MIL;ÚLTIMO;2024-04-01;2025-03-31;3.99;Lucro por Ação - (Reais / Ação);0.0000000000;N
08.070.508/0001-78;2025-03-31;1;RAIZEN ENERGIA S.A.;023230;DF Consolidado - Demonstração do Resultado;REAL;MIL;PENÚLTIMO;2023-04-01;2024-03-31;3.99.01;Lucro Básico por Ação;0.0000000000;N
08.070.508/0001-78;2025-03-31;1;RAIZEN ENERGIA S.A.;023230;DF Consolidado - Demonstração do Resultado;REAL;MIL;ÚLTIMO;2024-04-01;2025-03-31;3.99.01;Lucro Básico por Ação;0.0000000000;N
08.070.508/0001-78;2025-03-31;1;RAIZEN ENERGIA S.A.;023230;DF Consolidado - Demonstração do Resultado;REAL;MIL;PENÚLTIMO;2023-04-01;2024-03-31;3.99.01.01;ON;-0.0620000000;N
08.070.508/0001-78;2025-03-31;1;RAIZEN ENERGIA S.A.;023230;DF Consolidado - Demonstração do Resultado;REAL;MIL;ÚLTIMO;2024-04-01;2025-03-31;3.99.01.01;ON;-0.2850000000;N
08.070.508/0001-78;2025-03-31;1;RAIZEN ENERGIA S.A.;023230;DF Consolidado - Demonstração do Resultado;REAL;MIL;PENÚLTIMO;2023-04-01;2024-03-31;3.99.02;Lucro Diluído por Ação;0.0000000000;N
08.070.508/0001-78;2025-03-31;1;RAIZEN ENERGIA S.A.;023230;DF Consolidado - Demonstração do Resultado;REAL;MIL;ÚLTIMO;2024-04-01;2025-03-31;3.99.02;Lucro Diluído por Ação;0.0000000000;N
08.070.508/0001-78;2025-03-31;1;RAIZEN ENERGIA S.A.;023230;DF Consolidado - Demonstração do Resultado;REAL;MIL;PENÚLTIMO;2023-04-01;2024-03-31;3.99.02.01;ON;-0.0620000000;N
08.070.508/0001-78;2025-03-31;1;RAIZEN ENERGIA S.A.;023230;DF Consolidado - Demonstração do Resultado;REAL;MIL;ÚLTIMO;2024-04-01;2025-03-31;3.99.02.01;ON;-0.2850000000;N
08.322.396/0001-03;2025-03-31;1;CERRADINHO BIOENERGIA S.A.;026522;DF Consolidado - Demonstração do Resultado;REAL;MIL;PENÚLTIMO;2023-04-01;2024-03-31;3.01;Receita de Venda de Bens e/ou Serviços;2574423.0000000000;S
08.322.396/0001-03;2025-03-31;1;CERRADINHO BIOENERGIA S.A.;026522;DF Consolidado - Demonstração do Resultado;REAL;MIL;ÚLTIMO;2024-04-01;2025-03-31;3.01;Receita de Venda de Bens e/ou Serviços;3712346.0000000000;S
08.322.396/0001-03;2025-03-31;1;CERRADINHO BIOENERGIA S.A.;026522;DF Consolidado - Demonstração do Resultado;REAL;MIL;PENÚLTIMO;2023-04-01;2024-03-31;3.02;Custo dos Bens e/ou Serviços Vendidos;-2234724.0000000000;S
08.322.396/0001-03;2025-03-31;1;CERRADINHO BIOENERGIA S.A.;026522;DF Consolidado - Demonstração do Resultado;REAL;MIL;ÚLTIMO;2024-04-01;2025-03-31;3.02;Custo dos Bens e/ou Serviços Vendidos;-2700360.0000000000;S
08.322.396/0001-03;2025-03-31;1;CERRADINHO BIOENERGIA S.A.;026522;DF Consolidado - Demonstração do Resultado;REAL;MIL;PENÚLTIMO;2023-04-01;2024-03-31;3.02.01;Custo dos Bens e/ou Serviços Vendidos;-2221565.0000000000;N
08.322.396/0001-03;2025-03-31;1;CERRADINHO BIOENERGIA S.A.;026522;DF Consolidado - Demonstração do Resultado;REAL;MIL;ÚLTIMO;2024-04-01;2025-03-31;3.02.01;Custo dos Bens e/ou Serviços Vendidos;-2684052.0000000000;N
08.322.396/0001-03;2025-03-31;1;CERRADINHO BIOENERGIA S.A.;026522;DF Consolidado - Demonstração do Resultado;REAL;MIL;PENÚLTIMO;2023-04-01;2024-03-31;3.02.02;Variação no valor justo de ativo biológico;-13159.0000000000;N
08.322.396/0001-03;2025-03-31;1;CERRADINHO BIOENERGIA S.A.;026522;DF Consolidado - Demonstração do Resultado;REAL;MIL;ÚLTIMO;2024-04-01;2025-03-31;3.02.02;Variação no valor justo de ativo biológico;-16308.0000000000;N
08.322.396/0001-03;2025-03-31;1;CERRADINHO BIOENERGIA S.A.;026522;DF Consolidado - Demonstração do Resultado;REAL;MIL;PENÚLTIMO;2023-04-01;2024-03-31;3.03;Resultado Bruto;339699.0000000000;S
08.322.396/0001-03;2025-03-31;1;CERRADINHO BIOENERGIA S.A.;026522;DF Consolidado - Demonstração do Resultado;REAL;MIL;ÚLTIMO;2024-04-01;2025-03-31;3.03;Resultado Bruto;1011986.0000000000;S
08.322.396/0001-03;2025-03-31;1;CERRADINHO BIOENERGIA S.A.;026522;DF Consolidado - Demonstração do Resultado;REAL;MIL;PENÚLTIMO;2023-04-01;2024-03-31;3.04;Despesas/Receitas Operacionais;-130976.0000000000;S
08.322.396/0001-03;2025-03-31;1;CERRADINHO BIOENERGIA S.A.;026522;DF Consolidado - Demonstração do Resultado;REAL;MIL;ÚLTIMO;2024-04-01;2025-03-31;3.04;Despesas/Receitas Operacionais;-266847.0000000000;S
08.322.396/0001-03;2025-03-31;1;CERRADINHO BIOENERGIA S.A.;026522;DF Consolidado - Demonstração do Resultado;REAL;MIL;PENÚLTIMO;2023-04-01;2024-03-31;3.04.01;Despesas com Vendas;-158181.0000000000;S
08.322.396/0001-03;2025-03-31;1;CERRADINHO BIOENERGIA S.A.;026522;DF Consolidado - Demonstração do Resultado;REAL;MIL;ÚLTIMO;2024-04-01;2025-03-31;3.04.01;Despesas com Vendas;-211088.0000000000;S
08.322.396/0001-03;2025-03-31;1;CERRADINHO BIOENERGIA S.A.;026522;DF Consolidado - Demonstração do Resultado;REAL;MIL;PENÚLTIMO;2023-04-01;2024-03-31;3.04.02;Despesas Gerais e Administrativas;-67229.0000000000;S
08.322.396/0001-03;2025-03-31;1;CERRADINHO BIOENERGIA S.A.;026522;DF Consolidado - Demonstração do Resultado;REAL;MIL;ÚLTIMO;2024-04-01;2025-03-31;3.04.02;Despesas Gerais e Administrativas;-120871.0000000000;S
08.322.396/0001-03;2025-03-31;1;CERRADINHO BIOENERGIA S.A.;026522;DF Consolidado - Demonstração do Resultado;REAL;MIL;PENÚLTIMO;2023-04-01;2024-03-31;3.04.03;Perdas pela Não Recuperabilidade de Ativos;0.0000000000;S
08.322.396/0001-03;2025-03-31;1;CERRADINHO BIOENERGIA S.A.;026522;DF Consolidado - Demonstração do Resultado;REAL;MIL;ÚLTIMO;2024-04-01;2025-03-31;3.04.03;Perdas pela Não Recuperabilidade de Ativos;0.0000000000;S
08.322.396/0001-03;2025-03-31;1;CERRADINHO BIOENERGIA S.A.;026522;DF Consolidado - Demonstração do Resultado;REAL;MIL;PENÚLTIMO;2023-04-01;2024-03-31;3.04.04;Outras Receitas Operacionais;104840.0000000000;S
08.322.396/0001-03;2025-03-31;1;CERRADINHO BIOENERGIA S.A.;026522;DF Consolidado - Demonstração do Resultado;REAL;MIL;ÚLTIMO;2024-04-01;2025-03-31;3.04.04;Outras Receitas Operacionais;71060.0000000000;S
08.322.396/0001-03;2025-03-31;1;CERRADINHO BIOENERGIA S.A.;026522;DF Consolidado - Demonstração do Resultado;REAL;MIL;PENÚLTIMO;2023-04-01;2024-03-31;3.04.05;Outras Despesas Operacionais;-10406.0000000000;S
08.322.396/0001-03;2025-03-31;1;CERRADINHO BIOENERGIA S.A.;026522;DF Consolidado - Demonstração do Resultado;REAL;MIL;ÚLTIMO;2024-04-01;2025-03-31;3.04.05;Outras Despesas Operacionais;-5948.0000000000;S
08.322.396/0001-03;2025-03-31;1;CERRADINHO BIOENERGIA S.A.;026522;DF Consolidado - Demonstração do Resultado;REAL;MIL;PENÚLTIMO;2023-04-01;2024-03-31;3.04.06;Resultado de Equivalência Patrimonial;0.0000000000;S
08.322.396/0001-03;2025-03-31;1;CERRADINHO BIOENERGIA S.A.;026522;DF Consolidado - Demonstração do Resultado;REAL;MIL;ÚLTIMO;2024-04-01;2025-03-31;3.04.06;Resultado de Equivalência Patrimonial;0.0000000000;S
08.322.396/0001-03;2025-03-31;1;CERRADINHO BIOENERGIA S.A.;026522;DF Consolidado - Demonstração do Resultado;REAL;MIL;PENÚLTIMO;2023-04-01;2024-03-31;3.05;Resultado Antes do Resultado Financeiro e dos Tributos;208723.0000000000;S
08.322.396/0001-03;2025-03-31;1;CERRADINHO BIOENERGIA S.A.;026522;DF Consolidado - Demonstração do Resultado;REAL;MIL;ÚLTIMO;2024-04-01;2025-03-31;3.05;Resultado Antes do Resultado Financeiro e dos Tributos;745139.0000000000;S
08.322.396/0001-03;2025-03-31;1;CERRADINHO BIOENERGIA S.A.;026522;DF Consolidado - Demonstração do Resultado;REAL;MIL;PENÚLTIMO;2023-04-01;2024-03-31;3.06;Resultado Financeiro;-323890.0000000000;S
08.322.396/0001-03;2025-03-31;1;CERRADINHO BIOENERGIA S.A.;026522;DF Consolidado - Demonstração do Resultado;REAL;MIL;ÚLTIMO;2024-04-01;2025-03-31;3.06;Resultado Financeiro;-476414.0000000000;S
08.322.396/0001-03;2025-03-31;1;CERRADINHO BIOENERGIA S.A.;026522;DF Consolidado - Demonstração do Resultado;REAL;MIL;PENÚLTIMO;2023-04-01;2024-03-31;3.06.01;Receitas Financeiras;375340.0000000000;S
08.322.396/0001-03;2025-03-31;1;CERRADINHO BIOENERGIA S.A.;026522;DF Consolidado - Demonstração do Resultado;REAL;MIL;ÚLTIMO;2024-04-01;2025-03-31;3.06.01;Receitas Financeiras;430640.0000000000;S
08.322.396/0001-03;2025-03-31;1;CERRADINHO BIOENERGIA S.A.;026522;DF Consolidado - Demonstração do Resultado;REAL;MIL;PENÚLTIMO;2023-04-01;2024-03-31;3.06.02;Despesas Financeiras;-699230.0000000000;S
08.322.396/0001-03;2025-03-31;1;CERRADINHO BIOENERGIA S.A.;026522;DF Consolidado - Demonstração do Resultado;REAL;MIL;ÚLTIMO;2024-04-01;2025-03-31;3.06.02;Despesas Financeiras;-907054.0000000000;S
08.322.396/0001-03;2025-03-31;1;CERRADINHO BIOENERGIA S.A.;026522;DF Consolidado - Demonstração do Resultado;REAL;MIL;PENÚLTIMO;2023-04-01;2024-03-31;3.07;Resultado Antes dos Tributos sobre o Lucro;-115167.0000000000;S
08.322.396/0001-03;2025-03-31;1;CERRADINHO BIOENERGIA S.A.;026522;DF Consolidado - Demonstração do Resultado;REAL;MIL;ÚLTIMO;2024-04-01;2025-03-31;3.07;Resultado Antes dos Tributos sobre o Lucro;268725.0000000000;S
08.322.396/0001-03;2025-03-31;1;CERRADINHO BIOENERGIA S.A.;026522;DF Consolidado - Demonstração do Resultado;REAL;MIL;PENÚLTIMO;2023-04-01;2024-03-31;3.08;Imposto de Renda e Contribuição Social sobre o Lucro;155462.0000000000;S
08.322.396/0001-03;2025-03-31;1;CERRADINHO BIOENERGIA S.A.;026522;DF Consolidado - Demonstração do Resultado;REAL;MIL;ÚLTIMO;2024-04-01;2025-03-31;3.08;Imposto de Renda e Contribuição Social sobre o Lucro;-72197.0000000000;S
08.322.396/0001-03;2025-03-31;1;CERRADINHO BIOENERGIA S.A.;026522;DF Consolidado - Demonstração do Resultado;REAL;MIL;PENÚLTIMO;2023-04-01;2024-03-31;3.08.01;Corrente;0.0000000000;S
08.322.396/0001-03;2025-03-31;1;CERRADINHO BIOENERGIA S.A.;026522;DF Consolidado - Demonstração do Resultado;REAL;MIL;ÚLTIMO;2024-04-01;2025-03-31;3.08.01;Corrente;-15247.0000000000;S
08.322.396/0001-03;2025-03-31;1;CERRADINHO BIOENERGIA S.A.;026522;DF Consolidado - Demonstração do Resultado;REAL;MIL;PENÚLTIMO;2023-04-01;2024-03-31;3.08.02;Diferido;155462.0000000000;S
08.322.396/0001-03;2025-03-31;1;CERRADINHO BIOENERGIA S.A.;026522;DF Consolidado - Demonstração do Resultado;REAL;MIL;ÚLTIMO;2024-04-01;2025-03-31;3.08.02;Diferido;-56950.0000000000;S
08.322.396/0001-03;2025-03-31;1;CERRADINHO BIOENERGIA S.A.;026522;DF Consolidado - Demonstração do Resultado;REAL;MIL;PENÚLTIMO;2023-04-01;2024-03-31;3.09;Resultado Líquido das Operações Continuadas;40295.0000000000;S
08.322.396/0001-03;2025-03-31;1;CERRADINHO BIOENERGIA S.A.;026522;DF Consolidado - Demonstração do Resultado;REAL;MIL;ÚLTIMO;2024-04-01;2025-03-31;3.09;Resultado Líquido das Operações Continuadas;196528.0000000000;S
08.322.396/0001-03;2025-03-31;1;CERRADINHO BIOENERGIA S.A.;026522;DF Consolidado - Demonstração do Resultado;REAL;MIL;PENÚLTIMO;2023-04-01;2024-03-31;3.10;Resultado Líquido de Operações Descontinuadas;0.0000000000;S
08.322.396/0001-03;2025-03-31;1;CERRADINHO BIOENERGIA S.A.;026522;DF Consolidado - Demonstração do Resultado;REAL;MIL;ÚLTIMO;2024-04-01;2025-03-31;3.10;Resultado Líquido de Operações Descontinuadas;0.0000000000;S
08.322.396/0001-03;2025-03-31;1;CERRADINHO BIOENERGIA S.A.;026522;DF Consolidado - Demonstração do Resultado;REAL;MIL;PENÚLTIMO;2023-04-01;2024-03-31;3.10.01;Lucro/Prejuízo Líquido das Operações Descontinuadas;0.0000000000;S
08.322.396/0001-03;2025-03-31;1;CERRADINHO BIOENERGIA S.A.;026522;DF Consolidado - Demonstração do Resultado;REAL;MIL;ÚLTIMO;2024-04-01;2025-03-31;3.10.01;Lucro/Prejuízo Líquido das Operações Descontinuadas;0.0000000000;S
08.322.396/0001-03;2025-03-31;1;CERRADINHO BIOENERGIA S.A.;026522;DF Consolidado - Demonstração do Resultado;REAL;MIL;PENÚLTIMO;2023-04-01;2024-03-31;3.10.02;Ganhos/Perdas Líquidas sobre Ativos de Operações Descontinuadas;0.0000000000;S
08.322.396/0001-03;2025-03-31;1;CERRADINHO BIOENERGIA S.A.;026522;DF Consolidado - Demonstração do Resultado;REAL;MIL;ÚLTIMO;2024-04-01;2025-03-31;3.10.02;Ganhos/Perdas Líquidas sobre Ativos de Operações Descontinuadas;0.0000000000;S
08.322.396/0001-03;2025-03-31;1;CERRADINHO BIOENERGIA S.A.;026522;DF Consolidado - Demonstração do Resultado;REAL;MIL;PENÚLTIMO;2023-04-01;2024-03-31;3.11;Lucro/Prejuízo Consolidado do Período;40295.0000000000;S
08.322.396/0001-03;2025-03-31;1;CERRADINHO BIOENERGIA S.A.;026522;DF Consolidado - Demonstração do Resultado;REAL;MIL;ÚLTIMO;2024-04-01;2025-03-31;3.11;Lucro/Prejuízo Consolidado do Período;196528.0000000000;S
08.322.396/0001-03;2025-03-31;1;CERRADINHO BIOENERGIA S.A.;026522;DF Consolidado - Demonstração do Resultado;REAL;MIL;PENÚLTIMO;2023-04-01;2024-03-31;3.11.01;Atribuído a Sócios da Empresa Controladora;40295.0000000000;S
08.322.396/0001-03;2025-03-31;1;CERRADINHO BIOENERGIA S.A.;026522;DF Consolidado - Demonstração do Resultado;REAL;MIL;ÚLTIMO;2024-04-01;2025-03-31;3.11.01;Atribuído a Sócios da Empresa Controladora;196528.0000000000;S
08.322.396/0001-03;2025-03-31;1;CERRADINHO BIOENERGIA S.A.;026522;DF Consolidado - Demonstração do Resultado;REAL;MIL;PENÚLTIMO;2023-04-01;2024-03-31;3.11.02;Atribuído a Sócios Não Controladores;0.0000000000;S
08.322.396/0001-03;2025-03-31;1;CERRADINHO BIOENERGIA S.A.;026522;DF Consolidado - Demonstração do Resultado;REAL;MIL;ÚLTIMO;2024-04-01;2025-03-31;3.11.02;Atribuído a Sócios Não Controladores;0.0000000000;S
08.322.396/0001-03;2025-03-31;1;CERRADINHO BIOENERGIA S.A.;026522;DF Consolidado - Demonstração do Resultado;REAL;MIL;PENÚLTIMO;2023-04-01;2024-03-31;3.99;Lucro por Ação - (Reais / Ação);0.0879271808;N
08.322.396/0001-03;2025-03-31;1;CERRADINHO BIOENERGIA S.A.;026522;DF Consolidado - Demonstração do Resultado;REAL;MIL;ÚLTIMO;2024-04-01;2025-03-31;3.99;Lucro por Ação - (Reais / Ação);0.4288405362;N
08.322.396/0001-03;2025-03-31;1;CERRADINHO BIOENERGIA S.A.;026522;DF Consolidado - Demonstração do Resultado;REAL;MIL;PENÚLTIMO;2023-04-01;2024-03-31;3.99.01;Lucro Básico por Ação;0.0879271808;N
08.322.396/0001-03;2025-03-31;1;CERRADINHO BIOENERGIA S.A.;026522;DF Consolidado - Demonstração do Resultado;REAL;MIL;ÚLTIMO;2024-04-01;2025-03-31;3.99.01;Lucro Básico por Ação;0.4288405362;N
08.322.396/0001-03;2025-03-31;1;CERRADINHO BIOENERGIA S.A.;026522;DF Consolidado - Demonstração do Resultado;REAL;MIL;PENÚLTIMO;2023-04-01;2024-03-31;3.99.01.01;ON;0.0879271808;N
08.322.396/0001-03;2025-03-31;1;CERRADINHO BIOENERGIA S.A.;026522;DF Consolidado - Demonstração do Resultado;REAL;MIL;ÚLTIMO;2024-04-01;2025-03-31;3.99.01.01;ON;0.4288405362;N
08.322.396/0001-03;2025-03-31;1;CERRADINHO BIOENERGIA S.A.;026522;DF Consolidado - Demonstração do Resultado;REAL;MIL;PENÚLTIMO;2023-04-01;2024-03-31;3.99.02;Lucro Diluído por Ação;0.0879271808;N
08.322.396/0001-03;2025-03-31;1;CERRADINHO BIOENERGIA S.A.;026522;DF Consolidado - Demonstração do Resultado;REAL;MIL;ÚLTIMO;2024-04-01;2025-03-31;3.99.02;Lucro Diluído por Ação;0.4288405362;N
08.322.396/0001-03;2025-03-31;1;CERRADINHO BIOENERGIA S.A.;026522;DF Consolidado - Demonstração do Resultado;REAL;MIL;PENÚLTIMO;2023-04-01;2024-03-31;3.99.02.01;ON;0.0879271808;N
08.322.396/0001-03;2025-03-31;1;CERRADINHO BIOENERGIA S.A.;026522;DF Consolidado - Demonstração do Resultado;REAL;MIL;ÚLTIMO;2024-04-01;2025-03-31;3.99.02.01;ON;0.4288405362;N
33.453.598/0001-23;2025-03-31;1;RAÍZEN S.A.;025917;DF Consolidado - Demonstração do Resultado;REAL;MIL;PENÚLTIMO;2023-04-01;2024-03-31;3.01;Receita de Venda de Bens e/ou Serviços;220454239.0000000000;S
33.453.598/0001-23;2025-03-31;1;RAÍZEN S.A.;025917;DF Consolidado - Demonstração do Resultado;REAL;MIL;ÚLTIMO;2024-04-01;2025-03-31;3.01;Receita de Venda de Bens e/ou Serviços;255268454.0000000000;S
33.453.598/0001-23;2025-03-31;1;RAÍZEN S.A.;025917;DF Consolidado - Demonstração do Resultado;REAL;MIL;PENÚLTIMO;2023-04-01;2024-03-31;3.02;Custo dos Bens e/ou Serviços Vendidos;-204730642.0000000000;S
33.453.598/0001-23;2025-03-31;1;RAÍZEN S.A.;025917;DF Consolidado - Demonstração do Resultado;REAL;MIL;ÚLTIMO;2024-04-01;2025-03-31;3.02;Custo dos Bens e/ou Serviços Vendidos;-243431661.0000000000;S
33.453.598/0001-23;2025-03-31;1;RAÍZEN S.A.;025917;DF Consolidado - Demonstração do Resultado;REAL;MIL;PENÚLTIMO;2023-04-01;2024-03-31;3.03;Resultado Bruto;15723597.0000000000;S
33.453.598/0001-23;2025-03-31;1;RAÍZEN S.A.;025917;DF Consolidado - Demonstração do Resultado;REAL;MIL;ÚLTIMO;2024-04-01;2025-03-31;3.03;Resultado Bruto;11836793.0000000000;S
33.453.598/0001-23;2025-03-31;1;RAÍZEN S.A.;025917;DF Consolidado - Demonstração do Resultado;REAL;MIL;PENÚLTIMO;2023-04-01;2024-03-31;3.04;Despesas/Receitas Operacionais;-7796970.0000000000;S
33.453.598/0001-23;2025-03-31;1;RAÍZEN S.A.;025917;DF Consolidado - Demonstração do Resultado;REAL;MIL;ÚLTIMO;2024-04-01;2025-03-31;3.04;Despesas/Receitas Operacionais;-7520452.0000000000;S
33.453.598/0001-23;2025-03-31;1;RAÍZEN S.A.;025917;DF Consolidado - Demonstração do Resultado;REAL;MIL;PENÚLTIMO;2023-04-01;2024-03-31;3.04.01;Despesas com Vendas;-6109524.0000000000;S
33.453.598/0001-23;2025-03-31;1;RAÍZEN S.A.;025917;DF Consolidado - Demonstração do Resultado;REAL;MIL;ÚLTIMO;2024-04-01;2025-03-31;3.04.01;Despesas com Vendas;-6819705.0000000000;S
33.453.598/0001-23;2025-03-31;1;RAÍZEN S.A.;025917;DF Consolidado - Demonstração do Resultado;REAL;MIL;PENÚLTIMO;2023-04-01;2024-03-31;3.04.02;Despesas Gerais e Administrativas;-2882872.0000000000;S
33.453.598/0001-23;2025-03-31;1;RAÍZEN S.A.;025917;DF Consolidado - Demonstração do Resultado;REAL;MIL;ÚLTIMO;2024-04-01;2025-03-31;3.04.02;Despesas Gerais e Administrativas;-2572721.0000000000;S
33.453.598/0001-23;2025-03-31;1;RAÍZEN S.A.;025917;DF Consolidado - Demonstração do Resultado;REAL;MIL;PENÚLTIMO;2023-04-01;2024-03-31;3.04.03;Perdas pela Não Recuperabilidade de Ativos;0.0000000000;S
33.453.598/0001-23;2025-03-31;1;RAÍZEN S.A.;025917;DF Consolidado - Demonstração do Resultado;REAL;MIL;ÚLTIMO;2024-04-01;2025-03-31;3.04.03;Perdas pela Não Recuperabilidade de Ativos;0.0000000000;S
33.453.598/0001-23;2025-03-31;1;RAÍZEN S.A.;025917;DF Consolidado - Demonstração do Resultado;REAL;MIL;PENÚLTIMO;2023-04-01;2024-03-31;3.04.04;Outras Receitas Operacionais;1735401.0000000000;S
33.453.598/0001-23;2025-03-31;1;RAÍZEN S.A.;025917;DF Consolidado - Demonstração do Resultado;REAL;MIL;ÚLTIMO;2024-04-01;2025-03-31;3.04.04;Outras Receitas Operacionais;4695581.0000000000;S
33.453.598/0001-23;2025-03-31;1;RAÍZEN S.A.;025917;DF Consolidado - Demonstração do Resultado;REAL;MIL;PENÚLTIMO;2023-04-01;2024-03-31;3.04.05;Outras Despesas Operacionais;-287545.0000000000;S
33.453.598/0001-23;2025-03-31;1;RAÍZEN S.A.;025917;DF Consolidado - Demonstração do Resultado;REAL;MIL;ÚLTIMO;2024-04-01;2025-03-31;3.04.05;Outras Despesas Operacionais;-2618780.0000000000;S
33.453.598/0001-23;2025-03-31;1;RAÍZEN S.A.;025917;DF Consolidado - Demonstração do Resultado;REAL;MIL;PENÚLTIMO;2023-04-01;2024-03-31;3.04.06;Resultado de Equivalência Patrimonial;-252430.0000000000;S
33.453.598/0001-23;2025-03-31;1;RAÍZEN S.A.;025917;DF Consolidado - Demonstração do Resultado;REAL;MIL;ÚLTIMO;2024-04-01;2025-03-31;3.04.06;Resultado de Equivalência Patrimonial;-204827.0000000000;S
33.453.598/0001-23;2025-03-31;1;RAÍZEN S.A.;025917;DF Consolidado - Demonstração do Resultado;REAL;MIL;PENÚLTIMO;2023-04-01;2024-03-31;3.05;Resultado Antes do Resultado Financeiro e dos Tributos;7926627.0000000000;S
33.453.598/0001-23;2025-03-31;1;RAÍZEN S.A.;025917;DF Consolidado - Demonstração do Resultado;REAL;MIL;ÚLTIMO;2024-04-01;2025-03-31;3.05;Resultado Antes do Resultado Financeiro e dos Tributos;4316341.0000000000;S
33.453.598/0001-23;2025-03-31;1;RAÍZEN S.A.;025917;DF Consolidado - Demonstração do Resultado;REAL;MIL;PENÚLTIMO;2023-04-01;2024-03-31;3.06;Resultado Financeiro;-6314539.0000000000;S
33.453.598/0001-23;2025-03-31;1;RAÍZEN S.A.;025917;DF Consolidado - Demonstração do Resultado;REAL;MIL;ÚLTIMO;2024-04-01;2025-03-31;3.06;Resultado Financeiro;-7462591.0000000000;S
33.453.598/0001-23;2025-03-31;1;RAÍZEN S.A.;025917;DF Consolidado - Demonstração do Resultado;REAL;MIL;PENÚLTIMO;2023-04-01;2024-03-31;3.06.01;Receitas Financeiras;2139261.0000000000;S
33.453.598/0001-23;2025-03-31;1;RAÍZEN S.A.;025917;DF Consolidado - Demonstração do Resultado;REAL;MIL;ÚLTIMO;2024-04-01;2025-03-31;3.06.01;Receitas Financeiras;5773580.0000000000;S
33.453.598/0001-23;2025-03-31;1;RAÍZEN S.A.;025917;DF Consolidado - Demonstração do Resultado;REAL;MIL;PENÚLTIMO;2023-04-01;2024-03-31;3.06.01.01;Receitas Financeiras;851619.0000000000;N
33.453.598/0001-23;2025-03-31;1;RAÍZEN S.A.;025917;DF Consolidado - Demonstração do Resultado;REAL;MIL;ÚLTIMO;2024-04-01;2025-03-31;3.06.01.01;Receitas Financeiras;1217168.0000000000;N
33.453.598/0001-23;2025-03-31;1;RAÍZEN S.A.;025917;DF Consolidado - Demonstração do Resultado;REAL;MIL;PENÚLTIMO;2023-04-01;2024-03-31;3.06.01.02;Variações cambiais, líquidas;1287642.0000000000;N
33.453.598/0001-23;2025-03-31;1;RAÍZEN S.A.;025917;DF Consolidado - Demonstração do Resultado;REAL;MIL;ÚLTIMO;2024-04-01;2025-03-31;3.06.01.02;Variações cambiais, líquidas;2384406.0000000000;N
33.453.598/0001-23;2025-03-31;1;RAÍZEN S.A.;025917;DF Consolidado - Demonstração do Resultado;REAL;MIL;PENÚLTIMO;2023-04-01;2024-03-31;3.06.01.03;Efeito líquido dos derivativos;0.0000000000;N
33.453.598/0001-23;2025-03-31;1;RAÍZEN S.A.;025917;DF Consolidado - Demonstração do Resultado;REAL;MIL;ÚLTIMO;2024-04-01;2025-03-31;3.06.01.03;Efeito líquido dos derivativos;2172006.0000000000;N
33.453.598/0001-23;2025-03-31;1;RAÍZEN S.A.;025917;DF Consolidado - Demonstração do Resultado;REAL;MIL;PENÚLTIMO;2023-04-01;2024-03-31;3.06.02;Despesas Financeiras;-8453800.0000000000;S
33.453.598/0001-23;2025-03-31;1;RAÍZEN S.A.;025917;DF Consolidado - Demonstração do Resultado;REAL;MIL;ÚLTIMO;2024-04-01;2025-03-31;3.06.02;Despesas Financeiras;-13236171.0000000000;S
33.453.598/0001-23;2025-03-31;1;RAÍZEN S.A.;025917;DF Consolidado - Demonstração do Resultado;REAL;MIL;PENÚLTIMO;2023-04-01;2024-03-31;3.06.02.01;Despesas Financeiras;-6128884.0000000000;N
33.453.598/0001-23;2025-03-31;1;RAÍZEN S.A.;025917;DF Consolidado - Demonstração do Resultado;REAL;MIL;ÚLTIMO;2024-04-01;2025-03-31;3.06.02.01;Despesas Financeiras;-5606440.0000000000;N
33.453.598/0001-23;2025-03-31;1;RAÍZEN S.A.;025917;DF Consolidado - Demonstração do Resultado;REAL;MIL;PENÚLTIMO;2023-04-01;2024-03-31;3.06.02.02;Variações cambiais, líquidas;-947376.0000000000;N
33.453.598/0001-23;2025-03-31;1;RAÍZEN S.A.;025917;DF Consolidado - Demonstração do Resultado;REAL;MIL;ÚLTIMO;2024-04-01;2025-03-31;3.06.02.02;Variações cambiais, líquidas;-4895498.0000000000;N
33.453.598/0001-23;2025-03-31;1;RAÍZEN S.A.;025917;DF Consolidado - Demonstração do Resultado;REAL;MIL;PENÚLTIMO;2023-04-01;2024-03-31;3.06.02.03;Efeito líquido dos derivativos;-1377540.0000000000;N
33.453.598/0001-23;2025-03-31;1;RAÍZEN S.A.;025917;DF Consolidado - Demonstração do Resultado;REAL;MIL;ÚLTIMO;2024-04-01;2025-03-31;3.06.02.03;Efeito líquido dos derivativos;-2734233.0000000000;N
33.453.598/0001-23;2025-03-31;1;RAÍZEN S.A.;025917;DF Consolidado - Demonstração do Resultado;REAL;MIL;PENÚLTIMO;2023-04-01;2024-03-31;3.07;Resultado Antes dos Tributos sobre o Lucro;1612088.0000000000;S
33.453.598/0001-23;2025-03-31;1;RAÍZEN S.A.;025917;DF Consolidado - Demonstração do Resultado;REAL;MIL;ÚLTIMO;2024-04-01;2025-03-31;3.07;Resultado Antes dos Tributos sobre o Lucro;-3146250.0000000000;S
33.453.598/0001-23;2025-03-31;1;RAÍZEN S.A.;025917;DF Consolidado - Demonstração do Resultado;REAL;MIL;PENÚLTIMO;2023-04-01;2024-03-31;3.08;Imposto de Renda e Contribuição Social sobre o Lucro;-997955.0000000000;S
33.453.598/0001-23;2025-03-31;1;RAÍZEN S.A.;025917;DF Consolidado - Demonstração do Resultado;REAL;MIL;ÚLTIMO;2024-04-01;2025-03-31;3.08;Imposto de Renda e Contribuição Social sobre o Lucro;-1030701.0000000000;S
33.453.598/0001-23;2025-03-31;1;RAÍZEN S.A.;025917;DF Consolidado - Demonstração do Resultado;REAL;MIL;PENÚLTIMO;2023-04-01;2024-03-31;3.08.01;Corrente;-1165552.0000000000;S
33.453.598/0001-23;2025-03-31;1;RAÍZEN S.A.;025917;DF Consolidado - Demonstração do Resultado;REAL;MIL;ÚLTIMO;2024-04-01;2025-03-31;3.08.01;Corrente;-1864783.0000000000;S
33.453.598/0001-23;2025-03-31;1;RAÍZEN S.A.;025917;DF Consolidado - Demonstração do Resultado;REAL;MIL;PENÚLTIMO;2023-04-01;2024-03-31;3.08.02;Diferido;167597.0000000000;S
33.453.598/0001-23;2025-03-31;1;RAÍZEN S.A.;025917;DF Consolidado - Demonstração do Resultado;REAL;MIL;ÚLTIMO;2024-04-01;2025-03-31;3.08.02;Diferido;834082.0000000000;S
33.453.598/0001-23;2025-03-31;1;RAÍZEN S.A.;025917;DF Consolidado - Demonstração do Resultado;REAL;MIL;PENÚLTIMO;2023-04-01;2024-03-31;3.09;Resultado Líquido das Operações Continuadas;614133.0000000000;S
33.453.598/0001-23;2025-03-31;1;RAÍZEN S.A.;025917;DF Consolidado - Demonstração do Resultado;REAL;MIL;ÚLTIMO;2024-04-01;2025-03-31;3.09;Resultado Líquido das Operações Continuadas;-4176951.0000000000;S
33.453.598/0001-23;2025-03-31;1;RAÍZEN S.A.;025917;DF Consolidado - Demonstração do Resultado;REAL;MIL;PENÚLTIMO;2023-04-01;2024-03-31;3.10;Resultado Líquido de Operações Descontinuadas;0.0000000000;S
33.453.598/0001-23;2025-03-31;1;RAÍZEN S.A.;025917;DF Consolidado - Demonstração do Resultado;REAL;MIL;ÚLTIMO;2024-04-01;2025-03-31;3.10;Resultado Líquido de Operações Descontinuadas;0.0000000000;S
33.453.598/0001-23;2025-03-31;1;RAÍZEN S.A.;025917;DF Consolidado - Demonstração do Resultado;REAL;MIL;PENÚLTIMO;2023-04-01;2024-03-31;3.10.01;Lucro/Prejuízo Líquido das Operações Descontinuadas;0.0000000000;S
33.453.598/0001-23;2025-03-31;1;RAÍZEN S.A.;025917;DF Consolidado - Demonstração do Resultado;REAL;MIL;ÚLTIMO;2024-04-01;2025-03-31;3.10.01;Lucro/Prejuízo Líquido das Operações Descontinuadas;0.0000000000;S
33.453.598/0001-23;2025-03-31;1;RAÍZEN S.A.;025917;DF Consolidado - Demonstração do Resultado;REAL;MIL;PENÚLTIMO;2023-04-01;2024-03-31;3.10.02;Ganhos/Perdas Líquidas sobre Ativos de Operações Descontinuadas;0.0000000000;S
33.453.598/0001-23;2025-03-31;1;RAÍZEN S.A.;025917;DF Consolidado - Demonstração do Resultado;REAL;MIL;ÚLTIMO;2024-04-01;2025-03-31;3.10.02;Ganhos/Perdas Líquidas sobre Ativos de Operações Descontinuadas;0.0000000000;S
33.453.598/0001-23;2025-03-31;1;RAÍZEN S.A.;025917;DF Consolidado - Demonstração do Resultado;REAL;MIL;PENÚLTIMO;2023-04-01;2024-03-31;3.11;Lucro/Prejuízo Consolidado do Período;614133.0000000000;S
33.453.598/0001-23;2025-03-31;1;RAÍZEN S.A.;025917;DF Consolidado - Demonstração do Resultado;REAL;MIL;ÚLTIMO;2024-04-01;2025-03-31;3.11;Lucro/Prejuízo Consolidado do Período;-4176951.0000000000;S
33.453.598/0001-23;2025-03-31;1;RAÍZEN S.A.;025917;DF Consolidado - Demonstração do Resultado;REAL;MIL;PENÚLTIMO;2023-04-01;2024-03-31;3.11.01;Atribuído a Sócios da Empresa Controladora;520715.0000000000;S
33.453.598/0001-23;2025-03-31;1;RAÍZEN S.A.;025917;DF Consolidado - Demonstração do Resultado;REAL;MIL;ÚLTIMO;2024-04-01;2025-03-31;3.11.01;Atribuído a Sócios da Empresa Controladora;-4256524.0000000000;S
33.453.598/0001-23;2025-03-31;1;RAÍZEN S.A.;025917;DF Consolidado - Demonstração do Resultado;REAL;MIL;PENÚLTIMO;2023-04-01;2024-03-31;3.11.02;Atribuído a Sócios Não Controladores;93418.0000000000;S
33.453.598/0001-23;2025-03-31;1;RAÍZEN S.A.;025917;DF Consolidado - Demonstração do Resultado;REAL;MIL;ÚLTIMO;2024-04-01;2025-03-31;3.11.02;Atribuído a Sócios Não Controladores;79577.0000000000;S
33.453.598/0001-23;2025-03-31;1;RAÍZEN S.A.;025917;DF Consolidado - Demonstração do Resultado;REAL;MIL;PENÚLTIMO;2023-04-01;2024-03-31;3.99;Lucro por Ação - (Reais / Ação);0.0000000000;N
33.453.598/0001-23;2025-03-31;1;RAÍZEN S.A.;025917;DF Consolidado - Demonstração do Resultado;REAL;MIL;ÚLTIMO;2024-04-01;2025-03-31;3.99;Lucro por Ação - (Reais / Ação);0.0000000000;N
33.453.598/0001-23;2025-03-31;1;RAÍZEN S.A.;025917;DF Consolidado - Demonstração do Resultado;REAL;MIL;PENÚLTIMO;2023-04-01;2024-03-31;3.99.01;Lucro Básico por Ação;0.0000000000;N
33.453.598/0001-23;2025-03-31;1;RAÍZEN S.A.;025917;DF Consolidado - Demonstração do Resultado;REAL;MIL;ÚLTIMO;2024-04-01;2025-03-31;3.99.01;Lucro Básico por Ação;0.0000000000;N
33.453.598/0001-23;2025-03-31;1;RAÍZEN S.A.;025917;DF Consolidado - Demonstração do Resultado;REAL;MIL;PENÚLTIMO;2023-04-01;2024-03-31;3.99.01.01;ON;0.0504400000;N
33.453.598/0001-23;2025-03-31;1;RAÍZEN S.A.;025917;DF Consolidado - Demonstração do Resultado;REAL;MIL;ÚLTIMO;2024-04-01;2025-03-31;3.99.01.01;ON;-0.4119700000;N
33.453.598/0001-23;2025-03-31;1;RAÍZEN S.A.;025917;DF Consolidado - Demonstração do Resultado;REAL;MIL;PENÚLTIMO;2023-04-01;2024-03-31;3.99.01.02;PN;0.0504400000;N
33.453.598/0001-23;2025-03-31;1;RAÍZEN S.A.;025917;DF Consolidado - Demonstração do Resultado;REAL;MIL;ÚLTIMO;2024-04-01;2025-03-31;3.99.01.02;PN;-0.4119700000;N
33.453.598/0001-23;2025-03-31;1;RAÍZEN S.A.;025917;DF Consolidado - Demonstração do Resultado;REAL;MIL;PENÚLTIMO;2023-04-01;2024-03-31;3.99.02;Lucro Diluído por Ação;0.0000000000;N
33.453.598/0001-23;2025-03-31;1;RAÍZEN S.A.;025917;DF Consolidado - Demonstração do Resultado;REAL;MIL;ÚLTIMO;2024-04-01;2025-03-31;3.99.02;Lucro Diluído por Ação;0.0000000000;N
33.453.598/0001-23;2025-03-31;1;RAÍZEN S.A.;025917;DF Consolidado - Demonstração do Resultado;REAL;MIL;PENÚLTIMO;2023-04-01;2024-03-31;3.99.02.01;ON;0.0503600000;N
33.453.598/0001-23;2025-03-31;1;RAÍZEN S.A.;025917;DF Consolidado - Demonstração do Resultado;REAL;MIL;ÚLTIMO;2024-04-01;2025-03-31;3.99.02.01;ON;-0.4119700000;N
33.453.598/0001-23;2025-03-31;1;RAÍZEN S.A.;025917;DF Consolidado - Demonstração do Resultado;REAL;MIL;PENÚLTIMO;2023-04-01;2024-03-31;3.99.02.02;PN;0.0503600000;N
33.453.598/0001-23;2025-03-31;1;RAÍZEN S.A.;025917;DF Consolidado - Demonstração do Resultado;REAL;MIL;ÚLTIMO;2024-04-01;2025-03-31;3.99.02.02;PN;-0.4119700000;N
51.466.860/0001-56;2025-03-31;1;SAO MARTINHO S.A.;020516;DF Consolidado - Demonstração do Resultado;REAL;MIL;PENÚLTIMO;2023-04-01;2024-03-31;3.01;Receita de Venda de Bens e/ou Serviços;6891738.0000000000;S
51.466.860/0001-56;2025-03-31;1;SAO MARTINHO S.A.;020516;DF Consolidado - Demonstração do Resultado;REAL;MIL;ÚLTIMO;2024-04-01;2025-03-31;3.01;Receita de Venda de Bens e/ou Serviços;7162034.0000000000;S
51.466.860/0001-56;2025-03-31;1;SAO MARTINHO S.A.;020516;DF Consolidado - Demonstração do Resultado;REAL;MIL;PENÚLTIMO;2023-04-01;2024-03-31;3.02;Custo dos Bens e/ou Serviços Vendidos;-5216291.0000000000;S
51.466.860/0001-56;2025-03-31;1;SAO MARTINHO S.A.;020516;DF Consolidado - Demonstração do Resultado;REAL;MIL;ÚLTIMO;2024-04-01;2025-03-31;3.02;Custo dos Bens e/ou Serviços Vendidos;-5376732.0000000000;S
51.466.860/0001-56;2025-03-31;1;SAO MARTINHO S.A.;020516;DF Consolidado - Demonstração do Resultado;REAL;MIL;PENÚLTIMO;2023-04-01;2024-03-31;3.03;Resultado Bruto;1675447.0000000000;S
51.466.860/0001-56;2025-03-31;1;SAO MARTINHO S.A.;020516;DF Consolidado - Demonstração do Resultado;REAL;MIL;ÚLTIMO;2024-04-01;2025-03-31;3.03;Resultado Bruto;1785302.0000000000;S
51.466.860/0001-56;2025-03-31;1;SAO MARTINHO S.A.;020516;DF Consolidado - Demonstração do Resultado;REAL;MIL;PENÚLTIMO;2023-04-01;2024-03-31;3.04;Despesas/Receitas Operacionais;856038.0000000000;S
51.466.860/0001-56;2025-03-31;1;SAO MARTINHO S.A.;020516;DF Consolidado - Demonstração do Resultado;REAL;MIL;ÚLTIMO;2024-04-01;2025-03-31;3.04;Despesas/Receitas Operacionais;-267899.0000000000;S
51.466.860/0001-56;2025-03-31;1;SAO MARTINHO S.A.;020516;DF Consolidado - Demonstração do Resultado;REAL;MIL;PENÚLTIMO;2023-04-01;2024-03-31;3.04.01;Despesas com Vendas;-255455.0000000000;S
51.466.860/0001-56;2025-03-31;1;SAO MARTINHO S.A.;020516;DF Consolidado - Demonstração do Resultado;REAL;MIL;ÚLTIMO;2024-04-01;2025-03-31;3.04.01;Despesas com Vendas;-262564.0000000000;S
51.466.860/0001-56;2025-03-31;1;SAO MARTINHO S.A.;020516;DF Consolidado - Demonstração do Resultado;REAL;MIL;PENÚLTIMO;2023-04-01;2024-03-31;3.04.02;Despesas Gerais e Administrativas;-343266.0000000000;S
51.466.860/0001-56;2025-03-31;1;SAO MARTINHO S.A.;020516;DF Consolidado - Demonstração do Resultado;REAL;MIL;ÚLTIMO;2024-04-01;2025-03-31;3.04.02;Despesas Gerais e Administrativas;-340066.0000000000;S
51.466.860/0001-56;2025-03-31;1;SAO MARTINHO S.A.;020516;DF Consolidado - Demonstração do Resultado;REAL;MIL;PENÚLTIMO;2023-04-01;2024-03-31;3.04.03;Perdas pela Não Recuperabilidade de Ativos;0.0000000000;S
51.466.860/0001-56;2025-03-31;1;SAO MARTINHO S.A.;020516;DF Consolidado - Demonstração do Resultado;REAL;MIL;ÚLTIMO;2024-04-01;2025-03-31;3.04.03;Perdas pela Não Recuperabilidade de Ativos;0.0000000000;S
51.466.860/0001-56;2025-03-31;1;SAO MARTINHO S.A.;020516;DF Consolidado - Demonstração do Resultado;REAL;MIL;PENÚLTIMO;2023-04-01;2024-03-31;3.04.04;Outras Receitas Operacionais;1446441.0000000000;S
51.466.860/0001-56;2025-03-31;1;SAO MARTINHO S.A.;020516;DF Consolidado - Demonstração do Resultado;REAL;MIL;ÚLTIMO;2024-04-01;2025-03-31;3.04.04;Outras Receitas Operacionais;325275.0000000000;S
51.466.860/0001-56;2025-03-31;1;SAO MARTINHO S.A.;020516;DF Consolidado - Demonstração do Resultado;REAL;MIL;PENÚLTIMO;2023-04-01;2024-03-31;3.04.05;Outras Despesas Operacionais;0.0000000000;S
51.466.860/0001-56;2025-03-31;1;SAO MARTINHO S.A.;020516;DF Consolidado - Demonstração do Resultado;REAL;MIL;ÚLTIMO;2024-04-01;2025-03-31;3.04.05;Outras Despesas Operacionais;0.0000000000;S
51.466.860/0001-56;2025-03-31;1;SAO MARTINHO S.A.;020516;DF Consolidado - Demonstração do Resultado;REAL;MIL;PENÚLTIMO;2023-04-01;2024-03-31;3.04.06;Resultado de Equivalência Patrimonial;8318.0000000000;S
51.466.860/0001-56;2025-03-31;1;SAO MARTINHO S.A.;020516;DF Consolidado - Demonstração do Resultado;REAL;MIL;ÚLTIMO;2024-04-01;2025-03-31;3.04.06;Resultado de Equivalência Patrimonial;9456.0000000000;S
51.466.860/0001-56;2025-03-31;1;SAO MARTINHO S.A.;020516;DF Consolidado - Demonstração do Resultado;REAL;MIL;PENÚLTIMO;2023-04-01;2024-03-31;3.05;Resultado Antes do Resultado Financeiro e dos Tributos;2531485.0000000000;S
51.466.860/0001-56;2025-03-31;1;SAO MARTINHO S.A.;020516;DF Consolidado - Demonstração do Resultado;REAL;MIL;ÚLTIMO;2024-04-01;2025-03-31;3.05;Resultado Antes do Resultado Financeiro e dos Tributos;1517403.0000000000;S
51.466.860/0001-56;2025-03-31;1;SAO MARTINHO S.A.;020516;DF Consolidado - Demonstração do Resultado;REAL;MIL;PENÚLTIMO;2023-04-01;2024-03-31;3.06;Resultado Financeiro;-744864.0000000000;S
51.466.860/0001-56;2025-03-31;1;SAO MARTINHO S.A.;020516;DF Consolidado - Demonstração do Resultado;REAL;MIL;ÚLTIMO;2024-04-01;2025-03-31;3.06;Resultado Financeiro;-1014629.0000000000;S
51.466.860/0001-56;2025-03-31;1;SAO MARTINHO S.A.;020516;DF Consolidado - Demonstração do Resultado;REAL;MIL;PENÚLTIMO;2023-04-01;2024-03-31;3.06.01;Receitas Financeiras;362978.0000000000;S
51.466.860/0001-56;2025-03-31;1;SAO MARTINHO S.A.;020516;DF Consolidado - Demonstração do Resultado;REAL;MIL;ÚLTIMO;2024-04-01;2025-03-31;3.06.01;Receitas Financeiras;439404.0000000000;S
51.466.860/0001-56;2025-03-31;1;SAO MARTINHO S.A.;020516;DF Consolidado - Demonstração do Resultado;REAL;MIL;PENÚLTIMO;2023-04-01;2024-03-31;3.06.02;Despesas Financeiras;-1107842.0000000000;S
51.466.860/0001-56;2025-03-31;1;SAO MARTINHO S.A.;020516;DF Consolidado - Demonstração do Resultado;REAL;MIL;ÚLTIMO;2024-04-01;2025-03-31;3.06.02;Despesas Financeiras;-1454033.0000000000;S
51.466.860/0001-56;2025-03-31;1;SAO MARTINHO S.A.;020516;DF Consolidado - Demonstração do Resultado;REAL;MIL;PENÚLTIMO;2023-04-01;2024-03-31;3.07;Resultado Antes dos Tributos sobre o Lucro;1786621.0000000000;S
51.466.860/0001-56;2025-03-31;1;SAO MARTINHO S.A.;020516;DF Consolidado - Demonstração do Resultado;REAL;MIL;ÚLTIMO;2024-04-01;2025-03-31;3.07;Resultado Antes dos Tributos sobre o Lucro;502774.0000000000;S
51.466.860/0001-56;2025-03-31;1;SAO MARTINHO S.A.;020516;DF Consolidado - Demonstração do Resultado;REAL;MIL;PENÚLTIMO;2023-04-01;2024-03-31;3.08;Imposto de Renda e Contribuição Social sobre o Lucro;-310342.0000000000;S
51.466.860/0001-56;2025-03-31;1;SAO MARTINHO S.A.;020516;DF Consolidado - Demonstração do Resultado;REAL;MIL;ÚLTIMO;2024-04-01;2025-03-31;3.08;Imposto de Renda e Contribuição Social sobre o Lucro;53957.0000000000;S
51.466.860/0001-56;2025-03-31;1;SAO MARTINHO S.A.;020516;DF Consolidado - Demonstração do Resultado;REAL;MIL;PENÚLTIMO;2023-04-01;2024-03-31;3.08.01;Corrente;-514421.0000000000;S
51.466.860/0001-56;2025-03-31;1;SAO MARTINHO S.A.;020516;DF Consolidado - Demonstração do Resultado;REAL;MIL;ÚLTIMO;2024-04-01;2025-03-31;3.08.01;Corrente;-9572.0000000000;S
51.466.860/0001-56;2025-03-31;1;SAO MARTINHO S.A.;020516;DF Consolidado - Demonstração do Resultado;REAL;MIL;PENÚLTIMO;2023-04-01;2024-03-31;3.08.02;Diferido;204079.0000000000;S
51.466.860/0001-56;2025-03-31;1;SAO MARTINHO S.A.;020516;DF Consolidado - Demonstração do Resultado;REAL;MIL;ÚLTIMO;2024-04-01;2025-03-31;3.08.02;Diferido;63529.0000000000;S
51.466.860/0001-56;2025-03-31;1;SAO MARTINHO S.A.;020516;DF Consolidado - Demonstração do Resultado;REAL;MIL;PENÚLTIMO;2023-04-01;2024-03-31;3.09;Resultado Líquido das Operações Continuadas;1476279.0000000000;S
51.466.860/0001-56;2025-03-31;1;SAO MARTINHO S.A.;020516;DF Consolidado - Demonstração do Resultado;REAL;MIL;ÚLTIMO;2024-04-01;2025-03-31;3.09;Resultado Líquido das Operações Continuadas;556731.0000000000;S
51.466.860/0001-56;2025-03-31;1;SAO MARTINHO S.A.;020516;DF Consolidado - Demonstração do Resultado;REAL;MIL;PENÚLTIMO;2023-04-01;2024-03-31;3.10;Resultado Líquido de Operações Descontinuadas;0.0000000000;S
51.466.860/0001-56;2025-03-31;1;SAO MARTINHO S.A.;020516;DF Consolidado - Demonstração do Resultado;REAL;MIL;ÚLTIMO;2024-04-01;2025-03-31;3.10;Resultado Líquido de Operações Descontinuadas;0.0000000000;S
51.466.860/0001-56;2025-03-31;1;SAO MARTINHO S.A.;020516;DF Consolidado - Demonstração do Resultado;REAL;MIL;PENÚLTIMO;2023-04-01;2024-03-31;3.10.01;Lucro/Prejuízo Líquido das Operações Descontinuadas;0.0000000000;S
51.466.860/0001-56;2025-03-31;1;SAO MARTINHO S.A.;020516;DF Consolidado - Demonstração do Resultado;REAL;MIL;ÚLTIMO;2024-04-01;2025-03-31;3.10.01;Lucro/Prejuízo Líquido das Operações Descontinuadas;0.0000000000;S
51.466.860/0001-56;2025-03-31;1;SAO MARTINHO S.A.;020516;DF Consolidado - Demonstração do Resultado;REAL;MIL;PENÚLTIMO;2023-04-01;2024-03-31;3.10.02;Ganhos/Perdas Líquidas sobre Ativos de Operações Descontinuadas;0.0000000000;S
51.466.860/0001-56;2025-03-31;1;SAO MARTINHO S.A.;020516;DF Consolidado - Demonstração do Resultado;REAL;MIL;ÚLTIMO;2024-04-01;2025-03-31;3.10.02;Ganhos/Perdas Líquidas sobre Ativos de Operações Descontinuadas;0.0000000000;S
51.466.860/0001-56;2025-03-31;1;SAO MARTINHO S.A.;020516;DF Consolidado - Demonstração do Resultado;REAL;MIL;PENÚLTIMO;2023-04-01;2024-03-31;3.11;Lucro/Prejuízo Consolidado do Período;1476279.0000000000;S
51.466.860/0001-56;2025-03-31;1;SAO MARTINHO S.A.;020516;DF Consolidado - Demonstração do Resultado;REAL;MIL;ÚLTIMO;2024-04-01;2025-03-31;3.11;Lucro/Prejuízo Consolidado do Período;556731.0000000000;S
51.466.860/0001-56;2025-03-31;1;SAO MARTINHO S.A.;020516;DF Consolidado - Demonstração do Resultado;REAL;MIL;PENÚLTIMO;2023-04-01;2024-03-31;3.11.01;Atribuído a Sócios da Empresa Controladora;1476279.0000000000;S
51.466.860/0001-56;2025-03-31;1;SAO MARTINHO S.A.;020516;DF Consolidado - Demonstração do Resultado;REAL;MIL;ÚLTIMO;2024-04-01;2025-03-31;3.11.01;Atribuído a Sócios da Empresa Controladora;556731.0000000000;S
51.466.860/0001-56;2025-03-31;1;SAO MARTINHO S.A.;020516;DF Consolidado - Demonstração do Resultado;REAL;MIL;PENÚLTIMO;2023-04-01;2024-03-31;3.11.02;Atribuído a Sócios Não Controladores;0.0000000000;S
51.466.860/0001-56;2025-03-31;1;SAO MARTINHO S.A.;020516;DF Consolidado - Demonstração do Resultado;REAL;MIL;ÚLTIMO;2024-04-01;2025-03-31;3.11.02;Atribuído a Sócios Não Controladores;0.0000000000;S
51.466.860/0001-56;2025-03-31;1;SAO MARTINHO S.A.;020516;DF Consolidado - Demonstração do Resultado;REAL;MIL;PENÚLTIMO;2023-04-01;2024-03-31;3.99;Lucro por Ação - (Reais / Ação);0.0000000000;N
51.466.860/0001-56;2025-03-31;1;SAO MARTINHO S.A.;020516;DF Consolidado - Demonstração do Resultado;REAL;MIL;ÚLTIMO;2024-04-01;2025-03-31;3.99;Lucro por Ação - (Reais / Ação);0.0000000000;N
51.466.860/0001-56;2025-03-31;1;SAO MARTINHO S.A.;020516;DF Consolidado - Demonstração do Resultado;REAL;MIL;PENÚLTIMO;2023-04-01;2024-03-31;3.99.01;Lucro Básico por Ação;0.0000000000;N
51.466.860/0001-56;2025-03-31;1;SAO MARTINHO S.A.;020516;DF Consolidado - Demonstração do Resultado;REAL;MIL;ÚLTIMO;2024-04-01;2025-03-31;3.99.01;Lucro Básico por Ação;0.0000000000;N
51.466.860/0001-56;2025-03-31;1;SAO MARTINHO S.A.;020516;DF Consolidado - Demonstração do Resultado;REAL;MIL;PENÚLTIMO;2023-04-01;2024-03-31;3.99.01.01;ON;4.2622000000;N
51.466.860/0001-56;2025-03-31;1;SAO MARTINHO S.A.;020516;DF Consolidado - Demonstração do Resultado;REAL;MIL;ÚLTIMO;2024-04-01;2025-03-31;3.99.01.01;ON;1.6697000000;N
51.466.860/0001-56;2025-03-31;1;SAO MARTINHO S.A.;020516;DF Consolidado - Demonstração do Resultado;REAL;MIL;PENÚLTIMO;2023-04-01;2024-03-31;3.99.02;Lucro Diluído por Ação;0.0000000000;N
51.466.860/0001-56;2025-03-31;1;SAO MARTINHO S.A.;020516;DF Consolidado - Demonstração do Resultado;REAL;MIL;ÚLTIMO;2024-04-01;2025-03-31;3.99.02;Lucro Diluído por Ação;0.0000000000;N
51.466.860/0001-56;2025-03-31;1;SAO MARTINHO S.A.;020516;DF Consolidado - Demonstração do Resultado;REAL;MIL;PENÚLTIMO;2023-04-01;2024-03-31;3.99.02.01;ON;4.2622000000;N
51.466.860/0001-56;2025-03-31;1;SAO MARTINHO S.A.;020516;DF Consolidado - Demonstração do Resultado;REAL;MIL;ÚLTIMO;2024-04-01;2025-03-31;3.99.02.01;ON;1.6697000000;N
64.904.295/0001-03;2025-02-28;1;CAMIL ALIMENTOS S.A.;024228;DF Consolidado - Demonstração do Resultado;REAL;MIL;PENÚLTIMO;2023-03-01;2024-02-28;3.01;Receita de Venda de Bens e/ou Serviços;11249647.0000000000;S
64.904.295/0001-03;2025-02-28;1;CAMIL ALIMENTOS S.A.;024228;DF Consolidado - Demonstração do Resultado;REAL;MIL;ÚLTIMO;2024-03-01;2025-02-28;3.01;Receita de Venda de Bens e/ou Serviços;12262939.0000000000;S
64.904.295/0001-03;2025-02-28;1;CAMIL ALIMENTOS S.A.;024228;DF Consolidado - Demonstração do Resultado;REAL;MIL;PENÚLTIMO;2023-03-01;2024-02-28;3.02;Custo dos Bens e/ou Serviços Vendidos;-8973675.0000000000;S
64.904.295/0001-03;2025-02-28;1;CAMIL ALIMENTOS S.A.;024228;DF Consolidado - Demonstração do Resultado;REAL;MIL;ÚLTIMO;2024-03-01;2025-02-28;3.02;Custo dos Bens e/ou Serviços Vendidos;-9872991.0000000000;S
64.904.295/0001-03;2025-02-28;1;CAMIL ALIMENTOS S.A.;024228;DF Consolidado - Demonstração do Resultado;REAL;MIL;PENÚLTIMO;2023-03-01;2024-02-28;3.03;Resultado Bruto;2275972.0000000000;S
64.904.295/0001-03;2025-02-28;1;CAMIL ALIMENTOS S.A.;024228;DF Consolidado - Demonstração do Resultado;REAL;MIL;ÚLTIMO;2024-03-01;2025-02-28;3.03;Resultado Bruto;2389948.0000000000;S
64.904.295/0001-03;2025-02-28;1;CAMIL ALIMENTOS S.A.;024228;DF Consolidado - Demonstração do Resultado;REAL;MIL;PENÚLTIMO;2023-03-01;2024-02-28;3.04;Despesas/Receitas Operacionais;-1623874.0000000000;S
64.904.295/0001-03;2025-02-28;1;CAMIL ALIMENTOS S.A.;024228;DF Consolidado - Demonstração do Resultado;REAL;MIL;ÚLTIMO;2024-03-01;2025-02-28;3.04;Despesas/Receitas Operacionais;-1748949.0000000000;S
64.904.295/0001-03;2025-02-28;1;CAMIL ALIMENTOS S.A.;024228;DF Consolidado - Demonstração do Resultado;REAL;MIL;PENÚLTIMO;2023-03-01;2024-02-28;3.04.01;Despesas com Vendas;-1096006.0000000000;S
64.904.295/0001-03;2025-02-28;1;CAMIL ALIMENTOS S.A.;024228;DF Consolidado - Demonstração do Resultado;REAL;MIL;ÚLTIMO;2024-03-01;2025-02-28;3.04.01;Despesas com Vendas;-1193881.0000000000;S
64.904.295/0001-03;2025-02-28;1;CAMIL ALIMENTOS S.A.;024228;DF Consolidado - Demonstração do Resultado;REAL;MIL;PENÚLTIMO;2023-03-01;2024-02-28;3.04.02;Despesas Gerais e Administrativas;-586185.0000000000;S
64.904.295/0001-03;2025-02-28;1;CAMIL ALIMENTOS S.A.;024228;DF Consolidado - Demonstração do Resultado;REAL;MIL;ÚLTIMO;2024-03-01;2025-02-28;3.04.02;Despesas Gerais e Administrativas;-609193.0000000000;S
64.904.295/0001-03;2025-02-28;1;CAMIL ALIMENTOS S.A.;024228;DF Consolidado - Demonstração do Resultado;REAL;MIL;PENÚLTIMO;2023-03-01;2024-02-28;3.04.03;Perdas pela Não Recuperabilidade de Ativos;0.0000000000;S
64.904.295/0001-03;2025-02-28;1;CAMIL ALIMENTOS S.A.;024228;DF Consolidado - Demonstração do Resultado;REAL;MIL;ÚLTIMO;2024-03-01;2025-02-28;3.04.03;Perdas pela Não Recuperabilidade de Ativos;0.0000000000;S
64.904.295/0001-03;2025-02-28;1;CAMIL ALIMENTOS S.A.;024228;DF Consolidado - Demonstração do Resultado;REAL;MIL;PENÚLTIMO;2023-03-01;2024-02-28;3.04.04;Outras Receitas Operacionais;57234.0000000000;S
64.904.295/0001-03;2025-02-28;1;CAMIL ALIMENTOS S.A.;024228;DF Consolidado - Demonstração do Resultado;REAL;MIL;ÚLTIMO;2024-03-01;2025-02-28;3.04.04;Outras Receitas Operacionais;58291.0000000000;S
64.904.295/0001-03;2025-02-28;1;CAMIL ALIMENTOS S.A.;024228;DF Consolidado - Demonstração do Resultado;REAL;MIL;PENÚLTIMO;2023-03-01;2024-02-28;3.04.05;Outras Despesas Operacionais;0.0000000000;S
64.904.295/0001-03;2025-02-28;1;CAMIL ALIMENTOS S.A.;024228;DF Consolidado - Demonstração do Resultado;REAL;MIL;ÚLTIMO;2024-03-01;2025-02-28;3.04.05;Outras Despesas Operacionais;0.0000000000;S
64.904.295/0001-03;2025-02-28;1;CAMIL ALIMENTOS S.A.;024228;DF Consolidado - Demonstração do Resultado;REAL;MIL;PENÚLTIMO;2023-03-01;2024-02-28;3.04.06;Resultado de Equivalência Patrimonial;1083.0000000000;S
64.904.295/0001-03;2025-02-28;1;CAMIL ALIMENTOS S.A.;024228;DF Consolidado - Demonstração do Resultado;REAL;MIL;ÚLTIMO;2024-03-01;2025-02-28;3.04.06;Resultado de Equivalência Patrimonial;-4166.0000000000;S
64.904.295/0001-03;2025-02-28;1;CAMIL ALIMENTOS S.A.;024228;DF Consolidado - Demonstração do Resultado;REAL;MIL;PENÚLTIMO;2023-03-01;2024-02-28;3.05;Resultado Antes do Resultado Financeiro e dos Tributos;652098.0000000000;S
64.904.295/0001-03;2025-02-28;1;CAMIL ALIMENTOS S.A.;024228;DF Consolidado - Demonstração do Resultado;REAL;MIL;ÚLTIMO;2024-03-01;2025-02-28;3.05;Resultado Antes do Resultado Financeiro e dos Tributos;640999.0000000000;S
64.904.295/0001-03;2025-02-28;1;CAMIL ALIMENTOS S.A.;024228;DF Consolidado - Demonstração do Resultado;REAL;MIL;PENÚLTIMO;2023-03-01;2024-02-28;3.06;Resultado Financeiro;-423730.0000000000;S
64.904.295/0001-03;2025-02-28;1;CAMIL ALIMENTOS S.A.;024228;DF Consolidado - Demonstração do Resultado;REAL;MIL;ÚLTIMO;2024-03-01;2025-02-28;3.06;Resultado Financeiro;-464367.0000000000;S
64.904.295/0001-03;2025-02-28;1;CAMIL ALIMENTOS S.A.;024228;DF Consolidado - Demonstração do Resultado;REAL;MIL;PENÚLTIMO;2023-03-01;2024-02-28;3.06.01;Receitas Financeiras;332839.0000000000;S
64.904.295/0001-03;2025-02-28;1;CAMIL ALIMENTOS S.A.;024228;DF Consolidado - Demonstração do Resultado;REAL;MIL;ÚLTIMO;2024-03-01;2025-02-28;3.06.01;Receitas Financeiras;431657.0000000000;S
64.904.295/0001-03;2025-02-28;1;CAMIL ALIMENTOS S.A.;024228;DF Consolidado - Demonstração do Resultado;REAL;MIL;PENÚLTIMO;2023-03-01;2024-02-28;3.06.02;Despesas Financeiras;-756569.0000000000;S
64.904.295/0001-03;2025-02-28;1;CAMIL ALIMENTOS S.A.;024228;DF Consolidado - Demonstração do Resultado;REAL;MIL;ÚLTIMO;2024-03-01;2025-02-28;3.06.02;Despesas Financeiras;-896024.0000000000;S
64.904.295/0001-03;2025-02-28;1;CAMIL ALIMENTOS S.A.;024228;DF Consolidado - Demonstração do Resultado;REAL;MIL;PENÚLTIMO;2023-03-01;2024-02-28;3.07;Resultado Antes dos Tributos sobre o Lucro;228368.0000000000;S
64.904.295/0001-03;2025-02-28;1;CAMIL ALIMENTOS S.A.;024228;DF Consolidado - Demonstração do Resultado;REAL;MIL;ÚLTIMO;2024-03-01;2025-02-28;3.07;Resultado Antes dos Tributos sobre o Lucro;176632.0000000000;S
64.904.295/0001-03;2025-02-28;1;CAMIL ALIMENTOS S.A.;024228;DF Consolidado - Demonstração do Resultado;REAL;MIL;PENÚLTIMO;2023-03-01;2024-02-28;3.08;Imposto de Renda e Contribuição Social sobre o Lucro;132093.0000000000;S
64.904.295/0001-03;2025-02-28;1;CAMIL ALIMENTOS S.A.;024228;DF Consolidado - Demonstração do Resultado;REAL;MIL;ÚLTIMO;2024-03-01;2025-02-28;3.08;Imposto de Renda e Contribuição Social sobre o Lucro;40369.0000000000;S
64.904.295/0001-03;2025-02-28;1;CAMIL ALIMENTOS S.A.;024228;DF Consolidado - Demonstração do Resultado;REAL;MIL;PENÚLTIMO;2023-03-01;2024-02-28;3.08.01;Corrente;-16421.0000000000;S
64.904.295/0001-03;2025-02-28;1;CAMIL ALIMENTOS S.A.;024228;DF Consolidado - Demonstração do Resultado;REAL;MIL;ÚLTIMO;2024-03-01;2025-02-28;3.08.01;Corrente;-45519.0000000000;S
64.904.295/0001-03;2025-02-28;1;CAMIL ALIMENTOS S.A.;024228;DF Consolidado - Demonstração do Resultado;REAL;MIL;PENÚLTIMO;2023-03-01;2024-02-28;3.08.02;Diferido;148514.0000000000;S
64.904.295/0001-03;2025-02-28;1;CAMIL ALIMENTOS S.A.;024228;DF Consolidado - Demonstração do Resultado;REAL;MIL;ÚLTIMO;2024-03-01;2025-02-28;3.08.02;Diferido;85888.0000000000;S
64.904.295/0001-03;2025-02-28;1;CAMIL ALIMENTOS S.A.;024228;DF Consolidado - Demonstração do Resultado;REAL;MIL;PENÚLTIMO;2023-03-01;2024-02-28;3.09;Resultado Líquido das Operações Continuadas;360461.0000000000;S
64.904.295/0001-03;2025-02-28;1;CAMIL ALIMENTOS S.A.;024228;DF Consolidado - Demonstração do Resultado;REAL;MIL;ÚLTIMO;2024-03-01;2025-02-28;3.09;Resultado Líquido das Operações Continuadas;217001.0000000000;S
64.904.295/0001-03;2025-02-28;1;CAMIL ALIMENTOS S.A.;024228;DF Consolidado - Demonstração do Resultado;REAL;MIL;PENÚLTIMO;2023-03-01;2024-02-28;3.10;Resultado Líquido de Operações Descontinuadas;0.0000000000;S
64.904.295/0001-03;2025-02-28;1;CAMIL ALIMENTOS S.A.;024228;DF Consolidado - Demonstração do Resultado;REAL;MIL;ÚLTIMO;2024-03-01;2025-02-28;3.10;Resultado Líquido de Operações Descontinuadas;0.0000000000;S
64.904.295/0001-03;2025-02-28;1;CAMIL ALIMENTOS S.A.;024228;DF Consolidado - Demonstração do Resultado;REAL;MIL;PENÚLTIMO;2023-03-01;2024-02-28;3.10.01;Lucro/Prejuízo Líquido das Operações Descontinuadas;0.0000000000;S
64.904.295/0001-03;2025-02-28;1;CAMIL ALIMENTOS S.A.;024228;DF Consolidado - Demonstração do Resultado;REAL;MIL;ÚLTIMO;2024-03-01;2025-02-28;3.10.01;Lucro/Prejuízo Líquido das Operações Descontinuadas;0.0000000000;S
64.904.295/0001-03;2025-02-28;1;CAMIL ALIMENTOS S.A.;024228;DF Consolidado - Demonstração do Resultado;REAL;MIL;PENÚLTIMO;2023-03-01;2024-02-28;3.10.02;Ganhos/Perdas Líquidas sobre Ativos de Operações Descontinuadas;0.0000000000;S
64.904.295/0001-03;2025-02-28;1;CAMIL ALIMENTOS S.A.;024228;DF Consolidado - Demonstração do Resultado;REAL;MIL;ÚLTIMO;2024-03-01;2025-02-28;3.10.02;Ganhos/Perdas Líquidas sobre Ativos de Operações Descontinuadas;0.0000000000;S
64.904.295/0001-03;2025-02-28;1;CAMIL ALIMENTOS S.A.;024228;DF Consolidado - Demonstração do Resultado;REAL;MIL;PENÚLTIMO;2023-03-01;2024-02-28;3.11;Lucro/Prejuízo Consolidado do Período;360461.0000000000;S
64.904.295/0001-03;2025-02-28;1;CAMIL ALIMENTOS S.A.;024228;DF Consolidado - Demonstração do Resultado;REAL;MIL;ÚLTIMO;2024-03-01;2025-02-28;3.11;Lucro/Prejuízo Consolidado do Período;217001.0000000000;S
64.904.295/0001-03;2025-02-28;1;CAMIL ALIMENTOS S.A.;024228;DF Consolidado - Demonstração do Resultado;REAL;MIL;PENÚLTIMO;2023-03-01;2024-02-28;3.11.01;Atribuído a Sócios da Empresa Controladora;360337.0000000000;S
64.904.295/0001-03;2025-02-28;1;CAMIL ALIMENTOS S.A.;024228;DF Consolidado - Demonstração do Resultado;REAL;MIL;ÚLTIMO;2024-03-01;2025-02-28;3.11.01;Atribuído a Sócios da Empresa Controladora;216950.0000000000;S
64.904.295/0001-03;2025-02-28;1;CAMIL ALIMENTOS S.A.;024228;DF Consolidado - Demonstração do Resultado;REAL;MIL;PENÚLTIMO;2023-03-01;2024-02-28;3.11.02;Atribuído a Sócios Não Controladores;124.0000000000;S
64.904.295/0001-03;2025-02-28;1;CAMIL ALIMENTOS S.A.;024228;DF Consolidado - Demonstração do Resultado;REAL;MIL;ÚLTIMO;2024-03-01;2025-02-28;3.11.02;Atribuído a Sócios Não Controladores;51.0000000000;S
64.904.295/0001-03;2025-02-28;1;CAMIL ALIMENTOS S.A.;024228;DF Consolidado - Demonstração do Resultado;REAL;MIL;PENÚLTIMO;2023-03-01;2024-02-28;3.99;Lucro por Ação - (Reais / Ação);0.0000000000;N
64.904.295/0001-03;2025-02-28;1;CAMIL ALIMENTOS S.A.;024228;DF Consolidado - Demonstração do Resultado;REAL;MIL;ÚLTIMO;2024-03-01;2025-02-28;3.99;Lucro por Ação - (Reais / Ação);0.0000000000;N
64.904.295/0001-03;2025-02-28;1;CAMIL ALIMENTOS S.A.;024228;DF Consolidado - Demonstração do Resultado;REAL;MIL;PENÚLTIMO;2023-03-01;2024-02-28;3.99.01;Lucro Básico por Ação;0.0000000000;N
64.904.295/0001-03;2025-02-28;1;CAMIL ALIMENTOS S.A.;024228;DF Consolidado - Demonstração do Resultado;REAL;MIL;ÚLTIMO;2024-03-01;2025-02-28;3.99.01;Lucro Básico por Ação;0.0000000000;N
64.904.295/0001-03;2025-02-28;1;CAMIL ALIMENTOS S.A.;024228;DF Consolidado - Demonstração do Resultado;REAL;MIL;PENÚLTIMO;2023-03-01;2024-02-28;3.99.01.01;ON;0.0000000000;N
64.904.295/0001-03;2025-02-28;1;CAMIL ALIMENTOS S.A.;024228;DF Consolidado - Demonstração do Resultado;REAL;MIL;ÚLTIMO;2024-03-01;2025-02-28;3.99.01.01;ON;0.0000000000;N
64.904.295/0001-03;2025-02-28;1;CAMIL ALIMENTOS S.A.;024228;DF Consolidado - Demonstração do Resultado;REAL;MIL;PENÚLTIMO;2023-03-01;2024-02-28;3.99.02;Lucro Diluído por Ação;0.0000000000;N
64.904.295/0001-03;2025-02-28;1;CAMIL ALIMENTOS S.A.;024228;DF Consolidado - Demonstração do Resultado;REAL;MIL;ÚLTIMO;2024-03-01;2025-02-28;3.99.02;Lucro Diluído por Ação;0.0000000000;N
64.904.295/0001-03;2025-02-28;1;CAMIL ALIMENTOS S.A.;024228;DF Consolidado - Demonstração do Resultado;REAL;MIL;PENÚLTIMO;2023-03-01;2024-02-28;3.99.02.01;ON;0.0000000000;N
64.904.295/0001-03;2025-02-28;1;CAMIL ALIMENTOS S.A.;024228;DF Consolidado - Demonstração do Resultado;REAL;MIL;ÚLTIMO;2024-03-01;2025-02-28;3.99.02.01;ON;0.0000000000;N
88.613.658/0001-10;2025-06-30;1;PETTENATI S.A. INDUSTRIA TEXTIL;009539;DF Consolidado - Demonstração do Resultado;REAL;UNIDADE;PENÚLTIMO;2023-07-01;2024-06-30;3.01;Receita de Venda de Bens e/ou Serviços;746450281.0000000000;S
88.613.658/0001-10;2025-06-30;1;PETTENATI S.A. INDUSTRIA TEXTIL;009539;DF Consolidado - Demonstração do Resultado;REAL;UNIDADE;ÚLTIMO;2024-07-01;2025-06-30;3.01;Receita de Venda de Bens e/ou Serviços;854123394.0000000000;S
88.613.658/0001-10;2025-06-30;1;PETTENATI S.A. INDUSTRIA TEXTIL;009539;DF Consolidado - Demonstração do Resultado;REAL;UNIDADE;PENÚLTIMO;2023-07-01;2024-06-30;3.02;Custo dos Bens e/ou Serviços Vendidos;-632608454.0000000000;S
88.613.658/0001-10;2025-06-30;1;PETTENATI S.A. INDUSTRIA TEXTIL;009539;DF Consolidado - Demonstração do Resultado;REAL;UNIDADE;ÚLTIMO;2024-07-01;2025-06-30;3.02;Custo dos Bens e/ou Serviços Vendidos;-716234437.0000000000;S
88.613.658/0001-10;2025-06-30;1;PETTENATI S.A. INDUSTRIA TEXTIL;009539;DF Consolidado - Demonstração do Resultado;REAL;UNIDADE;PENÚLTIMO;2023-07-01;2024-06-30;3.03;Resultado Bruto;113841827.0000000000;S
88.613.658/0001-10;2025-06-30;1;PETTENATI S.A. INDUSTRIA TEXTIL;009539;DF Consolidado - Demonstração do Resultado;REAL;UNIDADE;ÚLTIMO;2024-07-01;2025-06-30;3.03;Resultado Bruto;137888957.0000000000;S
88.613.658/0001-10;2025-06-30;1;PETTENATI S.A. INDUSTRIA TEXTIL;009539;DF Consolidado - Demonstração do Resultado;REAL;UNIDADE;PENÚLTIMO;2023-07-01;2024-06-30;3.04;Despesas/Receitas Operacionais;-74320121.0000000000;S
88.613.658/0001-10;2025-06-30;1;PETTENATI S.A. INDUSTRIA TEXTIL;009539;DF Consolidado - Demonstração do Resultado;REAL;UNIDADE;ÚLTIMO;2024-07-01;2025-06-30;3.04;Despesas/Receitas Operacionais;-82988800.0000000000;S
88.613.658/0001-10;2025-06-30;1;PETTENATI S.A. INDUSTRIA TEXTIL;009539;DF Consolidado - Demonstração do Resultado;REAL;UNIDADE;PENÚLTIMO;2023-07-01;2024-06-30;3.04.01;Despesas com Vendas;-33244602.0000000000;S
88.613.658/0001-10;2025-06-30;1;PETTENATI S.A. INDUSTRIA TEXTIL;009539;DF Consolidado - Demonstração do Resultado;REAL;UNIDADE;ÚLTIMO;2024-07-01;2025-06-30;3.04.01;Despesas com Vendas;-37088269.0000000000;S
88.613.658/0001-10;2025-06-30;1;PETTENATI S.A. INDUSTRIA TEXTIL;009539;DF Consolidado - Demonstração do Resultado;REAL;UNIDADE;PENÚLTIMO;2023-07-01;2024-06-30;3.04.02;Despesas Gerais e Administrativas;-54540904.0000000000;S
88.613.658/0001-10;2025-06-30;1;PETTENATI S.A. INDUSTRIA TEXTIL;009539;DF Consolidado - Demonstração do Resultado;REAL;UNIDADE;ÚLTIMO;2024-07-01;2025-06-30;3.04.02;Despesas Gerais e Administrativas;-58536254.0000000000;S
88.613.658/0001-10;2025-06-30;1;PETTENATI S.A. INDUSTRIA TEXTIL;009539;DF Consolidado - Demonstração do Resultado;REAL;UNIDADE;PENÚLTIMO;2023-07-01;2024-06-30;3.04.03;Perdas pela Não Recuperabilidade de Ativos;-953684.0000000000;S
88.613.658/0001-10;2025-06-30;1;PETTENATI S.A. INDUSTRIA TEXTIL;009539;DF Consolidado - Demonstração do Resultado;REAL;UNIDADE;ÚLTIMO;2024-07-01;2025-06-30;3.04.03;Perdas pela Não Recuperabilidade de Ativos;633672.0000000000;S
88.613.658/0001-10;2025-06-30;1;PETTENATI S.A. INDUSTRIA TEXTIL;009539;DF Consolidado - Demonstração do Resultado;REAL;UNIDADE;PENÚLTIMO;2023-07-01;2024-06-30;3.04.04;Outras Receitas Operacionais;17011467.0000000000;S
88.613.658/0001-10;2025-06-30;1;PETTENATI S.A. INDUSTRIA TEXTIL;009539;DF Consolidado - Demonstração do Resultado;REAL;UNIDADE;ÚLTIMO;2024-07-01;2025-06-30;3.04.04;Outras Receitas Operacionais;17478552.0000000000;S
88.613.658/0001-10;2025-06-30;1;PETTENATI S.A. INDUSTRIA TEXTIL;009539;DF Consolidado - Demonstração do Resultado;REAL;UNIDADE;PENÚLTIMO;2023-07-01;2024-06-30;3.04.05;Outras Despesas Operacionais;-2592398.0000000000;S
88.613.658/0001-10;2025-06-30;1;PETTENATI S.A. INDUSTRIA TEXTIL;009539;DF Consolidado - Demonstração do Resultado;REAL;UNIDADE;ÚLTIMO;2024-07-01;2025-06-30;3.04.05;Outras Despesas Operacionais;-5476501.0000000000;S
88.613.658/0001-10;2025-06-30;1;PETTENATI S.A. INDUSTRIA TEXTIL;009539;DF Consolidado - Demonstração do Resultado;REAL;UNIDADE;PENÚLTIMO;2023-07-01;2024-06-30;3.04.06;Resultado de Equivalência Patrimonial;0.0000000000;S
88.613.658/0001-10;2025-06-30;1;PETTENATI S.A. INDUSTRIA TEXTIL;009539;DF Consolidado - Demonstração do Resultado;REAL;UNIDADE;ÚLTIMO;2024-07-01;2025-06-30;3.04.06;Resultado de Equivalência Patrimonial;0.0000000000;S
88.613.658/0001-10;2025-06-30;1;PETTENATI S.A. INDUSTRIA TEXTIL;009539;DF Consolidado - Demonstração do Resultado;REAL;UNIDADE;PENÚLTIMO;2023-07-01;2024-06-30;3.05;Resultado Antes do Resultado Financeiro e dos Tributos;39521706.0000000000;S
88.613.658/0001-10;2025-06-30;1;PETTENATI S.A. INDUSTRIA TEXTIL;009539;DF Consolidado - Demonstração do Resultado;REAL;UNIDADE;ÚLTIMO;2024-07-01;2025-06-30;3.05;Resultado Antes do Resultado Financeiro e dos Tributos;54900157.0000000000;S
88.613.658/0001-10;2025-06-30;1;PETTENATI S.A. INDUSTRIA TEXTIL;009539;DF Consolidado - Demonstração do Resultado;REAL;UNIDADE;PENÚLTIMO;2023-07-01;2024-06-30;3.06;Resultado Financeiro;-1990191.0000000000;S
88.613.658/0001-10;2025-06-30;1;PETTENATI S.A. INDUSTRIA TEXTIL;009539;DF Consolidado - Demonstração do Resultado;REAL;UNIDADE;ÚLTIMO;2024-07-01;2025-06-30;3.06;Resultado Financeiro;-5355769.0000000000;S
88.613.658/0001-10;2025-06-30;1;PETTENATI S.A. INDUSTRIA TEXTIL;009539;DF Consolidado - Demonstração do Resultado;REAL;UNIDADE;PENÚLTIMO;2023-07-01;2024-06-30;3.06.01;Receitas Financeiras;28603669.0000000000;S
88.613.658/0001-10;2025-06-30;1;PETTENATI S.A. INDUSTRIA TEXTIL;009539;DF Consolidado - Demonstração do Resultado;REAL;UNIDADE;ÚLTIMO;2024-07-01;2025-06-30;3.06.01;Receitas Financeiras;65533012.0000000000;S
88.613.658/0001-10;2025-06-30;1;PETTENATI S.A. INDUSTRIA TEXTIL;009539;DF Consolidado - Demonstração do Resultado;REAL;UNIDADE;PENÚLTIMO;2023-07-01;2024-06-30;3.06.02;Despesas Financeiras;-30593860.0000000000;S
88.613.658/0001-10;2025-06-30;1;PETTENATI S.A. INDUSTRIA TEXTIL;009539;DF Consolidado - Demonstração do Resultado;REAL;UNIDADE;ÚLTIMO;2024-07-01;2025-06-30;3.06.02;Despesas Financeiras;-70888781.0000000000;S
88.613.658/0001-10;2025-06-30;1;PETTENATI S.A. INDUSTRIA TEXTIL;009539;DF Consolidado - Demonstração do Resultado;REAL;UNIDADE;PENÚLTIMO;2023-07-01;2024-06-30;3.07;Resultado Antes dos Tributos sobre o Lucro;37531515.0000000000;S
88.613.658/0001-10;2025-06-30;1;PETTENATI S.A. INDUSTRIA TEXTIL;009539;DF Consolidado - Demonstração do Resultado;REAL;UNIDADE;ÚLTIMO;2024-07-01;2025-06-30;3.07;Resultado Antes dos Tributos sobre o Lucro;49544388.0000000000;S
88.613.658/0001-10;2025-06-30;1;PETTENATI S.A. INDUSTRIA TEXTIL;009539;DF Consolidado - Demonstração do Resultado;REAL;UNIDADE;PENÚLTIMO;2023-07-01;2024-06-30;3.08;Imposto de Renda e Contribuição Social sobre o Lucro;-3559879.0000000000;S
88.613.658/0001-10;2025-06-30;1;PETTENATI S.A. INDUSTRIA TEXTIL;009539;DF Consolidado - Demonstração do Resultado;REAL;UNIDADE;ÚLTIMO;2024-07-01;2025-06-30;3.08;Imposto de Renda e Contribuição Social sobre o Lucro;8224321.0000000000;S
88.613.658/0001-10;2025-06-30;1;PETTENATI S.A. INDUSTRIA TEXTIL;009539;DF Consolidado - Demonstração do Resultado;REAL;UNIDADE;PENÚLTIMO;2023-07-01;2024-06-30;3.08.01;Corrente;-8433329.0000000000;S
88.613.658/0001-10;2025-06-30;1;PETTENATI S.A. INDUSTRIA TEXTIL;009539;DF Consolidado - Demonstração do Resultado;REAL;UNIDADE;ÚLTIMO;2024-07-01;2025-06-30;3.08.01;Corrente;11636905.0000000000;S
88.613.658/0001-10;2025-06-30;1;PETTENATI S.A. INDUSTRIA TEXTIL;009539;DF Consolidado - Demonstração do Resultado;REAL;UNIDADE;PENÚLTIMO;2023-07-01;2024-06-30;3.08.02;Diferido;4873450.0000000000;S
88.613.658/0001-10;2025-06-30;1;PETTENATI S.A. INDUSTRIA TEXTIL;009539;DF Consolidado - Demonstração do Resultado;REAL;UNIDADE;ÚLTIMO;2024-07-01;2025-06-30;3.08.02;Diferido;-3412584.0000000000;S
88.613.658/0001-10;2025-06-30;1;PETTENATI S.A. INDUSTRIA TEXTIL;009539;DF Consolidado - Demonstração do Resultado;REAL;UNIDADE;PENÚLTIMO;2023-07-01;2024-06-30;3.09;Resultado Líquido das Operações Continuadas;33971636.0000000000;S
88.613.658/0001-10;2025-06-30;1;PETTENATI S.A. INDUSTRIA TEXTIL;009539;DF Consolidado - Demonstração do Resultado;REAL;UNIDADE;ÚLTIMO;2024-07-01;2025-06-30;3.09;Resultado Líquido das Operações Continuadas;57768709.0000000000;S
88.613.658/0001-10;2025-06-30;1;PETTENATI S.A. INDUSTRIA TEXTIL;009539;DF Consolidado - Demonstração do Resultado;REAL;UNIDADE;PENÚLTIMO;2023-07-01;2024-06-30;3.10;Resultado Líquido de Operações Descontinuadas;0.0000000000;S
88.613.658/0001-10;2025-06-30;1;PETTENATI S.A. INDUSTRIA TEXTIL;009539;DF Consolidado - Demonstração do Resultado;REAL;UNIDADE;ÚLTIMO;2024-07-01;2025-06-30;3.10;Resultado Líquido de Operações Descontinuadas;0.0000000000;S
88.613.658/0001-10;2025-06-30;1;PETTENATI S.A. INDUSTRIA TEXTIL;009539;DF Consolidado - Demonstração do Resultado;REAL;UNIDADE;PENÚLTIMO;2023-07-01;2024-06-30;3.10.01;Lucro/Prejuízo Líquido das Operações Descontinuadas;0.0000000000;S
88.613.658/0001-10;2025-06-30;1;PETTENATI S.A. INDUSTRIA TEXTIL;009539;DF Consolidado - Demonstração do Resultado;REAL;UNIDADE;ÚLTIMO;2024-07-01;2025-06-30;3.10.01;Lucro/Prejuízo Líquido das Operações Descontinuadas;0.0000000000;S
88.613.658/0001-10;2025-06-30;1;PETTENATI S.A. INDUSTRIA TEXTIL;009539;DF Consolidado - Demonstração do Resultado;REAL;UNIDADE;PENÚLTIMO;2023-07-01;2024-06-30;3.10.02;Ganhos/Perdas Líquidas sobre Ativos de Operações Descontinuadas;0.0000000000;S
88.613.658/0001-10;2025-06-30;1;PETTENATI S.A. INDUSTRIA TEXTIL;009539;DF Consolidado - Demonstração do Resultado;REAL;UNIDADE;ÚLTIMO;2024-07-01;2025-06-30;3.10.02;Ganhos/Perdas Líquidas sobre Ativos de Operações Descontinuadas;0.0000000000;S
88.613.658/0001-10;2025-06-30;1;PETTENATI S.A. INDUSTRIA TEXTIL;009539;DF Consolidado - Demonstração do Resultado;REAL;UNIDADE;PENÚLTIMO;2023-07-01;2024-06-30;3.11;Lucro/Prejuízo Consolidado do Período;33971636.0000000000;S
88.613.658/0001-10;2025-06-30;1;PETTENATI S.A. INDUSTRIA TEXTIL;009539;DF Consolidado - Demonstração do Resultado;REAL;UNIDADE;ÚLTIMO;2024-07-01;2025-06-30;3.11;Lucro/Prejuízo Consolidado do Período;57768709.0000000000;S
88.613.658/0001-10;2025-06-30;1;PETTENATI S.A. INDUSTRIA TEXTIL;009539;DF Consolidado - Demonstração do Resultado;REAL;UNIDADE;PENÚLTIMO;2023-07-01;2024-06-30;3.11.01;Atribuído a Sócios da Empresa Controladora;19210788.0000000000;S
88.613.658/0001-10;2025-06-30;1;PETTENATI S.A. INDUSTRIA TEXTIL;009539;DF Consolidado - Demonstração do Resultado;REAL;UNIDADE;ÚLTIMO;2024-07-01;2025-06-30;3.11.01;Atribuído a Sócios da Empresa Controladora;42497560.0000000000;S
88.613.658/0001-10;2025-06-30;1;PETTENATI S.A. INDUSTRIA TEXTIL;009539;DF Consolidado - Demonstração do Resultado;REAL;UNIDADE;PENÚLTIMO;2023-07-01;2024-06-30;3.11.02;Atribuído a Sócios Não Controladores;14760848.0000000000;S
88.613.658/0001-10;2025-06-30;1;PETTENATI S.A. INDUSTRIA TEXTIL;009539;DF Consolidado - Demonstração do Resultado;REAL;UNIDADE;ÚLTIMO;2024-07-01;2025-06-30;3.11.02;Atribuído a Sócios Não Controladores;15271149.0000000000;S
88.613.658/0001-10;2025-06-30;1;PETTENATI S.A. INDUSTRIA TEXTIL;009539;DF Consolidado - Demonstração do Resultado;REAL;UNIDADE;PENÚLTIMO;2023-07-01;2024-06-30;3.99;Lucro por Ação - (Reais / Ação);0.0000000000;N
88.613.658/0001-10;2025-06-30;1;PETTENATI S.A. INDUSTRIA TEXTIL;009539;DF Consolidado - Demonstração do Resultado;REAL;UNIDADE;ÚLTIMO;2024-07-01;2025-06-30;3.99;Lucro por Ação - (Reais / Ação);0.0000000000;N
88.613.658/0001-10;2025-06-30;1;PETTENATI S.A. INDUSTRIA TEXTIL;009539;DF Consolidado - Demonstração do Resultado;REAL;UNIDADE;PENÚLTIMO;2023-07-01;2024-06-30;3.99.01;Lucro Básico por Ação;0.0000000000;N
88.613.658/0001-10;2025-06-30;1;PETTENATI S.A. INDUSTRIA TEXTIL;009539;DF Consolidado - Demonstração do Resultado;REAL;UNIDADE;ÚLTIMO;2024-07-01;2025-06-30;3.99.01;Lucro Básico por Ação;0.0000000000;N
88.613.658/0001-10;2025-06-30;1;PETTENATI S.A. INDUSTRIA TEXTIL;009539;DF Consolidado - Demonstração do Resultado;REAL;UNIDADE;PENÚLTIMO;2023-07-01;2024-06-30;3.99.01.01;ON;0.3998400000;N
88.613.658/0001-10;2025-06-30;1;PETTENATI S.A. INDUSTRIA TEXTIL;009539;DF Consolidado - Demonstração do Resultado;REAL;UNIDADE;ÚLTIMO;2024-07-01;2025-06-30;3.99.01.01;ON;0.8845100000;N
88.613.658/0001-10;2025-06-30;1;PETTENATI S.A. INDUSTRIA TEXTIL;009539;DF Consolidado - Demonstração do Resultado;REAL;UNIDADE;PENÚLTIMO;2023-07-01;2024-06-30;3.99.01.02;PN;0.3998400000;N
88.613.658/0001-10;2025-06-30;1;PETTENATI S.A. INDUSTRIA TEXTIL;009539;DF Consolidado - Demonstração do Resultado;REAL;UNIDADE;ÚLTIMO;2024-07-01;2025-06-30;3.99.01.02;PN;0.8845100000;N
88.613.658/0001-10;2025-06-30;1;PETTENATI S.A. INDUSTRIA TEXTIL;009539;DF Consolidado - Demonstração do Resultado;REAL;UNIDADE;PENÚLTIMO;2023-07-01;2024-06-30;3.99.02;Lucro Diluído por Ação;0.0000000000;N
88.613.658/0001-10;2025-06-30;1;PETTENATI S.A. INDUSTRIA TEXTIL;009539;DF Consolidado - Demonstração do Resultado;REAL;UNIDADE;ÚLTIMO;2024-07-01;2025-06-30;3.99.02;Lucro Diluído por Ação;0.0000000000;N
88.613.658/0001-10;2025-06-30;1;PETTENATI S.A. INDUSTRIA TEXTIL;009539;DF Consolidado - Demonstração do Resultado;REAL;UNIDADE;PENÚLTIMO;2023-07-01;2024-06-30;3.99.02.01;ON;0.3998400000;N
88.613.658/0001-10;2025-06-30;1;PETTENATI S.A. INDUSTRIA TEXTIL;009539;DF Consolidado - Demonstração do Resultado;REAL;UNIDADE;ÚLTIMO;2024-07-01;2025-06-30;3.99.02.01;ON;0.8845100000;N
88.613.658/0001-10;2025-06-30;1;PETTENATI S.A. INDUSTRIA TEXTIL;009539;DF Consolidado - Demonstração do Resultado;REAL;UNIDADE;PENÚLTIMO;2023-07-01;2024-06-30;3.99.02.02;PN;0.3998400000;N
88.613.658/0001-10;2025-06-30;1;PETTENATI S.A. INDUSTRIA TEXTIL;009539;DF Consolidado - Demonstração do Resultado;REAL;UNIDADE;ÚLTIMO;2024-07-01;2025-06-30;3.99.02.02;PN;0.8845100000;N
